_index,id,occupation,heroType,rare,rare2,rare3,isShow,isAdvanced,advanced,advancedGoods,advancedSkin,mimicry,evolution,exclusiveGift,recruitItem,goodExp,extraCost,goodLimit,max,maxSkill,development,skillLimit,normalAttack,skill1,skill2,skill3,skill4,changeLimit,skin,slugRecommend,recruitVideo,attackAuto,flyObj,hitEff,powerStar,powerIcon,npcPic,favorLimit,favorGoods,name,jName,tName,label,recruit,number,myth,poewr,career,personality,hobby,birthday,description,story1,story2,story3,height,birth,age,birthplace,hate,sex,coreAttribute,fightStyle
0,240030,1,3,2,0,0,1,0,0,,0,0,0,210020,1240030,30|5|5|5|5|5|5|10|10|10|10|10|10|0|0|0|0|0|0|0|0|0|0|0|0,212001;0|212001;0|212001;0|212001;0|212001;0|212001;0|212001;0|212001;0|212001;0|212001;0|212001;0|212001;0|212001;0|212001;0|212001;0|212001;0|212001;0|212001;0|212001;10000|212001;0|212001;0|212001;0|212001;0|212001;0|212001;0,14,58613;180;4212;65614;3052;104,240030003;240030202;240030102,110000560;600;0|110000550;15;0|110000560;300;0,3,24003000,240030001,240030201,240030101,0,14,24003000,2700020;2700026;2700041;2700042;2700043,,attack1,hero_037q_attack1_dandao,hero_037q_attack1_hit_afk,1003,flag_1003,24003000,10000,700001;700006;700016;700021,hero_title240030,hero_title240030,hero2400301,hero_label_2400301;hero_label_2400302,hero_zm_240030,hero_bh_240030,hero_sh_240030,hero_sl_240030,hero_zy_240030,hero_rg_240030,hero_xh_240030,hero_sr_240030,hero_js_240030,hero_s1_240030,hero_s2_240030,hero_s3_240030,hero2400304,hero2400305,hero2400306,hero2400307,hero2400308,hero_nv,106,0
1,240031,1,4,3,0,0,1,0,0,,0,0,1,210021,1240031,60|10|10|10|10|10|10|20|20|20|20|20|20|30|30|30|30|30|30|40|40|40|40|40|40|60|60|60|60|60|60|80|80|80|80|80|80,"212001;0|212001;0|212001;0|212001;0|212001;0|212001;0|212001;0|212001;0|212001;0|212001;0|212001;0|212001;0|212001;2000|212001;0|212001;0|212001;0|212001;0|212001;0|212001;4000|212001;0|212001;0|212001;0|212001;0|212001;0|212001;10000|212001;0|212001;0|212001;0|212001;0|212001;0|212001;15000,200031;10|212001;0|212001;0|212001;0|212001;0|212001;0|212001;15000,200031;10|212001;0|212001;0|212001;0|212001;0|212001;0|212001;15000,200031;10|212001;0|212001;0|212001;0|212001;0|212001;0|212001;15000,200031;10",44,1575459;380;56216;1232103;6927;304,240031004;240031303;240031103;240031204,110000560;1200;0|110000550;25;0|110000560;480;0|110000550;55;0|110000560;840;0|110000550;85;0|110000560;1200;0,4,24003100,240031001,240031301,240031101,240031201,44,24003100,2700020;2700026;2700041;2700042;2700043,,attack,hero_044q_attack1_dandao,hero_044q_attack,1003,flag_1003,24003100,10000,700005;700012;700018;700023,hero_title240031,hero_title240031,hero2400311,hero_label_2400311;hero_label_2400312,hero_zm_240031,hero_bh_240031,hero_sh_240031,hero_sl_240031,hero_zy_240031,hero_rg_240031,hero_xh_240031,hero_sr_240031,hero_js_240031,hero_s1_240031,hero_s2_240031,hero_s3_240031,hero2400314,hero2400315,hero2400316,hero2400317,hero2400318,hero_nan,110,1
2,240032,2,3,3,0,0,1,0,0,,0,0,1,210022,1240032,60|10|10|10|10|10|10|20|20|20|20|20|20|30|30|30|30|30|30|40|40|40|40|40|40|60|60|60|60|60|60|80|80|80|80|80|80,"212001;0|212001;0|212001;0|212001;0|212001;0|212001;0|212001;0|212001;0|212001;0|212001;0|212001;0|212001;0|212001;2000|212001;0|212001;0|212001;0|212001;0|212001;0|212001;4000|212001;0|212001;0|212001;0|212001;0|212001;0|212001;10000|212001;0|212001;0|212001;0|212001;0|212001;0|212001;15000,200031;10|212001;0|212001;0|212001;0|212001;0|212001;0|212001;15000,200031;10|212001;0|212001;0|212001;0|212001;0|212001;0|212001;15000,200031;10|212001;0|212001;0|212001;0|212001;0|212001;0|212001;15000,200031;10",44,1932161;380;127100;936240;5407;107,240032004;240032303;240032103;240032204,110000550;100;0|110000560;300;0|110000550;40;0|110000560;660;0|110000550;70;0|110000560;1020;0|110000550;100;0,4,24003200,240032001,240032301,240032101,240032201,44,24003200,2700013;2700015;2700031;2700034;2700037,,attack1,hero_004q_attack1_dandao,hero_004q_attack1_hit_afk,1003,flag_1002,24003200,10000,700001;700015;700018;700029,hero_title240032,hero_title240032,hero2400321,hero_label_2400321;hero_label_2400322,hero_zm_240032,hero_bh_240032,hero_sh_240032,hero_sl_240032,hero_zy_240032,hero_rg_240032,hero_xh_240032,hero_sr_240032,hero_js_240032,hero_s1_240032,hero_s2_240032,hero_s3_240032,hero2400324,hero2400325,hero2400326,hero2400327,hero2400328,hero_nv,109,0
3,240034,2,4,3,0,0,1,0,0,,0,0,1,210024,1240034,60|10|10|10|10|10|10|20|20|20|20|20|20|30|30|30|30|30|30|40|40|40|40|40|40|60|60|60|60|60|60|80|80|80|80|80|80,"212001;0|212001;0|212001;0|212001;0|212001;0|212001;0|212001;0|212001;0|212001;0|212001;0|212001;0|212001;0|212001;2000|212001;0|212001;0|212001;0|212001;0|212001;0|212001;4000|212001;0|212001;0|212001;0|212001;0|212001;0|212001;10000|212001;0|212001;0|212001;0|212001;0|212001;0|212001;15000,200031;10|212001;0|212001;0|212001;0|212001;0|212001;0|212001;15000,200031;10|212001;0|212001;0|212001;0|212001;0|212001;0|212001;15000,200031;10|212001;0|212001;0|212001;0|212001;0|212001;0|212001;15000,200031;10",44,1921281;380;129456;908538;5411;309,240034004;240034303;240034103;240034204,110000550;100;0|110000560;300;0|110000550;40;0|110000560;660;0|110000550;70;0|110000560;1020;0|110000550;100;0,4,24003400,240034001,240034301,240034101,240034201,44,24003400,2700013;2700031;2700037;2700040,,attack1,hero_047q_attack1_dandao,hero_047q_attack1_hit_afk,1003,flag_1011,24003400,10000,700002;700009;700010;700028,hero_title240034,hero_title240034,hero2400341,hero_label_2400341;hero_label_2400342,hero_zm_240034,hero_bh_240034,hero_sh_240034,hero_sl_240034,hero_zy_240034,hero_rg_240034,hero_xh_240034,hero_sr_240034,hero_js_240034,hero_s1_240034,hero_s2_240034,hero_s3_240034,hero2400344,hero2400345,hero2400346,hero2400347,hero2400348,hero_nv,103,0
4,240035,2,4,3,0,0,1,0,0,,0,0,1,210031,1240035,60|10|10|10|10|10|10|20|20|20|20|20|20|30|30|30|30|30|30|40|40|40|40|40|40|60|60|60|60|60|60|80|80|80|80|80|80,"212001;0|212001;0|212001;0|212001;0|212001;0|212001;0|212001;0|212001;0|212001;0|212001;0|212001;0|212001;0|212001;2000|212001;0|212001;0|212001;0|212001;0|212001;0|212001;4000|212001;0|212001;0|212001;0|212001;0|212001;0|212001;10000|212001;0|212001;0|212001;0|212001;0|212001;0|212001;15000,200031;10|212001;0|212001;0|212001;0|212001;0|212001;0|212001;15000,200031;10|212001;0|212001;0|212001;0|212001;0|212001;0|212001;15000,200031;10|212001;0|212001;0|212001;0|212001;0|212001;0|212001;15000,200031;10",44,1952620;380;129691;936631;5412;104,240035003;240035303;240035104;240035204,110000550;100;0|110000560;300;0|110000550;40;0|110000560;660;0|110000550;70;0|110000560;1020;0|110000550;100;0,4,24003500,240035001,240035301,240035101,240035201,44,24003500,2700013;2700031;2700037,,attack1,hero_055q_attack1_dandao,hero_055q_attack1_hit_afk,1003,flag_1011,24003500,10000,700005;700007;700016;700021,hero_title240035,hero_title240035,hero2400351,hero_label_2400351;hero_label_2400352,hero_zm_240035,hero_bh_240035,hero_sh_240035,hero_sl_240035,hero_zy_240035,hero_rg_240035,hero_xh_240035,hero_sr_240035,hero_js_240035,hero_s1_240035,hero_s2_240035,hero_s3_240035,hero2400354,hero2400355,hero2400356,hero2400357,hero2400358,hero_nv,107,0
5,240037,3,2,3,1,1,1,0,0,,0,0,1,210032,1240037,60|10|10|10|10|10|10|20|20|20|20|20|20|30|30|30|30|30|30|40|40|40|40|40|40|60|60|60|60|60|60|80|80|80|80|80|80,"212001;0|212001;0|212001;0|212001;0|212001;0|212001;0|212001;0|212001;0|212001;0|212001;0|212001;0|212001;0|212001;2000|212001;0|212001;0|212001;0|212001;0|212001;0|212001;4000|212001;0|212001;0|212001;0|212001;0|212001;0|212001;10000|212001;0|212001;0|212001;0|212001;0|212001;0|212001;15000,200031;10|212001;0|212001;0|212001;0|212001;0|212001;0|212001;15000,200031;10|212001;0|212001;0|212001;0|212001;0|212001;0|212001;15000,200031;10|212001;0|212001;0|212001;0|212001;0|212001;0|212001;15000,200031;10",44,2652910;380;158748;1103766;6163;104,240037003;240037303;240037104;240037204,110000550;100;0|110000560;300;0|110000550;40;0|110000560;660;0|110000550;70;0|110000560;1020;0|110000550;100;0,4,24003700,240037001,240037301,240037101,240037201,44,24003700,2700013;2700025;2700030;2700035,,attack,hero_022q_attack1_dandao,hero_022q_attack,1003,flag_1011,24003700,10000,700004;700009;700019;700030,hero_title240037,hero_title240037,hero2400371,hero_label_2400371;hero_label_2400372,hero_zm_240037,hero_bh_240037,hero_sh_240037,hero_sl_240037,hero_zy_240037,hero_rg_240037,hero_xh_240037,hero_sr_240037,hero_js_240037,hero_s1_240037,hero_s2_240037,hero_s3_240037,hero2400374,hero2400375,hero2400376,hero2400377,hero2400378,hero_nv,104,1
6,240038,3,1,3,0,0,1,0,0,,0,0,1,210026,1240038,60|10|10|10|10|10|10|20|20|20|20|20|20|30|30|30|30|30|30|40|40|40|40|40|40|60|60|60|60|60|60|80|80|80|80|80|80,"212001;0|212001;0|212001;0|212001;0|212001;0|212001;0|212001;0|212001;0|212001;0|212001;0|212001;0|212001;0|212001;2000|212001;0|212001;0|212001;0|212001;0|212001;0|212001;4000|212001;0|212001;0|212001;0|212001;0|212001;0|212001;10000|212001;0|212001;0|212001;0|212001;0|212001;0|212001;15000,200031;10|212001;0|212001;0|212001;0|212001;0|212001;0|212001;15000,200031;10|212001;0|212001;0|212001;0|212001;0|212001;0|212001;15000,200031;10|212001;0|212001;0|212001;0|212001;0|212001;0|212001;15000,200031;10",44,1930068;380;123222;954416;5510;101,240038004;240038303;240038103;240038204,110000550;100;0|110000560;300;0|110000550;40;0|110000560;660;0|110000550;70;0|110000560;1020;0|110000550;100;0,4,24003800,240038001,240038301,240038101,240038201,44,24003800,2700012;2700013;2700030;2700034;2700035,,attack,hero_038q_attack1_dandao,hero_038q_attack,1003,flag_1003,24003800,10000,700003;700020;700010;700021,hero_title240038,hero_title240038,hero2400381,hero_label_2400381;hero_label_2400382,hero_zm_240038,hero_bh_240038,hero_sh_240038,hero_sl_240038,hero_zy_240038,hero_rg_240038,hero_xh_240038,hero_sr_240038,hero_js_240038,hero_s1_240038,hero_s2_240038,hero_s3_240038,hero2400384,hero2400385,hero2400386,hero2400387,hero2400388,hero_nv,110,1
7,240039,4,1,3,0,0,1,0,0,,0,0,1,210027,1240039,60|10|10|10|10|10|10|20|20|20|20|20|20|30|30|30|30|30|30|40|40|40|40|40|40|60|60|60|60|60|60|80|80|80|80|80|80,"212001;0|212001;0|212001;0|212001;0|212001;0|212001;0|212001;0|212001;0|212001;0|212001;0|212001;0|212001;0|212001;2000|212001;0|212001;0|212001;0|212001;0|212001;0|212001;4000|212001;0|212001;0|212001;0|212001;0|212001;0|212001;10000|212001;0|212001;0|212001;0|212001;0|212001;0|212001;15000,200031;10|212001;0|212001;0|212001;0|212001;0|212001;0|212001;15000,200031;10|212001;0|212001;0|212001;0|212001;0|212001;0|212001;15000,200031;10|212001;0|212001;0|212001;0|212001;0|212001;0|212001;15000,200031;10",44,1879779;380;93746;1369977;5828;201,240039004;240039303;240039104;240039203,110000560;1200;0|110000550;25;0|110000560;480;0|110000550;55;0|110000560;840;0|110000550;85;0|110000560;1200;0,4,24003900,240039001,240039301,240039101,240039201,44,24003900,2700014;2700026;2700028;2700038,,attack1,hero_066q_attack1_dandao,hero_066q_attack1_hit_afk,1003,flag_1011,24003900,10000,700003;700011;700018;700022,hero_title240039,hero_title240039,hero2400391,hero_label_2400391;hero_label_2400392,hero_zm_240039,hero_bh_240039,hero_sh_240039,hero_sl_240039,hero_zy_240039,hero_rg_240039,hero_xh_240039,hero_sr_240039,hero_js_240039,hero_s1_240039,hero_s2_240039,hero_s3_240039,hero2400394,hero2400395,hero2400396,hero2400397,hero2400398,hero_nv,112,0
8,240040,2,2,2,0,0,1,0,0,,0,0,0,210028,1240040,30|5|5|5|5|5|5|10|10|10|10|10|10|0|0|0|0|0|0|0|0|0|0|0|0,212001;0|212001;0|212001;0|212001;0|212001;0|212001;0|212001;0|212001;0|212001;0|212001;0|212001;0|212001;0|212001;0|212001;0|212001;0|212001;0|212001;0|212001;0|212001;10000|212001;0|212001;0|212001;0|212001;0|212001;0|212001;0,14,68760;180;8422;50794;2261;103,240040003;240040202;240040102,110000550;50;0|110000560;180;0|110000550;25;0,3,24004000,240040001,240040201,240040101,0,14,24004000,2700013;2700031;2700037,,attack,hero_026q_attack1_dandao,hero_026q_attack,1003,flag_1011,24004000,10000,700004;700017;700007;700024,hero_title240040,hero_title240040,hero2400401,hero_label_2400401;hero_label_2400402,hero_zm_240040,hero_bh_240040,hero_sh_240040,hero_sl_240040,hero_zy_240040,hero_rg_240040,hero_xh_240040,hero_sr_240040,hero_js_240040,hero_s1_240040,hero_s2_240040,hero_s3_240040,hero2400404,hero2400405,hero2400406,hero2400407,hero2400408,hero_nv,104,1
9,240041,4,1,3,0,0,1,0,0,,0,0,1,210029,1240041,60|10|10|10|10|10|10|20|20|20|20|20|20|30|30|30|30|30|30|40|40|40|40|40|40|60|60|60|60|60|60|80|80|80|80|80|80,"212001;0|212001;0|212001;0|212001;0|212001;0|212001;0|212001;0|212001;0|212001;0|212001;0|212001;0|212001;0|212001;2000|212001;0|212001;0|212001;0|212001;0|212001;0|212001;4000|212001;0|212001;0|212001;0|212001;0|212001;0|212001;10000|212001;0|212001;0|212001;0|212001;0|212001;0|212001;15000,200031;10|212001;0|212001;0|212001;0|212001;0|212001;0|212001;15000,200031;10|212001;0|212001;0|212001;0|212001;0|212001;0|212001;15000,200031;10|212001;0|212001;0|212001;0|212001;0|212001;0|212001;15000,200031;10",44,1893868;380;90886;1410976;6012;104,240041004;240041303;240041103;240041204,110000560;1200;0|110000550;25;0|110000560;480;0|110000550;55;0|110000560;840;0|110000550;85;0|110000560;1200;0,4,10000,240041001,240041301,240041101,240041201,44,24004100,2700014;2700026;2700028;2700038,,attack1,hero_049q_attack1_dandao,hero_049q_attack1_hit_afk,1003,flag_1008,24004100,10000,700003;700017;700018;700029,hero_title240041,hero_title240041,hero2400411,hero_label_2400411;hero_label_2400412,hero_zm_240041,hero_bh_240041,hero_sh_240041,hero_sl_240041,hero_zy_240041,hero_rg_240041,hero_xh_240041,hero_sr_240041,hero_js_240041,hero_s1_240041,hero_s2_240041,hero_s3_240041,hero2400504,hero2400505,hero2400506,hero2400507,hero2400508,hero_nv,112,0
10,240042,1,2,3,0,0,1,0,0,,0,0,1,210030,1240042,60|10|10|10|10|10|10|20|20|20|20|20|20|30|30|30|30|30|30|40|40|40|40|40|40|60|60|60|60|60|60|80|80|80|80|80|80,"212001;0|212001;0|212001;0|212001;0|212001;0|212001;0|212001;0|212001;0|212001;0|212001;0|212001;0|212001;0|212001;2000|212001;0|212001;0|212001;0|212001;0|212001;0|212001;4000|212001;0|212001;0|212001;0|212001;0|212001;0|212001;10000|212001;0|212001;0|212001;0|212001;0|212001;0|212001;15000,200031;10|212001;0|212001;0|212001;0|212001;0|212001;0|212001;15000,200031;10|212001;0|212001;0|212001;0|212001;0|212001;0|212001;15000,200031;10|212001;0|212001;0|212001;0|212001;0|212001;0|212001;15000,200031;10",44,1456744;380;56925;1229719;6959;304,240042004;240042303;240042103;240042204,110000560;1200;0|110000550;25;0|110000560;480;0|110000550;55;0|110000560;840;0|110000550;85;0|110000560;1200;0,4,24004200,240042001,240042301,240042101,240042201,44,24004200,2700020;2700026;2700041;2700042;2700043,,attack1,hero_039q_attack1_dandao,hero_039q_attack1_hit_afk,1003,flag_1003,24004200,10000,700004;700017;700010;700030,hero_title240042,hero_title240042,hero2400421,hero_label_2400421;hero_label_2400422,hero_zm_240042,hero_bh_240042,hero_sh_240042,hero_sl_240042,hero_zy_240042,hero_rg_240042,hero_xh_240042,hero_sr_240042,hero_js_240042,hero_s1_240042,hero_s2_240042,hero_s3_240042,hero2400604,hero2400605,hero2400606,hero2400607,hero2400608,hero_nv,101,0
11,240043,3,1,2,0,0,1,0,0,,0,0,0,210033,1240043,30|5|5|5|5|5|5|10|10|10|10|10|10|0|0|0|0|0|0|0|0|0|0|0|0,212001;0|212001;0|212001;0|212001;0|212001;0|212001;0|212001;0|212001;0|212001;0|212001;0|212001;0|212001;0|212001;0|212001;0|212001;0|212001;0|212001;0|212001;0|212001;10000|212001;0|212001;0|212001;0|212001;0|212001;0|212001;0,14,68760;180;8422;50794;2261;102,240043003;240043202;240043102,110000550;50;0|110000560;180;0|110000550;25;0,3,24004300,240043001,240043201,240043101,0,14,24004300,2700013;2700030;2700035;2700036,,attack,hero_021q_attack1_dandao,hero_021q_attack,1003,flag_1005,24004300,10000,700003;700014;700018;700023,hero_title240043,hero_title240043,hero2400431,hero_label_2400431;hero_label_2400432,hero_zm_240043,hero_bh_240043,hero_sh_240043,hero_sl_240043,hero_zy_240043,hero_rg_240043,hero_xh_240043,hero_sr_240043,hero_js_240043,hero_s1_240043,hero_s2_240043,hero_s3_240043,hero2400704,hero2400705,hero2400706,hero2400707,hero2400708,hero_nv,104,1
12,240044,1,4,2,0,0,1,0,0,,0,0,0,210034,1240044,30|5|5|5|5|5|5|10|10|10|10|10|10|0|0|0|0|0|0|0|0|0|0|0|0,212001;0|212001;0|212001;0|212001;0|212001;0|212001;0|212001;0|212001;0|212001;0|212001;0|212001;0|212001;0|212001;0|212001;0|212001;0|212001;0|212001;0|212001;0|212001;10000|212001;0|212001;0|212001;0|212001;0|212001;0|212001;0,14,58199;180;4123;65563;3109;101,240044003;240044202;240044102,110000560;600;0|110000550;15;0|110000560;300;0,3,24004400,240044001,240044201,240044101,0,14,24004400,2700020;2700026;2700041;2700042;2700043,,attack1,hero_033q_attack1_dandao,hero_033q_attack1_hit_afk,1003,flag_1009,24004400,10000,700005;700011;700015;700022,hero_title240044,hero_title240044,hero2400441,hero_label_2400441;hero_label_2400442,hero_zm_240044,hero_bh_240044,hero_sh_240044,hero_sl_240044,hero_zy_240044,hero_rg_240044,hero_xh_240044,hero_sr_240044,hero_js_240044,hero_s1_240044,hero_s2_240044,hero_s3_240044,hero2400804,hero2400805,hero2400806,hero2400807,hero2400808,hero_nv,110,0
13,240045,4,3,3,0,0,1,0,0,,0,0,1,210035,1240045,60|10|10|10|10|10|10|20|20|20|20|20|20|30|30|30|30|30|30|40|40|40|40|40|40|60|60|60|60|60|60|80|80|80|80|80|80,"212001;0|212001;0|212001;0|212001;0|212001;0|212001;0|212001;0|212001;0|212001;0|212001;0|212001;0|212001;0|212001;2000|212001;0|212001;0|212001;0|212001;0|212001;0|212001;4000|212001;0|212001;0|212001;0|212001;0|212001;0|212001;10000|212001;0|212001;0|212001;0|212001;0|212001;0|212001;15000,200031;10|212001;0|212001;0|212001;0|212001;0|212001;0|212001;15000,200031;10|212001;0|212001;0|212001;0|212001;0|212001;0|212001;15000,200031;10|212001;0|212001;0|212001;0|212001;0|212001;0|212001;15000,200031;10",44,1878789;380;91841;1397424;5824;101,240045004;240045303;240045103;240045204,110000560;1200;0|110000550;25;0|110000560;480;0|110000550;55;0|110000560;840;0|110000550;85;0|110000560;1200;0,4,24004500,240045001,240045301,240045101,240045201,44,24004500,2700014;2700026;2700028;2700038,,attack1,hero_005q_attack1_dandao,hero_005q_attack1_hit_afk,1003,flag_1009,24004500,10000,700001;700011;700017;700027,hero_title240045,hero_title240045,hero2400451,hero_label_2400451;hero_label_2400452,hero_zm_240045,hero_bh_240045,hero_sh_240045,hero_sl_240045,hero_zy_240045,hero_rg_240045,hero_xh_240045,hero_sr_240045,hero_js_240045,hero_s1_240045,hero_s2_240045,hero_s3_240045,hero2400904,hero2400905,hero2400906,hero2400907,hero2400908,hero_nv,105,0
14,240046,3,1,3,0,0,1,0,0,,0,0,1,210036,1240046,60|10|10|10|10|10|10|20|20|20|20|20|20|30|30|30|30|30|30|40|40|40|40|40|40|60|60|60|60|60|60|80|80|80|80|80|80,"212001;0|212001;0|212001;0|212001;0|212001;0|212001;0|212001;0|212001;0|212001;0|212001;0|212001;0|212001;0|212001;2000|212001;0|212001;0|212001;0|212001;0|212001;0|212001;4000|212001;0|212001;0|212001;0|212001;0|212001;0|212001;10000|212001;0|212001;0|212001;0|212001;0|212001;0|212001;15000,200031;10|212001;0|212001;0|212001;0|212001;0|212001;0|212001;15000,200031;10|212001;0|212001;0|212001;0|212001;0|212001;0|212001;15000,200031;10|212001;0|212001;0|212001;0|212001;0|212001;0|212001;15000,200031;10",44,1932161;380;127100;936240;5407;204,240046003;240046303;240046104;240046204,110000550;100;0|110000560;300;0|110000550;40;0|110000560;660;0|110000550;70;0|110000560;1020;0|110000550;100;0,4,24004600,240046001,240046301,240046101,240046201,44,24004600,2700012;2700013;2700030;2700034;2700035;2700036,,attack,hero_007q_attack1_dandao,hero_007q_attack,1003,flag_1003,24004600,10000,700003;700012;700018;700026,hero_title240046,hero_title240046,hero2400461,hero_label_2400461;hero_label_2400462,hero_zm_240046,hero_bh_240046,hero_sh_240046,hero_sl_240046,hero_zy_240046,hero_rg_240046,hero_xh_240046,hero_sr_240046,hero_js_240046,hero_s1_240046,hero_s2_240046,hero_s3_240046,hero2401004,hero2401005,hero2401006,hero2401007,hero2401008,hero_nv,109,1
15,240047,3,2,3,0,0,1,0,0,,0,0,1,210037,1240047,60|10|10|10|10|10|10|20|20|20|20|20|20|30|30|30|30|30|30|40|40|40|40|40|40|60|60|60|60|60|60|80|80|80|80|80|80,"212001;0|212001;0|212001;0|212001;0|212001;0|212001;0|212001;0|212001;0|212001;0|212001;0|212001;0|212001;0|212001;2000|212001;0|212001;0|212001;0|212001;0|212001;0|212001;4000|212001;0|212001;0|212001;0|212001;0|212001;0|212001;10000|212001;0|212001;0|212001;0|212001;0|212001;0|212001;15000,200031;10|212001;0|212001;0|212001;0|212001;0|212001;0|212001;15000,200031;10|212001;0|212001;0|212001;0|212001;0|212001;0|212001;15000,200031;10|212001;0|212001;0|212001;0|212001;0|212001;0|212001;15000,200031;10",44,1932703;380;129691;936631;5195;304,240047004;240047303;240047103;240047204,110000550;100;0|110000560;300;0|110000550;40;0|110000560;660;0|110000550;70;0|110000560;1020;0|110000550;100;0,4,24004700,240047001,240047301,240047101,240047201,44,24004700,2700013;2700030;2700035,,attack,hero_059q_attack1_dandao,hero_059q_attack,1003,flag_1002,24004700,10000,700004;700009;700010;700025,hero_title240047,hero_title240047,hero2400471,hero_label_2400471;hero_label_2400472,hero_zm_240047,hero_bh_240047,hero_sh_240047,hero_sl_240047,hero_zy_240047,hero_rg_240047,hero_xh_240047,hero_sr_240047,hero_js_240047,hero_s1_240047,hero_s2_240047,hero_s3_240047,hero2401104,hero2401105,hero2401106,hero2401107,hero2401108,hero_nv,112,1
16,240048,3,3,3,0,0,1,0,0,,0,0,1,210038,1240048,60|10|10|10|10|10|10|20|20|20|20|20|20|30|30|30|30|30|30|40|40|40|40|40|40|60|60|60|60|60|60|80|80|80|80|80|80,"212001;0|212001;0|212001;0|212001;0|212001;0|212001;0|212001;0|212001;0|212001;0|212001;0|212001;0|212001;0|212001;2000|212001;0|212001;0|212001;0|212001;0|212001;0|212001;4000|212001;0|212001;0|212001;0|212001;0|212001;0|212001;10000|212001;0|212001;0|212001;0|212001;0|212001;0|212001;15000,200031;10|212001;0|212001;0|212001;0|212001;0|212001;0|212001;15000,200031;10|212001;0|212001;0|212001;0|212001;0|212001;0|212001;15000,200031;10|212001;0|212001;0|212001;0|212001;0|212001;0|212001;15000,200031;10",44,1925462;380;128669;924390;5338;104,240048004;240048303;240048104;240048203,110000550;100;0|110000560;300;0|110000550;40;0|110000560;660;0|110000550;70;0|110000560;1020;0|110000550;100;0,4,24004800,240048001,240048301,240048101,240048201,44,24004800,2700013;2700025;2700030;2700035,,attack,hero_029q_attack1_dandao,hero_029q_attack,1003,flag_1003,24004800,10000,700001;700009;700015;700030,hero_title240048,hero_title240048,hero2400481,hero_label_2400481;hero_label_2400482,hero_zm_240048,hero_bh_240048,hero_sh_240048,hero_sl_240048,hero_zy_240048,hero_rg_240048,hero_xh_240048,hero_sr_240048,hero_js_240048,hero_s1_240048,hero_s2_240048,hero_s3_240048,hero2401204,hero2401205,hero2401206,hero2401207,hero2401208,hero_nv,107,1
17,240050,3,3,3,0,0,1,0,0,,0,0,1,210043,1240050,60|10|10|10|10|10|10|20|20|20|20|20|20|30|30|30|30|30|30|40|40|40|40|40|40|60|60|60|60|60|60|80|80|80|80|80|80,"212001;0|212001;0|212001;0|212001;0|212001;0|212001;0|212001;0|212001;0|212001;0|212001;0|212001;0|212001;0|212001;2000|212001;0|212001;0|212001;0|212001;0|212001;0|212001;4000|212001;0|212001;0|212001;0|212001;0|212001;0|212001;10000|212001;0|212001;0|212001;0|212001;0|212001;0|212001;15000,200031;10|212001;0|212001;0|212001;0|212001;0|212001;0|212001;15000,200031;10|212001;0|212001;0|212001;0|212001;0|212001;0|212001;15000,200031;10|212001;0|212001;0|212001;0|212001;0|212001;0|212001;15000,200031;10",44,1893363;380;127100;908196;5299;207,240050004;240050303;240050103;240050204,110000550;100;0|110000560;300;0|110000550;40;0|110000560;660;0|110000550;70;0|110000560;1020;0|110000550;100;0,4,24005000,240050001,240050301,240050101,240050201,44,24005000,2700013;2700030;2700035,,attack,hero_040q_attack1_dandao,hero_040q_attack,1003,flag_1004,24005000,10000,700001;700009;700010;700025,hero_title240050,hero_title240050,hero2400501,hero_label_2400501;hero_label_2400502,hero_zm_240050,hero_bh_240050,hero_sh_240050,hero_sl_240050,hero_zy_240050,hero_rg_240050,hero_xh_240050,hero_sr_240050,hero_js_240050,hero_s1_240050,hero_s2_240050,hero_s3_240050,hero2401404,hero2401405,hero2401406,hero2401407,hero2401408,hero_nv,109,1
18,240052,3,4,3,0,0,1,0,0,,0,0,1,210045,1240052,60|10|10|10|10|10|10|20|20|20|20|20|20|30|30|30|30|30|30|40|40|40|40|40|40|60|60|60|60|60|60|80|80|80|80|80|80,"212001;0|212001;0|212001;0|212001;0|212001;0|212001;0|212001;0|212001;0|212001;0|212001;0|212001;0|212001;0|212001;2000|212001;0|212001;0|212001;0|212001;0|212001;0|212001;4000|212001;0|212001;0|212001;0|212001;0|212001;0|212001;10000|212001;0|212001;0|212001;0|212001;0|212001;0|212001;15000,200031;10|212001;0|212001;0|212001;0|212001;0|212001;0|212001;15000,200031;10|212001;0|212001;0|212001;0|212001;0|212001;0|212001;15000,200031;10|212001;0|212001;0|212001;0|212001;0|212001;0|212001;15000,200031;10",44,1866109;380;128395;955207;5517;216,240052003;240052303;240052104;240052204,110000550;100;0|110000560;300;0|110000550;40;0|110000560;660;0|110000550;70;0|110000560;1020;0|110000550;100;0,4,24005200,240052001,240052301,240052101,240052201,44,24005200,2700013;2700030;2700035;2700036;2700040,,attack1,hero_025q_attack1_dandao,hero_025q_attack1_hit_afk,1003,flag_1005,24005200,10000,700005;700011;700007;700023,hero_title240052,hero_title240052,hero2400521,hero_label_2400521;hero_label_2400522,hero_zm_240052,hero_bh_240052,hero_sh_240052,hero_sl_240052,hero_zy_240052,hero_rg_240052,hero_xh_240052,hero_sr_240052,hero_js_240052,hero_s1_240052,hero_s2_240052,hero_s3_240052,hero2401604,hero2401605,hero2401606,hero2401607,hero2401608,hero_nv,107,0
19,240053,4,2,3,0,0,1,0,0,,0,0,1,210046,1240053,60|10|10|10|10|10|10|20|20|20|20|20|20|30|30|30|30|30|30|40|40|40|40|40|40|60|60|60|60|60|60|80|80|80|80|80|80,"212001;0|212001;0|212001;0|212001;0|212001;0|212001;0|212001;0|212001;0|212001;0|212001;0|212001;0|212001;0|212001;2000|212001;0|212001;0|212001;0|212001;0|212001;0|212001;4000|212001;0|212001;0|212001;0|212001;0|212001;0|212001;10000|212001;0|212001;0|212001;0|212001;0|212001;0|212001;15000,200031;10|212001;0|212001;0|212001;0|212001;0|212001;0|212001;15000,200031;10|212001;0|212001;0|212001;0|212001;0|212001;0|212001;15000,200031;10|212001;0|212001;0|212001;0|212001;0|212001;0|212001;15000,200031;10",44,1909053;380;93746;1398002;5947;107,240053004;240053303;240053103;240053204,110000560;1200;0|110000550;25;0|110000560;480;0|110000550;55;0|110000560;840;0|110000550;85;0|110000560;1200;0,4,24005300,240053001,240053301,240053101,240053201,44,24005300,2700014;2700026;2700028;2700038,,attack1,hero_032q_attack1_dandao,hero_032q_attack1_hit_afk,1003,flag_1009,24005300,10000,700004;700011;700018;700027,hero_title240053,hero_title240053,hero2400531,hero_label_2400531;hero_label_2400532,hero_zm_240053,hero_bh_240053,hero_sh_240053,hero_sl_240053,hero_zy_240053,hero_rg_240053,hero_xh_240053,hero_sr_240053,hero_js_240053,hero_s1_240053,hero_s2_240053,hero_s3_240053,hero2401704,hero2401705,hero2401706,hero2401707,hero2401708,hero_nv,110,0
20,240054,2,1,3,0,1,1,0,0,,0,0,1,210047,1240054,60|10|10|10|10|10|10|20|20|20|20|20|20|30|30|30|30|30|30|40|40|40|40|40|40|60|60|60|60|60|60|80|80|80|80|80|80,"212001;0|212001;0|212001;0|212001;0|212001;0|212001;0|212001;0|212001;0|212001;0|212001;0|212001;0|212001;0|212001;2000|212001;0|212001;0|212001;0|212001;0|212001;0|212001;4000|212001;0|212001;0|212001;0|212001;0|212001;0|212001;10000|212001;0|212001;0|212001;0|212001;0|212001;0|212001;15000,200031;10|212001;0|212001;0|212001;0|212001;0|212001;0|212001;15000,200031;10|212001;0|212001;0|212001;0|212001;0|212001;0|212001;15000,200031;10|212001;0|212001;0|212001;0|212001;0|212001;0|212001;15000,200031;10",44,1932703;380;129691;936631;5195;221,240054004;240054303;240054104;240054203,110000550;100;0|110000560;300;0|110000550;40;0|110000560;660;0|110000550;70;0|110000560;1020;0|110000550;100;0,4,24005400,240054001,240054301,240054101,240054201,44,24005400,2700012;2700013;2700031;2700034;2700037,,attack1,hero_020q_attack1_dandao,hero_020q_attack1_hit_afk,1003,flag_1009,24005400,10000,700003;700012;700018;700027,hero_title240054,hero_title240054,hero2400541,hero_label_2400541;hero_label_2400542,hero_zm_240054,hero_bh_240054,hero_sh_240054,hero_sl_240054,hero_zy_240054,hero_rg_240054,hero_xh_240054,hero_sr_240054,hero_js_240054,hero_s1_240054,hero_s2_240054,hero_s3_240054,hero2401804,hero2401805,hero2401806,hero2401807,hero2401808,hero_nv,109,0
21,240055,1,5,4,0,2,1,0,0,,0,0,1,210048,1240055,60|10|10|10|10|10|10|20|20|20|20|20|20|30|30|30|30|30|30|40|40|40|40|40|40|50|50|50|50|50|50|60|60|60|60|60|60|60|60|60|60|60|60|80|80|80|80|80|80,"212001;0|212001;0|212001;0|212001;0|212001;0|212001;0|212001;0|212001;0|212001;0|212001;0|212001;0|212001;0|212001;2000|212001;0|212001;0|212001;0|212001;0|212001;0|212001;4000|212001;0|212001;0|212001;0|212001;0|212001;0|212001;10000|212001;0|212001;0|212001;0|212001;0|212001;0|212001;20000,200033;10|212001;0|212001;0|212001;0|212001;0|212001;0|212001;30000,200033;10|212001;0|212001;0|212001;0|212001;0|212001;0|212001;30000,200033;10|212001;0|212001;0|212001;0|212001;0|212001;0|212001;40000,200033;10",44,5202616;380;124419;2712567;9851;304,240055003;240055304;240055104;240055204,110000560;2160;0|110000550;45;0|110000560;840;0|110000550;95;0|110000560;1440;0|110000550;150;0|110000560;2160;0|110000550;210;0|110000560;2880;0,4,24005500,240055001,240055301,240055101,240055201,99,24005500,2700020;2700026;2700041;2700042;2700043,recruit_016,attack1,hero_016q_attack1_dandao,hero_016q_attack1_hit_afk,1003,flag_1003,24005500,10000,700002;700015;700013;700024,hero_title240055,hero_title240055,hero2400551,hero_label_2400551;hero_label_2400552,hero_zm_240055,hero_bh_240055,hero_sh_240055,hero_sl_240055,hero_zy_240055,hero_rg_240055,hero_xh_240055,hero_sr_240055,hero_js_240055,hero_s1_240055,hero_s2_240055,hero_s3_240055,hero2401904,hero2401905,hero2401906,hero2401907,hero2401908,hero_nv,101,0
22,240057,2,1,3,0,0,1,0,0,,0,0,1,210050,1240057,60|10|10|10|10|10|10|20|20|20|20|20|20|30|30|30|30|30|30|40|40|40|40|40|40|60|60|60|60|60|60|80|80|80|80|80|80,"212001;0|212001;0|212001;0|212001;0|212001;0|212001;0|212001;0|212001;0|212001;0|212001;0|212001;0|212001;0|212001;2000|212001;0|212001;0|212001;0|212001;0|212001;0|212001;4000|212001;0|212001;0|212001;0|212001;0|212001;0|212001;10000|212001;0|212001;0|212001;0|212001;0|212001;0|212001;15000,200031;10|212001;0|212001;0|212001;0|212001;0|212001;0|212001;15000,200031;10|212001;0|212001;0|212001;0|212001;0|212001;0|212001;15000,200031;10|212001;0|212001;0|212001;0|212001;0|212001;0|212001;15000,200031;10",44,1932949;380;129691;917855;5412;110,240057003;240057303;240057104;240057204,110000550;100;0|110000560;300;0|110000550;40;0|110000560;660;0|110000550;70;0|110000560;1020;0|110000550;100;0,4,24005700,240057001,240057301,240057101,240057201,44,24005700,2700012;2700013;2700031;2700034;2700037,,attack,hero_002q_attack1_dandao,hero_002q_attack,1003,flag_1002,24005700,10000,700003;700020;700013;700030,hero_title240057,hero_title240057,hero2400571,hero_label_2400571;hero_label_2400572,hero_zm_240057,hero_bh_240057,hero_sh_240057,hero_sl_240057,hero_zy_240057,hero_rg_240057,hero_xh_240057,hero_sr_240057,hero_js_240057,hero_s1_240057,hero_s2_240057,hero_s3_240057,hero2402104,hero2402105,hero2402106,hero2402107,hero2402108,hero_nv,109,1
23,240058,1,2,1,0,0,1,0,0,,0,0,0,210051,1240058,20|0|0|0|0|0|0|0|0|0|0|0|0|0|0|0|0|0|0|0|0|0|0|0|0,212001;0|212001;0|212001;0|212001;0|212001;0|212001;0|212001;0|212001;0|212001;0|212001;0|212001;0|212001;0|212001;0|212001;0|212001;0|212001;0|212001;0|212001;0|212001;10000|212001;0|212001;0|212001;0|212001;0|212001;0|212001;0,2,8579;100;951;14212;1477;102,240058001,110000560;300;0,1,24005800,240058001,0,0,0,2,24005800,2700020;2700026;2700041;2700042;2700043,,attack1,hero_031q_attack1_dandao,hero_031q_attack1_hit_afk,1003,flag_1005,24005800,10000,700004;700017;700006;700024,hero_title240058,hero_title240058,hero2400581,hero_label_2400581;hero_label_2400582,hero_zm_240058,hero_bh_240058,hero_sh_240058,hero_sl_240058,hero_zy_240058,hero_rg_240058,hero_xh_240058,hero_sr_240058,hero_js_240058,hero_s1_240058,hero_s2_240058,hero_s3_240058,hero2402204,hero2402205,hero2402206,hero2402207,hero2402208,hero_nv,104,0
24,240060,1,1,3,0,0,1,0,0,,0,0,1,210053,1240060,60|10|10|10|10|10|10|20|20|20|20|20|20|30|30|30|30|30|30|40|40|40|40|40|40|60|60|60|60|60|60|80|80|80|80|80|80,"212001;0|212001;0|212001;0|212001;0|212001;0|212001;0|212001;0|212001;0|212001;0|212001;0|212001;0|212001;0|212001;2000|212001;0|212001;0|212001;0|212001;0|212001;0|212001;4000|212001;0|212001;0|212001;0|212001;0|212001;0|212001;10000|212001;0|212001;0|212001;0|212001;0|212001;0|212001;15000,200031;10|212001;0|212001;0|212001;0|212001;0|212001;0|212001;15000,200031;10|212001;0|212001;0|212001;0|212001;0|212001;0|212001;15000,200031;10|212001;0|212001;0|212001;0|212001;0|212001;0|212001;15000,200031;10",44,1657738;380;58312;1259017;7471;301,240060004;240060303;240060103;240060204,110000560;1200;0|110000550;25;0|110000560;480;0|110000550;55;0|110000560;840;0|110000550;85;0|110000560;1200;0,4,24006000,240060001,240060301,240060101,240060201,44,24006000,2700020;2700026;2700041;2700042;2700043,,attack1,hero_043q_attack1_dandao,hero_043q_attack1_hit_afk,1003,flag_1008,24006000,10000,700003;700011;700013;700024,hero_title240060,hero_title240060,hero2400601,hero_label_2400601;hero_label_2400602,hero_zm_240060,hero_bh_240060,hero_sh_240060,hero_sl_240060,hero_zy_240060,hero_rg_240060,hero_xh_240060,hero_sr_240060,hero_js_240060,hero_s1_240060,hero_s2_240060,hero_s3_240060,hero2402404,hero2402405,hero2402406,hero2402407,hero2402408,hero_nv,106,0
25,240061,3,5,4,0,2,1,0,0,,0,0,1,210054,1240061,60|10|10|10|10|10|10|20|20|20|20|20|20|30|30|30|30|30|30|40|40|40|40|40|40|50|50|50|50|50|50|60|60|60|60|60|60|60|60|60|60|60|60|80|80|80|80|80|80,"212001;0|212001;0|212001;0|212001;0|212001;0|212001;0|212001;0|212001;0|212001;0|212001;0|212001;0|212001;0|212001;2000|212001;0|212001;0|212001;0|212001;0|212001;0|212001;4000|212001;0|212001;0|212001;0|212001;0|212001;0|212001;10000|212001;0|212001;0|212001;0|212001;0|212001;0|212001;20000,200033;10|212001;0|212001;0|212001;0|212001;0|212001;0|212001;30000,200033;10|212001;0|212001;0|212001;0|212001;0|212001;0|212001;30000,200033;10|212001;0|212001;0|212001;0|212001;0|212001;0|212001;40000,200033;10",44,5942102;380;266798;1998903;7211;106,240061003;240061304;240061104;240061204,110000550;180;0|110000560;540;0|110000550;70;0|110000560;1140;0|110000550;120;0|110000560;1800;0|110000550;180;0|110000560;2520;0|110000550;240;0,4,24006100,240061001,240061301,240061101,240061201,99,24006100,2700013;2700030;2700035;2700036,recruit_018,attack,hero_018q_attack1_dandao,hero_018q_attack,1003,flag_1005,24006100,10000,700002;700014;700013;700028,hero_title240061,hero_title240061,hero2400611,hero_label_2400611;hero_label_2400612,hero_zm_240061,hero_bh_240061,hero_sh_240061,hero_sl_240061,hero_zy_240061,hero_rg_240061,hero_xh_240061,hero_sr_240061,hero_js_240061,hero_s1_240061,hero_s2_240061,hero_s3_240061,hero2402504,hero2402505,hero2402506,hero2402507,hero2402508,hero_nv,107,1
26,240062,1,2,3,1,1,1,0,0,,0,0,1,210055,1240062,60|10|10|10|10|10|10|20|20|20|20|20|20|30|30|30|30|30|30|40|40|40|40|40|40|60|60|60|60|60|60|80|80|80|80|80|80,"212001;0|212001;0|212001;0|212001;0|212001;0|212001;0|212001;0|212001;0|212001;0|212001;0|212001;0|212001;0|212001;2000|212001;0|212001;0|212001;0|212001;0|212001;0|212001;4000|212001;0|212001;0|212001;0|212001;0|212001;0|212001;10000|212001;0|212001;0|212001;0|212001;0|212001;0|212001;15000,200031;10|212001;0|212001;0|212001;0|212001;0|212001;0|212001;15000,200031;10|212001;0|212001;0|212001;0|212001;0|212001;0|212001;15000,200031;10|212001;0|212001;0|212001;0|212001;0|212001;0|212001;15000,200031;10",44,2211479;380;69526;1512684;7968;301,240062004;240062303;240062103;240062204,110000560;1200;0|110000550;25;0|110000560;480;0|110000550;55;0|110000560;840;0|110000550;85;0|110000560;1200;0,4,24006200,240062001,240062301,240062101,240062201,44,24006200,2700020;2700026;2700041;2700042;2700043,,attack,hero_024q_attack1_dandao,hero_024q_attack,1003,flag_1009,24006200,10000,700004;700014;700015;700029,hero_title240062,hero_title240062,hero2400621,hero_label_2400621;hero_label_2400622,hero_zm_240062,hero_bh_240062,hero_sh_240062,hero_sl_240062,hero_zy_240062,hero_rg_240062,hero_xh_240062,hero_sr_240062,hero_js_240062,hero_s1_240062,hero_s2_240062,hero_s3_240062,hero2402604,hero2402605,hero2402606,hero2402607,hero2402608,hero_nv,108,1
27,240065,2,5,3,1,1,1,0,250065,200035;50,24006502,0,1,210058,1240065,60|10|10|10|10|10|10|30|30|30|30|30|30|50|50|50|50|50|50|80|80|80|80|80|80|100|100|100|100|100|100|120|120|120|120|120|120|140|140|140|140|140|140|140|140|140|140|140|140,"212001;0|212001;0|212001;0|212001;0|212001;0|212001;0|212001;0|212001;0|212001;0|212001;0|212001;0|212001;0|212001;2000|212001;0|212001;0|212001;0|212001;0|212001;0|212001;4000|212001;0|212001;0|212001;0|212001;0|212001;0|212001;10000|212001;0|212001;0|212001;0|212001;0|212001;0|212001;15000,200031;10|212001;0|212001;0|212001;0|212001;0|212001;0|212001;20000,200031;10|212001;0|212001;0|212001;0|212001;0|212001;0|212001;30000,200031;10|212001;0|212001;0|212001;0|212001;0|212001;0|212001;30000,200031;10",44,2787949;380;161148;1177986;6385;225,240065004;240065303;240065103;240065204,110000550;80;0|110000560;165;0|110000550;20;0|110000560;275;0|110000550;30;0|110000560;550;0|110000550;70;0|110000560;900;0|110000550;110;0,4,24006500,240065001,240065301,240065101,240065201,99,24006500,2700013;2700031;2700037,,attack1,hero_003q_attack1_dandao,hero_003q_attack1_hit_afk,1003,flag_1007,24006500,10000,700002;700020;700015;700022,hero_title240065,hero_title240065,hero2400651,hero_label_2400651;hero_label_2400652,hero_zm_240065,hero_bh_240065,hero_sh_240065,hero_sl_240065,hero_zy_240065,hero_rg_240065,hero_xh_240065,hero_sr_240065,hero_js_240065,hero_s1_240065,hero_s2_240065,hero_s3_240065,hero2402904,hero2402905,hero2402906,hero2402907,hero2402908,hero_nv,103,0
28,250065,2,5,4,0,0,0,1,0,,24006502,0,1,210058,1240065,60|10|10|10|10|10|10|30|30|30|30|30|30|50|50|50|50|50|50|80|80|80|80|80|80|100|100|100|100|100|100|120|120|120|120|120|120|140|140|140|140|140|140|140|140|140|140|140|140,"212001;0|212001;0|212001;0|212001;0|212001;0|212001;0|212001;0|212001;0|212001;0|212001;0|212001;0|212001;0|212001;2000|212001;0|212001;0|212001;0|212001;0|212001;0|212001;4000|212001;0|212001;0|212001;0|212001;0|212001;0|212001;10000|212001;0|212001;0|212001;0|212001;0|212001;0|212001;15000,200031;10|212001;0|212001;0|212001;0|212001;0|212001;0|212001;20000,200031;10|212001;0|212001;0|212001;0|212001;0|212001;0|212001;30000,200031;10|212001;0|212001;0|212001;0|212001;0|212001;0|212001;30000,200031;10",44,5795818;380;259139;1923560;7434;225,250065004;250065304;250065103;250065204,110000550;80;0|110000560;165;0|110000550;20;0|110000560;275;0|110000550;30;0|110000560;550;0|110000550;70;0|110000560;900;0|110000550;110;0,4,25006500,250065001,250065301,250065101,250065201,99,24006500,2700013;2700031;2700037,,attack1,hero_003q_attack1_dandao,hero_003q_attack1_hit_afk,1003,flag_1007,24006500,10000,700002;700020;700015;700022,hero_title250065,hero_title250065,hero2400651,hero_label_2400651;hero_label_2400652,hero_zm_240065,hero_bh_240065,hero_sh_240065,hero_sl_240065,hero_zy_240065,hero_rg_240065,hero_xh_240065,hero_sr_240065,hero_js_240065,hero_s1_240065,hero_s2_240065,hero_s3_240065,hero2402904,hero2402905,hero2402906,hero2402907,hero2402908,hero_nv,103,0
29,240066,2,3,1,0,0,1,0,0,,0,0,0,210059,1240066,20|0|0|0|0|0|0|0|0|0|0|0|0|0|0|0|0|0|0|0|0|0|0|0|0,212001;0|212001;0|212001;0|212001;0|212001;0|212001;0|212001;0|212001;0|212001;0|212001;0|212001;0|212001;0|212001;0|212001;0|212001;0|212001;0|212001;0|212001;0|212001;10000|212001;0|212001;0|212001;0|212001;0|212001;0|212001;0,2,10267;100;1824;11478;1094;102,240066001,110000550;25;0,1,24006600,240066001,0,0,0,2,24006600,2700013;2700031;2700037,,attack,hero_034q_attack1_dandao,hero_034q_attack,1003,flag_1009,24006600,10000,700001;700011;700013;700022,hero_title240066,hero_title240066,hero2400661,hero_label_2400661;hero_label_2400662,hero_zm_240066,hero_bh_240066,hero_sh_240066,hero_sl_240066,hero_zy_240066,hero_rg_240066,hero_xh_240066,hero_sr_240066,hero_js_240066,hero_s1_240066,hero_s2_240066,hero_s3_240066,hero2403004,hero2403005,hero2403006,hero2403007,hero2403008,hero_nv,103,1
30,240067,3,2,3,0,0,1,0,0,,0,0,1,210060,1240067,60|10|10|10|10|10|10|20|20|20|20|20|20|30|30|30|30|30|30|40|40|40|40|40|40|60|60|60|60|60|60|80|80|80|80|80|80,"212001;0|212001;0|212001;0|212001;0|212001;0|212001;0|212001;0|212001;0|212001;0|212001;0|212001;0|212001;0|212001;2000|212001;0|212001;0|212001;0|212001;0|212001;0|212001;4000|212001;0|212001;0|212001;0|212001;0|212001;0|212001;10000|212001;0|212001;0|212001;0|212001;0|212001;0|212001;15000,200031;10|212001;0|212001;0|212001;0|212001;0|212001;0|212001;15000,200031;10|212001;0|212001;0|212001;0|212001;0|212001;0|212001;15000,200031;10|212001;0|212001;0|212001;0|212001;0|212001;0|212001;15000,200031;10",44,1918211;380;129063;908480;5410;107,240067004;240067303;240067103;240067204,110000550;100;0|110000560;300;0|110000550;40;0|110000560;660;0|110000550;70;0|110000560;1020;0|110000550;100;0,4,24006700,240067001,240067301,240067101,240067201,44,24006700,2700013;2700030;2700035,,attack,hero_041q_attack1_dandao,hero_041q_attack,1003,flag_1002,24006700,10000,700004;700010;700007;700028,hero_title240067,hero_title240067,hero2400671,hero_label_2400671;hero_label_2400672,hero_zm_240067,hero_bh_240067,hero_sh_240067,hero_sl_240067,hero_zy_240067,hero_rg_240067,hero_xh_240067,hero_sr_240067,hero_js_240067,hero_s1_240067,hero_s2_240067,hero_s3_240067,hero2403104,hero2403105,hero2403106,hero2403107,hero2403108,hero_nv,104,1
31,240068,2,3,3,1,1,1,0,0,,0,0,1,210061,1240068,60|10|10|10|10|10|10|20|20|20|20|20|20|30|30|30|30|30|30|40|40|40|40|40|40|60|60|60|60|60|60|80|80|80|80|80|80,"212001;0|212001;0|212001;0|212001;0|212001;0|212001;0|212001;0|212001;0|212001;0|212001;0|212001;0|212001;0|212001;2000|212001;0|212001;0|212001;0|212001;0|212001;0|212001;4000|212001;0|212001;0|212001;0|212001;0|212001;0|212001;10000|212001;0|212001;0|212001;0|212001;0|212001;0|212001;15000,200031;10|212001;0|212001;0|212001;0|212001;0|212001;0|212001;15000,200031;10|212001;0|212001;0|212001;0|212001;0|212001;0|212001;15000,200031;10|212001;0|212001;0|212001;0|212001;0|212001;0|212001;15000,200031;10",44,2492118;380;158499;1158916;6279;106,240068004;240068303;240068104;240068203,110000550;100;0|110000560;300;0|110000550;40;0|110000560;660;0|110000550;70;0|110000560;1020;0|110000550;100;0,4,24006800,240068001,240068301,240068101,240068201,44,24006800,2700013;2700015;2700031;2700034;2700036;2700037,,attack,hero_001q_attack1_dandao,hero_001q_attack,1003,flag_1003,24006800,10000,700001;700010;700007;700026,hero_title240068,hero_title240068,hero2400681,hero_label_2400681;hero_label_2400682,hero_zm_240068,hero_bh_240068,hero_sh_240068,hero_sl_240068,hero_zy_240068,hero_rg_240068,hero_xh_240068,hero_sr_240068,hero_js_240068,hero_s1_240068,hero_s2_240068,hero_s3_240068,hero2403204,hero2403205,hero2403206,hero2403207,hero2403208,hero_nv,109,1
32,240069,3,4,3,1,1,1,0,0,,0,0,1,210062,1240069,60|10|10|10|10|10|10|20|20|20|20|20|20|30|30|30|30|30|30|40|40|40|40|40|40|60|60|60|60|60|60|80|80|80|80|80|80,"212001;0|212001;0|212001;0|212001;0|212001;0|212001;0|212001;0|212001;0|212001;0|212001;0|212001;0|212001;0|212001;2000|212001;0|212001;0|212001;0|212001;0|212001;0|212001;4000|212001;0|212001;0|212001;0|212001;0|212001;0|212001;10000|212001;0|212001;0|212001;0|212001;0|212001;0|212001;15000,200031;10|212001;0|212001;0|212001;0|212001;0|212001;0|212001;15000,200031;10|212001;0|212001;0|212001;0|212001;0|212001;0|212001;15000,200031;10|212001;0|212001;0|212001;0|212001;0|212001;0|212001;15000,200031;10",44,2561883;380;157462;1151250;6234;104,240069004;240069303;240069103;240069204,110000550;100;0|110000560;300;0|110000550;40;0|110000560;660;0|110000550;70;0|110000560;1020;0|110000550;100;0,4,24006900,240069001,240069301,240069101,240069201,44,24006900,2700013;2700025;2700030;2700035,,attack,hero_017q_attack1_dandao,hero_017q_attack,1003,flag_1009,24006900,10000,700001;700011;700012;700027,hero_title240069,hero_title240069,hero2400691,hero_label_2400691;hero_label_2400692,hero_zm_240069,hero_bh_240069,hero_sh_240069,hero_sl_240069,hero_zy_240069,hero_rg_240069,hero_xh_240069,hero_sr_240069,hero_js_240069,hero_s1_240069,hero_s2_240069,hero_s3_240069,hero2403304,hero2403305,hero2403306,hero2403307,hero2403308,hero_nv,107,1
33,240070,1,3,3,0,0,1,0,0,,0,0,1,210063,1240070,60|10|10|10|10|10|10|20|20|20|20|20|20|30|30|30|30|30|30|40|40|40|40|40|40|60|60|60|60|60|60|80|80|80|80|80|80,"212001;0|212001;0|212001;0|212001;0|212001;0|212001;0|212001;0|212001;0|212001;0|212001;0|212001;0|212001;0|212001;2000|212001;0|212001;0|212001;0|212001;0|212001;0|212001;4000|212001;0|212001;0|212001;0|212001;0|212001;0|212001;10000|212001;0|212001;0|212001;0|212001;0|212001;0|212001;15000,200031;10|212001;0|212001;0|212001;0|212001;0|212001;0|212001;15000,200031;10|212001;0|212001;0|212001;0|212001;0|212001;0|212001;15000,200031;10|212001;0|212001;0|212001;0|212001;0|212001;0|212001;15000,200031;10",44,1685015;380;59223;1298294;7299;301,240070003;240070303;240070104;240070204,110000560;1200;0|110000550;25;0|110000560;480;0|110000550;55;0|110000560;840;0|110000550;85;0|110000560;1200;0,4,24007000,240070001,240070301,240070101,240070201,44,24007000,2700020;2700026;2700041;2700042;2700043,,attack0,hero_057q_attack1_dandao,hero_057q_attack,1003,flag_1002,24007000,10000,700001;700015;700016;700028,hero_title240070,hero_title240070,hero2400701,hero_label_2400701;hero_label_2400702,hero_zm_240070,hero_bh_240070,hero_sh_240070,hero_sl_240070,hero_zy_240070,hero_rg_240070,hero_xh_240070,hero_sr_240070,hero_js_240070,hero_s1_240070,hero_s2_240070,hero_s3_240070,hero2403404,hero2403405,hero2403406,hero2403407,hero2403408,hero_nv,108,0
34,240072,4,4,1,0,0,1,0,0,,0,0,0,210065,1240072,20|0|0|0|0|0|0|0|0|0|0|0|0|0|0|0|0|0|0|0|0|0|0|0|0,212001;0|212001;0|212001;0|212001;0|212001;0|212001;0|212001;0|212001;0|212001;0|212001;0|212001;0|212001;0|212001;0|212001;0|212001;0|212001;0|212001;0|212001;0|212001;10000|212001;0|212001;0|212001;0|212001;0|212001;0|212001;0,2,10900;100;1507;15305;1202;101,240072001,110000560;300;0,1,24007200,240072001,0,0,0,2,24007200,2700014;2700026;2700028;2700038,,attack1,hero_030q_attack1_dandao,hero_030q_attack1_hit_afk,1003,flag_1002,24007200,10000,700005;700009;700007;700025,hero_title240072,hero_title240072,hero2400721,hero_label_2400721;hero_label_2400722,hero_zm_240072,hero_bh_240072,hero_sh_240072,hero_sl_240072,hero_zy_240072,hero_rg_240072,hero_xh_240072,hero_sr_240072,hero_js_240072,hero_s1_240072,hero_s2_240072,hero_s3_240072,hero2403604,hero2403605,hero2403606,hero2403607,hero2403608,hero_nv,112,0
35,240073,2,3,2,0,0,1,0,0,,0,0,0,210066,1240073,30|5|5|5|5|5|5|10|10|10|10|10|10|0|0|0|0|0|0|0|0|0|0|0|0,212001;0|212001;0|212001;0|212001;0|212001;0|212001;0|212001;0|212001;0|212001;0|212001;0|212001;0|212001;0|212001;0|212001;0|212001;0|212001;0|212001;0|212001;0|212001;10000|212001;0|212001;0|212001;0|212001;0|212001;0|212001;0,14,68678;180;8245;51786;2258;102,240073003;240073202;240073102,110000550;50;0|110000560;180;0|110000550;25;0,3,24007300,240073001,240073201,240073101,0,14,24007300,2700013;2700031;2700037,,attack,hero_008q_attack1_dandao,hero_008q_attack,1003,flag_1002,24007300,10000,700001;700014;700007;700023,hero_title240073,hero_title240073,hero2400731,hero_label_2400731;hero_label_2400732,hero_zm_240073,hero_bh_240073,hero_sh_240073,hero_sl_240073,hero_zy_240073,hero_rg_240073,hero_xh_240073,hero_sr_240073,hero_js_240073,hero_s1_240073,hero_s2_240073,hero_s3_240073,hero2403704,hero2403705,hero2403706,hero2403707,hero2403708,hero_nv,109,1
36,240074,2,2,3,0,0,1,0,0,,0,0,1,210067,1240074,60|10|10|10|10|10|10|20|20|20|20|20|20|30|30|30|30|30|30|40|40|40|40|40|40|60|60|60|60|60|60|80|80|80|80|80|80,"212001;0|212001;0|212001;0|212001;0|212001;0|212001;0|212001;0|212001;0|212001;0|212001;0|212001;0|212001;0|212001;2000|212001;0|212001;0|212001;0|212001;0|212001;0|212001;4000|212001;0|212001;0|212001;0|212001;0|212001;0|212001;10000|212001;0|212001;0|212001;0|212001;0|212001;0|212001;15000,200031;10|212001;0|212001;0|212001;0|212001;0|212001;0|212001;15000,200031;10|212001;0|212001;0|212001;0|212001;0|212001;0|212001;15000,200031;10|212001;0|212001;0|212001;0|212001;0|212001;0|212001;15000,200031;10",44,1892411;380;124516;917095;5403;107,240074003;240074303;240074104;240074204,110000550;100;0|110000560;300;0|110000550;40;0|110000560;660;0|110000550;70;0|110000560;1020;0|110000550;100;0,4,24007400,240074001,240074301,240074101,240074201,44,24007400,2700013;2700031;2700037;2700040,,attack,hero_042q_attack1_dandao,hero_042q_attack,1003,flag_1002,24007400,10000,700004;700009;700012;700025,hero_title240074,hero_title240074,hero2400741,hero_label_2400741;hero_label_2400742,hero_zm_240074,hero_bh_240074,hero_sh_240074,hero_sl_240074,hero_zy_240074,hero_rg_240074,hero_xh_240074,hero_sr_240074,hero_js_240074,hero_s1_240074,hero_s2_240074,hero_s3_240074,hero2403804,hero2403805,hero2403806,hero2403807,hero2403808,hero_nv,109,1
37,240076,3,5,4,0,2,1,0,0,,0,0,1,210069,1240076,60|10|10|10|10|10|10|20|20|20|20|20|20|30|30|30|30|30|30|40|40|40|40|40|40|50|50|50|50|50|50|60|60|60|60|60|60|60|60|60|60|60|60|80|80|80|80|80|80,"212001;0|212001;0|212001;0|212001;0|212001;0|212001;0|212001;0|212001;0|212001;0|212001;0|212001;0|212001;0|212001;2000|212001;0|212001;0|212001;0|212001;0|212001;0|212001;4000|212001;0|212001;0|212001;0|212001;0|212001;0|212001;10000|212001;0|212001;0|212001;0|212001;0|212001;0|212001;20000,200033;10|212001;0|212001;0|212001;0|212001;0|212001;0|212001;30000,200033;10|212001;0|212001;0|212001;0|212001;0|212001;0|212001;30000,200033;10|212001;0|212001;0|212001;0|212001;0|212001;0|212001;40000,200033;10",44,5901326;380;265957;1964274;7297;104,240076003;240076304;240076104;240076204,110000550;180;0|110000560;540;0|110000550;70;0|110000560;1140;0|110000550;120;0|110000560;1800;0|110000550;180;0|110000560;2520;0|110000550;240;0,4,24007600,240076001,240076301,240076101,240076201,99,24007600,2700013;2700030;2700035,recruit_056,attack,hero_056q_attack1_dandao,hero_056q_attack,1003,flag_1009,24007600,10000,700002;700015;700013;700021,hero_title240076,hero_title240076,hero2400761,hero_label_2400761;hero_label_2400762,hero_zm_240076,hero_bh_240076,hero_sh_240076,hero_sl_240076,hero_zy_240076,hero_rg_240076,hero_xh_240076,hero_sr_240076,hero_js_240076,hero_s1_240076,hero_s2_240076,hero_s3_240076,hero_height_051,hero_birth_051,hero_age_051,hero_birthplace_051,hero_hate_051,hero_nv,107,1
38,240079,1,3,3,0,0,1,0,0,,0,0,1,210072,1240079,60|10|10|10|10|10|10|20|20|20|20|20|20|30|30|30|30|30|30|40|40|40|40|40|40|60|60|60|60|60|60|80|80|80|80|80|80,"212001;0|212001;0|212001;0|212001;0|212001;0|212001;0|212001;0|212001;0|212001;0|212001;0|212001;0|212001;0|212001;2000|212001;0|212001;0|212001;0|212001;0|212001;0|212001;4000|212001;0|212001;0|212001;0|212001;0|212001;0|212001;10000|212001;0|212001;0|212001;0|212001;0|212001;0|212001;15000,200031;10|212001;0|212001;0|212001;0|212001;0|212001;0|212001;15000,200031;10|212001;0|212001;0|212001;0|212001;0|212001;0|212001;15000,200031;10|212001;0|212001;0|212001;0|212001;0|212001;0|212001;15000,200031;10",44,1591546;380;56506;1247772;6958;213,240079004;240079303;240079103;240079204,110000560;1200;0|110000550;25;0|110000560;480;0|110000550;55;0|110000560;840;0|110000550;85;0|110000560;1200;0,4,24007900,240079001,240079301,240079101,240079201,44,24007900,2700020;2700026;2700041;2700042;2700043,,attack,hero_058q_attack1_dandao,hero_058q_attack,1003,flag_1002,24007900,10000,700001;700006;700018;700022,hero_title240079,hero_title240079,hero2400791,hero_label_2400791;hero_label_2400792,hero_zm_240079,hero_bh_240079,hero_sh_240079,hero_sl_240079,hero_zy_240079,hero_rg_240079,hero_xh_240079,hero_sr_240079,hero_js_240079,hero_s1_240079,hero_s2_240079,hero_s3_240079,hero_height_027,hero_birth_027,hero_age_027,hero_birthplace_027,hero_hate_027,hero_nv,101,1
39,240080,4,4,2,0,0,1,0,0,,0,0,0,210073,1240080,30|5|5|5|5|5|5|10|10|10|10|10|10|0|0|0|0|0|0|0|0|0|0|0|0,212001;0|212001;0|212001;0|212001;0|212001;0|212001;0|212001;0|212001;0|212001;0|212001;0|212001;0|212001;0|212001;0|212001;0|212001;0|212001;0|212001;0|212001;0|212001;10000|212001;0|212001;0|212001;0|212001;0|212001;0|212001;0,14,73427;180;6668;70654;2486;101,240080003;240080202;240080102,110000560;600;0|110000550;15;0|110000560;300;0,3,24008000,240080001,240080201,240080101,0,14,24008000,2700014;2700026;2700028;2700038,,attack1,hero_035q_attack1_dandao,hero_035q_attack1_hit_afk,1003,flag_1009,24008000,10000,700005;700014;700013;700027,hero_title240080,hero_title240080,hero2400801,hero_label_2400801;hero_label_2400802,hero_zm_240080,hero_bh_240080,hero_sh_240080,hero_sl_240080,hero_zy_240080,hero_rg_240080,hero_xh_240080,hero_sr_240080,hero_js_240080,hero_s1_240080,hero_s2_240080,hero_s3_240080,hero_height_053,hero_birth_053,hero_age_053,hero_birthplace_053,hero_hate_053,hero_nv,112,0
40,240081,3,5,4,0,2,1,0,0,,0,0,1,210074,1240081,60|10|10|10|10|10|10|20|20|20|20|20|20|30|30|30|30|30|30|40|40|40|40|40|40|50|50|50|50|50|50|60|60|60|60|60|60|60|60|60|60|60|60|80|80|80|80|80|80,"212001;0|212001;0|212001;0|212001;0|212001;0|212001;0|212001;0|212001;0|212001;0|212001;0|212001;0|212001;0|212001;2000|212001;0|212001;0|212001;0|212001;0|212001;0|212001;4000|212001;0|212001;0|212001;0|212001;0|212001;0|212001;10000|212001;0|212001;0|212001;0|212001;0|212001;0|212001;20000,200033;10|212001;0|212001;0|212001;0|212001;0|212001;0|212001;30000,200033;10|212001;0|212001;0|212001;0|212001;0|212001;0|212001;30000,200033;10|212001;0|212001;0|212001;0|212001;0|212001;0|212001;40000,200033;10",44,5903411;380;267343;1958586;7277;107,240081003;240081304;240081104;240081204,110000550;180;0|110000560;540;0|110000550;70;0|110000560;1140;0|110000550;120;0|110000560;1800;0|110000550;180;0|110000560;2520;0|110000550;240;0,4,24008100,240081001,240081301,240081101,240081201,99,24008100,2700013;2700030;2700035;2700036,recruit_014,attack1,fx_empty_hit,hero_014q_attack1_hit_afk,1003,flag_1004,24008100,10000,700002;700019;700012;700026,hero_title240081,hero_title240081,hero2400811,hero_label_2400811;hero_label_2400812,hero_zm_240081,hero_bh_240081,hero_sh_240081,hero_sl_240081,hero_zy_240081,hero_rg_240081,hero_xh_240081,hero_sr_240081,hero_js_240081,hero_s1_240081,hero_s2_240081,hero_s3_240081,hero_height_054,hero_birth_054,hero_age_054,hero_birthplace_054,hero_hate_054,hero_nv,104,0
41,240082,4,4,3,1,1,1,0,0,,0,0,1,210075,1240082,60|10|10|10|10|10|10|20|20|20|20|20|20|30|30|30|30|30|30|40|40|40|40|40|40|60|60|60|60|60|60|80|80|80|80|80|80,"212001;0|212001;0|212001;0|212001;0|212001;0|212001;0|212001;0|212001;0|212001;0|212001;0|212001;0|212001;0|212001;2000|212001;0|212001;0|212001;0|212001;0|212001;0|212001;4000|212001;0|212001;0|212001;0|212001;0|212001;0|212001;10000|212001;0|212001;0|212001;0|212001;0|212001;0|212001;15000,200031;10|212001;0|212001;0|212001;0|212001;0|212001;0|212001;15000,200031;10|212001;0|212001;0|212001;0|212001;0|212001;0|212001;15000,200031;10|212001;0|212001;0|212001;0|212001;0|212001;0|212001;15000,200031;10",44,2551831;380;111840;1654982;6599;101,240082004;240082303;240082104;240082203,110000560;1200;0|110000550;25;0|110000560;480;0|110000550;55;0|110000560;840;0|110000550;85;0|110000560;1200;0,4,24008200,240082001,240082301,240082101,240082201,44,24008200,2700014;2700026;2700028;2700038,,attack1,hero_023q_attack1_dandao,hero_023q_attack1_hit_afk,1003,flag_1005,24008200,10000,700005;700020;700007;700021,hero_title240082,hero_title240082,hero2400821,hero_label_2400821;hero_label_2400822,hero_zm_240082,hero_bh_240082,hero_sh_240082,hero_sl_240082,hero_zy_240082,hero_rg_240082,hero_xh_240082,hero_sr_240082,hero_js_240082,hero_s1_240082,hero_s2_240082,hero_s3_240082,hero_height_056,hero_birth_056,hero_age_056,hero_birthplace_056,hero_hate_056,hero_nv,112,0
42,240083,3,5,4,0,2,1,0,0,,0,0,1,210076,1240083,60|10|10|10|10|10|10|20|20|20|20|20|20|30|30|30|30|30|30|40|40|40|40|40|40|50|50|50|50|50|50|60|60|60|60|60|60|60|60|60|60|60|60|80|80|80|80|80|80,"212001;0|212001;0|212001;0|212001;0|212001;0|212001;0|212001;0|212001;0|212001;0|212001;0|212001;0|212001;0|212001;2000|212001;0|212001;0|212001;0|212001;0|212001;0|212001;4000|212001;0|212001;0|212001;0|212001;0|212001;0|212001;10000|212001;0|212001;0|212001;0|212001;0|212001;0|212001;20000,200033;10|212001;0|212001;0|212001;0|212001;0|212001;0|212001;30000,200033;10|212001;0|212001;0|212001;0|212001;0|212001;0|212001;30000,200033;10|212001;0|212001;0|212001;0|212001;0|212001;0|212001;40000,200033;10",44,5870854;380;266501;1931014;7356;310,240083003;240083304;240083104;240083204,110000550;180;0|110000560;540;0|110000550;70;0|110000560;1140;0|110000550;120;0|110000560;1800;0|110000550;180;0|110000560;2520;0|110000550;240;0,4,10000,240083001,240083301,240083101,240083201,99,24008300,2700012;2700013;2700030;2700034;2700035;2700040,recruit_064,attack,hero_064q_attack1_dandao,hero_064q_attack,1003,flag_1011,24008300,10000,700002;700017;700013;700023,hero_title240083,hero_title240083,hero2400831,hero_label_2400831;hero_label_2400832,hero_zm_240083,hero_bh_240083,hero_sh_240083,hero_sl_240083,hero_zy_240083,hero_rg_240083,hero_xh_240083,hero_sr_240083,hero_js_240083,hero_s1_240083,hero_s2_240083,hero_s3_240083,hero_height_052,hero_birth_052,hero_age_052,hero_birthplace_052,hero_hate_052,hero_nv,109,1
43,240084,3,2,3,0,0,1,0,0,,0,0,1,210077,1240084,60|10|10|10|10|10|10|20|20|20|20|20|20|30|30|30|30|30|30|40|40|40|40|40|40|60|60|60|60|60|60|80|80|80|80|80|80,"212001;0|212001;0|212001;0|212001;0|212001;0|212001;0|212001;0|212001;0|212001;0|212001;0|212001;0|212001;0|212001;2000|212001;0|212001;0|212001;0|212001;0|212001;0|212001;4000|212001;0|212001;0|212001;0|212001;0|212001;0|212001;10000|212001;0|212001;0|212001;0|212001;0|212001;0|212001;15000,200031;10|212001;0|212001;0|212001;0|212001;0|212001;0|212001;15000,200031;10|212001;0|212001;0|212001;0|212001;0|212001;0|212001;15000,200031;10|212001;0|212001;0|212001;0|212001;0|212001;0|212001;15000,200031;10",44,1903363;380;128395;908386;5301;107,240084004;240084303;240084104;240084203,110000550;100;0|110000560;300;0|110000550;40;0|110000560;660;0|110000550;70;0|110000560;1020;0|110000550;100;0,4,24008400,240084001,240084301,240084101,240084201,44,24008400,2700013;2700030;2700035,,attack1,hero_036q_attack1_dandao,hero_036q_attack1_hit_afk,1003,flag_1009,24008400,10000,700004;700020;700019;700023,hero_title240084,hero_title240084,hero2400841,hero_label_2400841;hero_label_2400842,hero_zm_240084,hero_bh_240084,hero_sh_240084,hero_sl_240084,hero_zy_240084,hero_rg_240084,hero_xh_240084,hero_sr_240084,hero_js_240084,hero_s1_240084,hero_s2_240084,hero_s3_240084,hero_height_055,hero_birth_055,hero_age_055,hero_birthplace_055,hero_hate_055,hero_nv,109,0
44,240085,2,5,4,0,2,1,0,0,,0,0,1,210078,1240085,60|10|10|10|10|10|10|20|20|20|20|20|20|30|30|30|30|30|30|40|40|40|40|40|40|50|50|50|50|50|50|60|60|60|60|60|60|60|60|60|60|60|60|80|80|80|80|80|80,"212001;0|212001;0|212001;0|212001;0|212001;0|212001;0|212001;0|212001;0|212001;0|212001;0|212001;0|212001;0|212001;2000|212001;0|212001;0|212001;0|212001;0|212001;0|212001;4000|212001;0|212001;0|212001;0|212001;0|212001;0|212001;10000|212001;0|212001;0|212001;0|212001;0|212001;0|212001;20000,200033;10|212001;0|212001;0|212001;0|212001;0|212001;0|212001;30000,200033;10|212001;0|212001;0|212001;0|212001;0|212001;0|212001;30000,200033;10|212001;0|212001;0|212001;0|212001;0|212001;0|212001;40000,200033;10",44,5858630;380;265957;1924934;7369;205,240085003;240085304;240085104;240085204,110000550;180;0|110000560;540;0|110000550;70;0|110000560;1140;0|110000550;120;0|110000560;1800;0|110000550;180;0|110000560;2520;0|110000550;240;0,4,24008500,240085001,240085301,240085101,240085201,99,24008500,2700013;2700015;2700031;2700034;2700037;2700040,recruit_054,attack1,hero_054q_attack1_dandao,hero_054q_attack1_hit_afk,1003,flag_1002,24008500,10000,700002;700007;700013;700029,hero_title240085,hero_title240085,hero2400851,hero_label_2400851;hero_label_2400852,hero_zm_240085,hero_bh_240085,hero_sh_240085,hero_sl_240085,hero_zy_240085,hero_rg_240085,hero_xh_240085,hero_sr_240085,hero_js_240085,hero_s1_240085,hero_s2_240085,hero_s3_240085,hero_height_047,hero_birth_047,hero_age_047,hero_birthplace_047,hero_hate_047,hero_nv,109,0
45,240086,1,5,4,0,2,1,0,0,,0,0,1,210079,1240086,60|10|10|10|10|10|10|20|20|20|20|20|20|30|30|30|30|30|30|40|40|40|40|40|40|50|50|50|50|50|50|60|60|60|60|60|60|60|60|60|60|60|60|80|80|80|80|80|80,"212001;0|212001;0|212001;0|212001;0|212001;0|212001;0|212001;0|212001;0|212001;0|212001;0|212001;0|212001;0|212001;2000|212001;0|212001;0|212001;0|212001;0|212001;0|212001;4000|212001;0|212001;0|212001;0|212001;0|212001;0|212001;10000|212001;0|212001;0|212001;0|212001;0|212001;0|212001;20000,200033;10|212001;0|212001;0|212001;0|212001;0|212001;0|212001;30000,200033;10|212001;0|212001;0|212001;0|212001;0|212001;0|212001;30000,200033;10|212001;0|212001;0|212001;0|212001;0|212001;0|212001;40000,200033;10",44,5241725;380;126532;2722093;9770;311,240086004;240086304;240086103;240086204,110000560;2160;0|110000550;45;0|110000560;840;0|110000550;95;0|110000560;1440;0|110000550;150;0|110000560;2160;0|110000550;210;0|110000560;2880;0,4,24008600,240086001,240086301,240086101,240086201,99,24008600,2700020;2700026;2700041;2700042;2700043,recruit_062,attack1,hero_062q_attack1_dandao,hero_062q_attack1_hit_afk,1003,flag_1008,24008600,10000,700002;700009;700018;700022,hero_title240086,hero_title240086,hero2400861,hero_label_2400861;hero_label_2400862,hero_zm_240086,hero_bh_240086,hero_sh_240086,hero_sl_240086,hero_zy_240086,hero_rg_240086,hero_xh_240086,hero_sr_240086,hero_js_240086,hero_s1_240086,hero_s2_240086,hero_s3_240086,hero_height_046,hero_birth_046,hero_age_046,hero_birthplace_046,hero_hate_046,hero_nv,108,0
46,240087,1,4,3,0,0,1,0,0,,0,0,1,210080,1240087,60|10|10|10|10|10|10|20|20|20|20|20|20|30|30|30|30|30|30|40|40|40|40|40|40|60|60|60|60|60|60|80|80|80|80|80|80,"212001;0|212001;0|212001;0|212001;0|212001;0|212001;0|212001;0|212001;0|212001;0|212001;0|212001;0|212001;0|212001;2000|212001;0|212001;0|212001;0|212001;0|212001;0|212001;4000|212001;0|212001;0|212001;0|212001;0|212001;0|212001;10000|212001;0|212001;0|212001;0|212001;0|212001;0|212001;15000,200031;10|212001;0|212001;0|212001;0|212001;0|212001;0|212001;15000,200031;10|212001;0|212001;0|212001;0|212001;0|212001;0|212001;15000,200031;10|212001;0|212001;0|212001;0|212001;0|212001;0|212001;15000,200031;10",44,1662155;380;60067;1259777;7157;301,240087004;240087303;240087103;240087204,110000560;1200;0|110000550;25;0|110000560;480;0|110000550;55;0|110000560;840;0|110000550;85;0|110000560;1200;0,4,24008700,240087001,240087301,240087101,240087201,44,24008700,2700020;2700026;2700041;2700042;2700043,,attack,hero_060q_attack1_dandao,hero_060q_attack,1003,flag_1008,24008700,10000,700005;700014;700006;700023,hero_title240087,hero_title240087,hero2400871,hero_label_2400871;hero_label_2400872,hero_zm_240087,hero_bh_240087,hero_sh_240087,hero_sl_240087,hero_zy_240087,hero_rg_240087,hero_xh_240087,hero_sr_240087,hero_js_240087,hero_s1_240087,hero_s2_240087,hero_s3_240087,hero_height_057,hero_birth_057,hero_age_057,hero_birthplace_057,hero_hate_057,hero_nv,101,1
47,240088,1,4,3,0,0,1,0,0,,0,0,1,210081,1240088,60|10|10|10|10|10|10|20|20|20|20|20|20|30|30|30|30|30|30|40|40|40|40|40|40|60|60|60|60|60|60|80|80|80|80|80|80,"212001;0|212001;0|212001;0|212001;0|212001;0|212001;0|212001;0|212001;0|212001;0|212001;0|212001;0|212001;0|212001;2000|212001;0|212001;0|212001;0|212001;0|212001;0|212001;4000|212001;0|212001;0|212001;0|212001;0|212001;0|212001;10000|212001;0|212001;0|212001;0|212001;0|212001;0|212001;15000,200031;10|212001;0|212001;0|212001;0|212001;0|212001;0|212001;15000,200031;10|212001;0|212001;0|212001;0|212001;0|212001;0|212001;15000,200031;10|212001;0|212001;0|212001;0|212001;0|212001;0|212001;15000,200031;10",44,1568313;380;57420;1336357;7661;313,240088003;240088303;240088104;240088204,110000560;1200;0|110000550;25;0|110000560;480;0|110000550;55;0|110000560;840;0|110000550;85;0|110000560;1200;0,4,24008800,240088001,240088301,240088101,240088201,44,24008800,2700020;2700026;2700041;2700042;2700043,,attack,hero_045q_attack1_dandao,hero_045q_attack,1003,flag_1011,24008800,10000,700005;700006;700007;700022,hero_title240088,hero_title240088,hero2400881,hero_label_2400881;hero_label_2400882,hero_zm_240088,hero_bh_240088,hero_sh_240088,hero_sl_240088,hero_zy_240088,hero_rg_240088,hero_xh_240088,hero_sr_240088,hero_js_240088,hero_s1_240088,hero_s2_240088,hero_s3_240088,hero_height_058,hero_birth_058,hero_age_058,hero_birthplace_058,hero_hate_058,hero_nv,110,1
48,240089,2,1,3,1,1,1,0,0,,0,0,1,210082,1240089,60|10|10|10|10|10|10|20|20|20|20|20|20|30|30|30|30|30|30|40|40|40|40|40|40|60|60|60|60|60|60|80|80|80|80|80|80,"212001;0|212001;0|212001;0|212001;0|212001;0|212001;0|212001;0|212001;0|212001;0|212001;0|212001;0|212001;0|212001;2000|212001;0|212001;0|212001;0|212001;0|212001;0|212001;4000|212001;0|212001;0|212001;0|212001;0|212001;0|212001;10000|212001;0|212001;0|212001;0|212001;0|212001;0|212001;15000,200031;10|212001;0|212001;0|212001;0|212001;0|212001;0|212001;15000,200031;10|212001;0|212001;0|212001;0|212001;0|212001;0|212001;15000,200031;10|212001;0|212001;0|212001;0|212001;0|212001;0|212001;15000,200031;10",44,2704750;380;158251;1160461;6069;205,240089004;240089303;240089103;240089204,110000550;100;0|110000560;300;0|110000550;40;0|110000560;660;0|110000550;70;0|110000560;1020;0|110000550;100;0,4,24008900,240089001,240089301,240089101,240089201,44,24008900,2700012;2700013;2700031;2700034;2700037,,attack1,hero_011q_attack1_dandao,hero_011q_attack1_hit_afk,1003,flag_1003,24008900,10000,700005;700014;700016;700029,hero_title240089,hero_title240089,hero2400891,hero_label_2400891;hero_label_2400892,hero_zm_240089,hero_bh_240089,hero_sh_240089,hero_sl_240089,hero_zy_240089,hero_rg_240089,hero_xh_240089,hero_sr_240089,hero_js_240089,hero_s1_240089,hero_s2_240089,hero_s3_240089,hero_height_059,hero_birth_059,hero_age_059,hero_birthplace_059,hero_hate_059,hero_nv,109,0
49,240090,1,1,3,1,0,1,0,0,,0,0,1,210083,1240090,60|10|10|10|10|10|10|20|20|20|20|20|20|30|30|30|30|30|30|40|40|40|40|40|40|60|60|60|60|60|60|80|80|80|80|80|80,"212001;0|212001;0|212001;0|212001;0|212001;0|212001;0|212001;0|212001;0|212001;0|212001;0|212001;0|212001;0|212001;2000|212001;0|212001;0|212001;0|212001;0|212001;0|212001;4000|212001;0|212001;0|212001;0|212001;0|212001;0|212001;10000|212001;0|212001;0|212001;0|212001;0|212001;0|212001;15000,200031;10|212001;0|212001;0|212001;0|212001;0|212001;0|212001;15000,200031;10|212001;0|212001;0|212001;0|212001;0|212001;0|212001;15000,200031;10|212001;0|212001;0|212001;0|212001;0|212001;0|212001;15000,200031;10",44,2242771;380;70273;1528756;8059;313,240090004;240090303;240090104;240090203,110000560;1200;0|110000550;25;0|110000560;480;0|110000550;55;0|110000560;840;0|110000550;85;0|110000560;1200;0,4,24009000,240090001,240090301,240090101,240090201,44,24009000,2700020;2700026;2700041;2700042;2700043,,attack,hero_015q_attack1_dandao,hero_015q_attack,1003,flag_1005,24009000,10000,700002;700015;700007;700026,hero_title240090,hero_title240090,hero2400901,hero_label_2400901;hero_label_2400902,hero_zm_240090,hero_bh_240090,hero_sh_240090,hero_sl_240090,hero_zy_240090,hero_rg_240090,hero_xh_240090,hero_sr_240090,hero_js_240090,hero_s1_240090,hero_s2_240090,hero_s3_240090,hero2400364,hero2400365,hero2400366,hero2400367,hero2400368,hero_nan,110,1
50,240091,1,3,3,1,1,1,0,0,,0,0,1,210084,1240091,60|10|10|10|10|10|10|20|20|20|20|20|20|30|30|30|30|30|30|40|40|40|40|40|40|60|60|60|60|60|60|80|80|80|80|80|80,"212001;0|212001;0|212001;0|212001;0|212001;0|212001;0|212001;0|212001;0|212001;0|212001;0|212001;0|212001;0|212001;2000|212001;0|212001;0|212001;0|212001;0|212001;0|212001;4000|212001;0|212001;0|212001;0|212001;0|212001;0|212001;10000|212001;0|212001;0|212001;0|212001;0|212001;0|212001;15000,200031;10|212001;0|212001;0|212001;0|212001;0|212001;0|212001;15000,200031;10|212001;0|212001;0|212001;0|212001;0|212001;0|212001;15000,200031;10|212001;0|212001;0|212001;0|212001;0|212001;0|212001;15000,200031;10",44,2145202;380;72485;1577027;8313;313,240091003;240091303;240091104;240091204,110000560;1200;0|110000550;25;0|110000560;480;0|110000550;55;0|110000560;840;0|110000550;85;0|110000560;1200;0,4,24009100,240091001,240091301,240091101,240091201,44,24009100,2700020;2700026;2700041;2700042;2700043,,attack,hero_019q_attack1_dandao,hero_019q_attack,1003,flag_1004,24009100,10000,700001;700017;700013;700025,hero_title240091,hero_title240091,hero2400911,hero_label_2400911;hero_label_2400912,hero_zm_240091,hero_bh_240091,hero_sh_240091,hero_sl_240091,hero_zy_240091,hero_rg_240091,hero_xh_240091,hero_sr_240091,hero_js_240091,hero_s1_240091,hero_s2_240091,hero_s3_240091,hero_height_060,hero_birth_060,hero_age_060,hero_birthplace_060,hero_hate_060,hero_nv,106,1
51,240092,4,5,4,0,2,1,0,0,,0,0,1,210085,1240092,60|10|10|10|10|10|10|20|20|20|20|20|20|30|30|30|30|30|30|40|40|40|40|40|40|50|50|50|50|50|50|60|60|60|60|60|60|60|60|60|60|60|60|80|80|80|80|80|80,"212001;0|212001;0|212001;0|212001;0|212001;0|212001;0|212001;0|212001;0|212001;0|212001;0|212001;0|212001;0|212001;2000|212001;0|212001;0|212001;0|212001;0|212001;0|212001;4000|212001;0|212001;0|212001;0|212001;0|212001;0|212001;10000|212001;0|212001;0|212001;0|212001;0|212001;0|212001;20000,200033;10|212001;0|212001;0|212001;0|212001;0|212001;0|212001;30000,200033;10|212001;0|212001;0|212001;0|212001;0|212001;0|212001;30000,200033;10|212001;0|212001;0|212001;0|212001;0|212001;0|212001;40000,200033;10",44,5643052;380;196992;2921235;8026;201,240092003;240092304;240092104;240092204,110000560;2160;0|110000550;45;0|110000560;840;0|110000550;95;0|110000560;1440;0|110000550;150;0|110000560;2160;0|110000550;210;0|110000560;2880;0,4,24009200,240092001,240092301,240092101,240092201,99,24009200,2700014;2700026;2700028;2700038,recruit_010,attack1,hero_010q_attack1_dandao,hero_010q_attack1_hit_afk,1003,flag_1003,24009200,10000,700002;700008;700012;700025,hero_title240092,hero_title240092,hero2400921,hero_label_2400921;hero_label_2400922,hero_zm_240092,hero_bh_240092,hero_sh_240092,hero_sl_240092,hero_zy_240092,hero_rg_240092,hero_xh_240092,hero_sr_240092,hero_js_240092,hero_s1_240092,hero_s2_240092,hero_s3_240092,hero_height_061,hero_birth_061,hero_age_061,hero_birthplace_061,hero_hate_061,hero_nv,110,0
52,240093,2,3,4,0,2,1,0,0,,0,0,1,210086,1240093,60|10|10|10|10|10|10|20|20|20|20|20|20|30|30|30|30|30|30|40|40|40|40|40|40|50|50|50|50|50|50|60|60|60|60|60|60|60|60|60|60|60|60|80|80|80|80|80|80,"212001;0|212001;0|212001;0|212001;0|212001;0|212001;0|212001;0|212001;0|212001;0|212001;0|212001;0|212001;0|212001;2000|212001;0|212001;0|212001;0|212001;0|212001;0|212001;4000|212001;0|212001;0|212001;0|212001;0|212001;0|212001;10000|212001;0|212001;0|212001;0|212001;0|212001;0|212001;20000,200033;10|212001;0|212001;0|212001;0|212001;0|212001;0|212001;30000,200033;10|212001;0|212001;0|212001;0|212001;0|212001;0|212001;30000,200033;10|212001;0|212001;0|212001;0|212001;0|212001;0|212001;40000,200033;10",44,5901326;380;265957;1964274;7297;105,240093003;240093304;240093104;240093204,110000550;180;0|110000560;540;0|110000550;70;0|110000560;1140;0|110000550;120;0|110000560;1800;0|110000550;180;0|110000560;2520;0|110000550;240;0,4,24009300,240093001,240093301,240093101,240093201,99,24009300,2700013;2700015;2700031;2700034;2700037;2700040,recruit_052,attack,hero_052q_attack1_dandao,hero_052q_attack,1003,flag_1003,24009300,10000,700001;700017;700015;700029,hero_title240093,hero_title240093,hero2400931,hero_label_2400931;hero_label_2400932,hero_zm_240093,hero_bh_240093,hero_sh_240093,hero_sl_240093,hero_zy_240093,hero_rg_240093,hero_xh_240093,hero_sr_240093,hero_js_240093,hero_s1_240093,hero_s2_240093,hero_s3_240093,hero_height_062,hero_birth_062,hero_age_062,hero_birthplace_062,hero_hate_062,hero_nv,109,1
53,240094,3,2,4,0,2,1,0,0,,0,0,1,210087,1240094,60|10|10|10|10|10|10|20|20|20|20|20|20|30|30|30|30|30|30|40|40|40|40|40|40|50|50|50|50|50|50|60|60|60|60|60|60|60|60|60|60|60|60|80|80|80|80|80|80,"212001;0|212001;0|212001;0|212001;0|212001;0|212001;0|212001;0|212001;0|212001;0|212001;0|212001;0|212001;0|212001;2000|212001;0|212001;0|212001;0|212001;0|212001;0|212001;4000|212001;0|212001;0|212001;0|212001;0|212001;0|212001;10000|212001;0|212001;0|212001;0|212001;0|212001;0|212001;20000,200033;10|212001;0|212001;0|212001;0|212001;0|212001;0|212001;30000,200033;10|212001;0|212001;0|212001;0|212001;0|212001;0|212001;30000,200033;10|212001;0|212001;0|212001;0|212001;0|212001;0|212001;40000,200033;10",44,5879649;380;265957;1938771;7369;212,240094003;240094304;240094104;240094204,110000550;180;0|110000560;540;0|110000550;70;0|110000560;1140;0|110000550;120;0|110000560;1800;0|110000550;180;0|110000560;2520;0|110000550;240;0,4,24009400,240094001,240094301,240094101,240094201,99,24009400,2700013;2700025;2700030;2700035,recruit_051,attack0,hero_051q_attack1_dandao,hero_051q_attack,1003,flag_1003,24009400,10000,700004;700019;700016;700023,hero_title240094,hero_title240094,hero2400941,hero_label_2400941;hero_label_2400942,hero_zm_240094,hero_bh_240094,hero_sh_240094,hero_sl_240094,hero_zy_240094,hero_rg_240094,hero_xh_240094,hero_sr_240094,hero_js_240094,hero_s1_240094,hero_s2_240094,hero_s3_240094,hero_height_004,hero_birth_004,hero_age_004,hero_birthplace_004,hero_hate_004,hero_nv,104,1
54,240095,3,5,4,0,2,1,0,0,,0,0,1,210088,1240095,60|10|10|10|10|10|10|20|20|20|20|20|20|30|30|30|30|30|30|40|40|40|40|40|40|50|50|50|50|50|50|60|60|60|60|60|60|60|60|60|60|60|60|80|80|80|80|80|80,"212001;0|212001;0|212001;0|212001;0|212001;0|212001;0|212001;0|212001;0|212001;0|212001;0|212001;0|212001;0|212001;2000|212001;0|212001;0|212001;0|212001;0|212001;0|212001;4000|212001;0|212001;0|212001;0|212001;0|212001;0|212001;10000|212001;0|212001;0|212001;0|212001;0|212001;0|212001;20000,200033;10|212001;0|212001;0|212001;0|212001;0|212001;0|212001;30000,200033;10|212001;0|212001;0|212001;0|212001;0|212001;0|212001;30000,200033;10|212001;0|212001;0|212001;0|212001;0|212001;0|212001;40000,200033;10",44,5920816;380;268683;1945299;7374;104,240095004;240095304;240095104;240095203,110000550;180;0|110000560;540;0|110000550;70;0|110000560;1140;0|110000550;120;0|110000560;1800;0|110000550;180;0|110000560;2520;0|110000550;240;0,4,24009500,240095001,240095301,240095101,240095201,99,24009500,2700013;2700025;2700030;2700035,recruit_012,attack,hero_012q_attack1_dandao,hero_012q_attack,1003,flag_1005,24009500,10000,700002;700011;700015;700022,hero_title240095,hero_title240095,hero2400951,hero_label_2400951;hero_label_2400952,hero_zm_240095,hero_bh_240095,hero_sh_240095,hero_sl_240095,hero_zy_240095,hero_rg_240095,hero_xh_240095,hero_sr_240095,hero_js_240095,hero_s1_240095,hero_s2_240095,hero_s3_240095,hero_height_030,hero_birth_030,hero_age_030,hero_birthplace_030,hero_hate_030,hero_nv,102,1
55,240096,2,1,4,0,2,1,0,0,,0,0,1,210089,1240096,60|10|10|10|10|10|10|20|20|20|20|20|20|30|30|30|30|30|30|40|40|40|40|40|40|50|50|50|50|50|50|60|60|60|60|60|60|60|60|60|60|60|60|80|80|80|80|80|80,"212001;0|212001;0|212001;0|212001;0|212001;0|212001;0|212001;0|212001;0|212001;0|212001;0|212001;0|212001;0|212001;2000|212001;0|212001;0|212001;0|212001;0|212001;0|212001;4000|212001;0|212001;0|212001;0|212001;0|212001;0|212001;10000|212001;0|212001;0|212001;0|212001;0|212001;0|212001;20000,200033;10|212001;0|212001;0|212001;0|212001;0|212001;0|212001;30000,200033;10|212001;0|212001;0|212001;0|212001;0|212001;0|212001;30000,200033;10|212001;0|212001;0|212001;0|212001;0|212001;0|212001;40000,200033;10",44,5906077;380;263785;1987430;7273;204,240096004;240096304;240096104;240096203,110000550;180;0|110000560;540;0|110000550;70;0|110000560;1140;0|110000550;120;0|110000560;1800;0|110000550;180;0|110000560;2520;0|110000550;240;0,4,24009600,240096001,240096301,240096101,240096201,99,24009600,2700012;2700013;2700031;2700034;2700037;2700040,recruit_050,attack1,hero_050q_attack1_dandao,hero_050q_attack1_hit_afk,1003,flag_1003,24009600,10000,700003;700009;700012;700028,hero_title240096,hero_title240096,hero2400961,hero_label_2400961;hero_label_2400962,hero_zm_240096,hero_bh_240096,hero_sh_240096,hero_sl_240096,hero_zy_240096,hero_rg_240096,hero_xh_240096,hero_sr_240096,hero_js_240096,hero_s1_240096,hero_s2_240096,hero_s3_240096,hero_height_034,hero_birth_034,hero_age_034,hero_birthplace_034,hero_hate_034,hero_nv,109,0
56,240097,1,4,4,0,2,1,0,0,,0,0,1,210090,1240097,60|10|10|10|10|10|10|20|20|20|20|20|20|30|30|30|30|30|30|40|40|40|40|40|40|50|50|50|50|50|50|60|60|60|60|60|60|60|60|60|60|60|60|80|80|80|80|80|80,"212001;0|212001;0|212001;0|212001;0|212001;0|212001;0|212001;0|212001;0|212001;0|212001;0|212001;0|212001;0|212001;2000|212001;0|212001;0|212001;0|212001;0|212001;0|212001;4000|212001;0|212001;0|212001;0|212001;0|212001;0|212001;10000|212001;0|212001;0|212001;0|212001;0|212001;0|212001;20000,200033;10|212001;0|212001;0|212001;0|212001;0|212001;0|212001;30000,200033;10|212001;0|212001;0|212001;0|212001;0|212001;0|212001;30000,200033;10|212001;0|212001;0|212001;0|212001;0|212001;0|212001;40000,200033;10",44,5183537;380;125693;2632018;10043;304,240097004;240097304;240097103;240097204,110000560;2160;0|110000550;45;0|110000560;840;0|110000550;95;0|110000560;1440;0|110000550;150;0|110000560;2160;0|110000550;210;0|110000560;2880;0,4,24009700,240097001,240097301,240097101,240097201,99,24009700,2700020;2700026;2700041;2700042;2700043,recruit_065,attack1,hero_065q_attack1_dandao,hero_065q_attack1_hit_afk,1003,flag_1005,24009700,10000,700005;700006;700010;700029,hero_title240097,hero_title240097,hero2400971,hero_label_2400971;hero_label_2400972,hero_zm_240097,hero_bh_240097,hero_sh_240097,hero_sl_240097,hero_zy_240097,hero_rg_240097,hero_xh_240097,hero_sr_240097,hero_js_240097,hero_s1_240097,hero_s2_240097,hero_s3_240097,hero_height_048,hero_birth_048,hero_age_048,hero_birthplace_048,hero_hate_048,hero_nv,108,1
57,240098,4,1,4,0,2,1,0,0,,0,0,1,210091,1240098,60|10|10|10|10|10|10|20|20|20|20|20|20|30|30|30|30|30|30|40|40|40|40|40|40|50|50|50|50|50|50|60|60|60|60|60|60|60|60|60|60|60|60|80|80|80|80|80|80,"212001;0|212001;0|212001;0|212001;0|212001;0|212001;0|212001;0|212001;0|212001;0|212001;0|212001;0|212001;0|212001;2000|212001;0|212001;0|212001;0|212001;0|212001;0|212001;4000|212001;0|212001;0|212001;0|212001;0|212001;0|212001;10000|212001;0|212001;0|212001;0|212001;0|212001;0|212001;20000,200033;10|212001;0|212001;0|212001;0|212001;0|212001;0|212001;30000,200033;10|212001;0|212001;0|212001;0|212001;0|212001;0|212001;30000,200033;10|212001;0|212001;0|212001;0|212001;0|212001;0|212001;40000,200033;10",44,5602905;380;196372;2877017;8081;312,240098003;240098304;240098104;240098204,110000560;2160;0|110000550;45;0|110000560;840;0|110000550;95;0|110000560;1440;0|110000550;150;0|110000560;2160;0|110000550;210;0|110000560;2880;0,4,10000,240098001,240098301,240098101,240098201,99,24009800,2700014;2700026;2700028;2700038,recruit_009,attack1,hero_009q_attack1_dandao,hero_009q_attack1_hit_afk,1003,flag_1005,24009800,10000,700002;700017;700009;700025,hero_title240098,hero_title240098,hero2400981,hero_label_2400981;hero_label_2400982,hero_zm_240098,hero_bh_240098,hero_sh_240098,hero_sl_240098,hero_zy_240098,hero_rg_240098,hero_xh_240098,hero_sr_240098,hero_js_240098,hero_s1_240098,hero_s2_240098,hero_s3_240098,hero_height_063,hero_birth_063,hero_age_063,hero_birthplace_063,hero_hate_063,hero_nv,106,0
58,240099,1,2,4,0,2,1,0,0,,0,0,1,210092,1240099,60|10|10|10|10|10|10|20|20|20|20|20|20|30|30|30|30|30|30|40|40|40|40|40|40|50|50|50|50|50|50|60|60|60|60|60|60|60|60|60|60|60|60|80|80|80|80|80|80,"212001;0|212001;0|212001;0|212001;0|212001;0|212001;0|212001;0|212001;0|212001;0|212001;0|212001;0|212001;0|212001;2000|212001;0|212001;0|212001;0|212001;0|212001;0|212001;4000|212001;0|212001;0|212001;0|212001;0|212001;0|212001;10000|212001;0|212001;0|212001;0|212001;0|212001;0|212001;20000,200033;10|212001;0|212001;0|212001;0|212001;0|212001;0|212001;30000,200033;10|212001;0|212001;0|212001;0|212001;0|212001;0|212001;30000,200033;10|212001;0|212001;0|212001;0|212001;0|212001;0|212001;40000,200033;10",44,5225689;380;121858;2765319;10009;300,240099003;240099304;240099104;240099204,110000560;2160;0|110000550;45;0|110000560;840;0|110000550;95;0|110000560;1440;0|110000550;150;0|110000560;2160;0|110000550;210;0|110000560;2880;0,4,10000,240099001,240099301,240099101,240099201,99,24009900,2700020;2700026;2700041;2700042;2700043,recruit_061,attack,hero_061q_attack1_dandao,hero_061q_attack,1003,flag_1008,24009900,10000,700004;700009;700007;700024,hero_title240099,hero_title240099,hero2400991,hero_label_2400991;hero_label_2400992,hero_zm_240099,hero_bh_240099,hero_sh_240099,hero_sl_240099,hero_zy_240099,hero_rg_240099,hero_xh_240099,hero_sr_240099,hero_js_240099,hero_s1_240099,hero_s2_240099,hero_s3_240099,hero_height_064,hero_birth_064,hero_age_064,hero_birthplace_064,hero_hate_064,hero_nv,108,1
59,240100,4,3,4,0,2,1,0,0,,0,0,1,210093,1240100,60|10|10|10|10|10|10|20|20|20|20|20|20|30|30|30|30|30|30|40|40|40|40|40|40|50|50|50|50|50|50|60|60|60|60|60|60|60|60|60|60|60|60|80|80|80|80|80|80,"212001;0|212001;0|212001;0|212001;0|212001;0|212001;0|212001;0|212001;0|212001;0|212001;0|212001;0|212001;0|212001;2000|212001;0|212001;0|212001;0|212001;0|212001;0|212001;4000|212001;0|212001;0|212001;0|212001;0|212001;0|212001;10000|212001;0|212001;0|212001;0|212001;0|212001;0|212001;20000,200033;10|212001;0|212001;0|212001;0|212001;0|212001;0|212001;30000,200033;10|212001;0|212001;0|212001;0|212001;0|212001;0|212001;30000,200033;10|212001;0|212001;0|212001;0|212001;0|212001;0|212001;40000,200033;10",44,5625478;380;194178;2937412;8061;101,240100003;240100304;240100104;240100204,110000560;2160;0|110000550;45;0|110000560;840;0|110000550;95;0|110000560;1440;0|110000550;150;0|110000560;2160;0|110000550;210;0|110000560;2880;0,4,24010000,240100001,240100301,240100101,240100201,99,24010000,2700014;2700026;2700028;2700038,recruit_013,attack1,hero_013q_attack1_dandao,hero_013q_attack1_hit_afk,1003,flag_1007,24010000,10000,700001;700020;700008;700030,hero_title240100,hero_title240100,hero2401001,hero_label_2401001;hero_label_2401002,hero_zm_240100,hero_bh_240100,hero_sh_240100,hero_sl_240100,hero_zy_240100,hero_rg_240100,hero_xh_240100,hero_sr_240100,hero_js_240100,hero_s1_240100,hero_s2_240100,hero_s3_240100,hero_height_065,hero_birth_065,hero_age_065,hero_birthplace_065,hero_hate_065,hero_nv,112,0
60,240101,3,4,4,0,2,1,0,0,,0,0,1,210094,1240101,60|10|10|10|10|10|10|20|20|20|20|20|20|30|30|30|30|30|30|40|40|40|40|40|40|50|50|50|50|50|50|60|60|60|60|60|60|60|60|60|60|60|60|80|80|80|80|80|80,"212001;0|212001;0|212001;0|212001;0|212001;0|212001;0|212001;0|212001;0|212001;0|212001;0|212001;0|212001;0|212001;2000|212001;0|212001;0|212001;0|212001;0|212001;0|212001;4000|212001;0|212001;0|212001;0|212001;0|212001;0|212001;10000|212001;0|212001;0|212001;0|212001;0|212001;0|212001;20000,200033;10|212001;0|212001;0|212001;0|212001;0|212001;0|212001;30000,200033;10|212001;0|212001;0|212001;0|212001;0|212001;0|212001;30000,200033;10|212001;0|212001;0|212001;0|212001;0|212001;0|212001;40000,200033;10",44,5902946;380;265123;1958145;7383;108,240101004;240101304;240101104;240101203,110000550;180;0|110000560;540;0|110000550;70;0|110000560;1140;0|110000550;120;0|110000560;1800;0|110000550;180;0|110000560;2520;0|110000550;240;0,4,24010100,240101001,240101301,240101101,240101201,99,24010100,2700013;2700030;2700035,recruit_053,attack1,hero_053q_attack1_dandao,hero_053q_attack1_hit_afk,1003,flag_1003,24010100,10000,700005;700019;700012;700026,hero_title240101,hero_title240101,hero2401011,hero_label_2401011;hero_label_2401012,hero_zm_240101,hero_bh_240101,hero_sh_240101,hero_sl_240101,hero_zy_240101,hero_rg_240101,hero_xh_240101,hero_sr_240101,hero_js_240101,hero_s1_240101,hero_s2_240101,hero_s3_240101,hero_height_066,hero_birth_066,hero_age_066,hero_birthplace_066,hero_hate_066,hero_nv,107,0
61,240102,2,5,4,0,2,1,0,0,,0,0,1,210095,1240102,60|10|10|10|10|10|10|20|20|20|20|20|20|30|30|30|30|30|30|40|40|40|40|40|40|50|50|50|50|50|50|60|60|60|60|60|60|60|60|60|60|60|60|80|80|80|80|80|80,"212001;0|212001;0|212001;0|212001;0|212001;0|212001;0|212001;0|212001;0|212001;0|212001;0|212001;0|212001;0|212001;2000|212001;0|212001;0|212001;0|212001;0|212001;0|212001;4000|212001;0|212001;0|212001;0|212001;0|212001;0|212001;10000|212001;0|212001;0|212001;0|212001;0|212001;0|212001;20000,200033;10|212001;0|212001;0|212001;0|212001;0|212001;0|212001;30000,200033;10|212001;0|212001;0|212001;0|212001;0|212001;0|212001;30000,200033;10|212001;0|212001;0|212001;0|212001;0|212001;0|212001;40000,200033;10",44,5892045;380;263240;1967516;7366;104,240102003;240102304;240102104;240102204,110000550;180;0|110000560;540;0|110000550;70;0|110000560;1140;0|110000550;120;0|110000560;1800;0|110000550;180;0|110000560;2520;0|110000550;240;0,4,24010200,240102001,240102301,240102101,240102201,99,24010200,2700013;2700031;2700037;2700040,recruit_046,attack1,hero_046q_attack1_dandao,hero_046q_attack1_hit_afk,1003,flag_1009,24010200,10000,700002;700011;700017;700027,hero_title240102,hero_title240102,hero2401021,hero_label_2401021;hero_label_2401022,hero_zm_240102,hero_bh_240102,hero_sh_240102,hero_sl_240102,hero_zy_240102,hero_rg_240102,hero_xh_240102,hero_sr_240102,hero_js_240102,hero_s1_240102,hero_s2_240102,hero_s3_240102,hero_height_067,hero_birth_067,hero_age_067,hero_birthplace_067,hero_hate_067,hero_nv,109,0
62,240103,4,5,4,0,2,1,0,0,,0,0,1,210096,1240103,60|10|10|10|10|10|10|20|20|20|20|20|20|30|30|30|30|30|30|40|40|40|40|40|40|50|50|50|50|50|50|60|60|60|60|60|60|60|60|60|60|60|60|80|80|80|80|80|80,"212001;0|212001;0|212001;0|212001;0|212001;0|212001;0|212001;0|212001;0|212001;0|212001;0|212001;0|212001;0|212001;2000|212001;0|212001;0|212001;0|212001;0|212001;0|212001;4000|212001;0|212001;0|212001;0|212001;0|212001;0|212001;10000|212001;0|212001;0|212001;0|212001;0|212001;0|212001;20000,200033;10|212001;0|212001;0|212001;0|212001;0|212001;0|212001;30000,200033;10|212001;0|212001;0|212001;0|212001;0|212001;0|212001;30000,200033;10|212001;0|212001;0|212001;0|212001;0|212001;0|212001;40000,200033;10",44,5673537;380;199009;2922076;8030;300,240103004;240103304;240103103;240103204,110000560;2160;0|110000550;45;0|110000560;840;0|110000550;95;0|110000560;1440;0|110000550;150;0|110000560;2160;0|110000550;210;0|110000560;2880;0,4,24010300,240103001,240103301,240103101,240103201,99,24010300,2700014;2700026;2700028;2700038,recruit_027,attack1,hero_027q_attack1_dandao,hero_027q_attack1_hit_afk,1003,flag_1003,24010300,10000,700003;700020;700019;700027,hero_title240103,hero_title240103,hero2401031,hero_label_2401031;hero_label_2401032,hero_zm_240103,hero_bh_240103,hero_sh_240103,hero_sl_240103,hero_zy_240103,hero_rg_240103,hero_xh_240103,hero_sr_240103,hero_js_240103,hero_s1_240103,hero_s2_240103,hero_s3_240103,hero_height_068,hero_birth_068,hero_age_068,hero_birthplace_068,hero_hate_068,hero_nv,103,0
63,240051,4,1,3,0,0,0,0,0,,0,0,1,210044,1240051,60|10|10|10|10|10|10|20|20|20|20|20|20|30|30|30|30|30|30|40|40|40|40|40|40|60|60|60|60|60|60|80|80|80|80|80|80,"212001;0|212001;0|212001;0|212001;0|212001;0|212001;0|212001;0|212001;0|212001;0|212001;0|212001;0|212001;0|212001;2000|212001;0|212001;0|212001;0|212001;0|212001;0|212001;4000|212001;0|212001;0|212001;0|212001;0|212001;0|212001;10000|212001;0|212001;0|212001;0|212001;0|212001;0|212001;15000,200031;10|212001;0|212001;0|212001;0|212001;0|212001;0|212001;15000,200031;10|212001;0|212001;0|212001;0|212001;0|212001;0|212001;15000,200031;10|212001;0|212001;0|212001;0|212001;0|212001;0|212001;15000,200031;10",44,36424;260;6390;101262;1969;107,240051003;240051103;240051203;240051303,110000560;1200;0|110000550;25;0|110000560;480;0|110000550;55;0|110000560;840;0|110000550;85;0|110000560;1200;0,4,10000,240051001,240051301,240051101,240051201,44,24005100,2700003;2700004,,attack1,hero_001q_attack1_dandao,hero_001q_attack1_hit_afk,1003,flag_1001,24005100,10000,,hero_title240051,hero_title240051,hero2400511,hero_label_2400511;hero_label_2400512,hero_zm_240051,hero_bh_240051,hero_sh_240051,hero_sl_240051,hero_zy_240051,hero_rg_240051,hero_xh_240051,hero_sr_240051,hero_js_240051,hero_s1_240051,hero_s2_240051,hero_s3_240051,hero2401504,hero2401505,hero2401506,hero2401507,hero2401508,hero_nv,110,0
64,240049,2,3,3,0,0,0,0,0,,0,0,1,210042,1240049,60|10|10|10|10|10|10|20|20|20|20|20|20|30|30|30|30|30|30|40|40|40|40|40|40|60|60|60|60|60|60|80|80|80|80|80|80,"212001;0|212001;0|212001;0|212001;0|212001;0|212001;0|212001;0|212001;0|212001;0|212001;0|212001;0|212001;0|212001;2000|212001;0|212001;0|212001;0|212001;0|212001;0|212001;4000|212001;0|212001;0|212001;0|212001;0|212001;0|212001;10000|212001;0|212001;0|212001;0|212001;0|212001;0|212001;15000,200031;10|212001;0|212001;0|212001;0|212001;0|212001;0|212001;15000,200031;10|212001;0|212001;0|212001;0|212001;0|212001;0|212001;15000,200031;10|212001;0|212001;0|212001;0|212001;0|212001;0|212001;15000,200031;10",44,40580;260;11928;73336;1592;104,240049003;240049103;240049203;240049303,110000550;100;0|110000560;300;0|110000550;40;0|110000560;660;0|110000550;70;0|110000560;1020;0|110000550;100;0,4,10000,240049001,240049301,240049101,240049201,44,24004900,2700001;2700002,,attack1,hero_001q_attack1_dandao,hero_001q_attack1_hit_afk,1003,flag_1001,24004900,10000,,hero_title240049,hero_title240049,hero2400491,hero_label_2400491;hero_label_2400492,hero_zm_240049,hero_bh_240049,hero_sh_240049,hero_sl_240049,hero_zy_240049,hero_rg_240049,hero_xh_240049,hero_sr_240049,hero_js_240049,hero_s1_240049,hero_s2_240049,hero_s3_240049,hero2401304,hero2401305,hero2401306,hero2401307,hero2401308,hero_nv,109,0
65,240064,3,1,1,0,0,0,0,0,,0,0,0,210057,1240064,20|0|0|0|0|0|0|0|0|0|0|0|0|0|0|0|0|0|0|0|0|0|0|0|0,212001;0|212001;0|212001;0|212001;0|212001;0|212001;0|212001;0|212001;0|212001;0|212001;0|212001;0|212001;0|212001;0|212001;0|212001;0|212001;0|212001;0|212001;0|212001;10000|212001;0|212001;0|212001;0|212001;0|212001;0|212001;0,2,927;100;596;3109;481;104,240064001,110000550;25;0,1,24006400,240064001,0,0,0,2,24006400,2700003;2700004,,attack1,hero_001q_attack1_dandao,hero_001q_attack1_hit_afk,1003,flag_1001,24006400,10000,,hero_title240064,hero_title240064,hero2400641,hero_label_2400641;hero_label_2400642,hero_zm_240064,hero_bh_240064,hero_sh_240064,hero_sl_240064,hero_zy_240064,hero_rg_240064,hero_xh_240064,hero_sr_240064,hero_js_240064,hero_s1_240064,hero_s2_240064,hero_s3_240064,hero2402804,hero2402805,hero2402806,hero2402807,hero2402808,hero_nv,104,0
66,240075,1,2,3,0,0,0,0,0,,0,0,1,210068,1240075,60|10|10|10|10|10|10|20|20|20|20|20|20|30|30|30|30|30|30|40|40|40|40|40|40|60|60|60|60|60|60|80|80|80|80|80|80,"212001;0|212001;0|212001;0|212001;0|212001;0|212001;0|212001;0|212001;0|212001;0|212001;0|212001;0|212001;0|212001;2000|212001;0|212001;0|212001;0|212001;0|212001;0|212001;4000|212001;0|212001;0|212001;0|212001;0|212001;0|212001;10000|212001;0|212001;0|212001;0|212001;0|212001;0|212001;15000,200031;10|212001;0|212001;0|212001;0|212001;0|212001;0|212001;15000,200031;10|212001;0|212001;0|212001;0|212001;0|212001;0|212001;15000,200031;10|212001;0|212001;0|212001;0|212001;0|212001;0|212001;15000,200031;10",44,34845;260;5389;99785;2557;304,240075003;240075103;240075203;240075303,110000560;1200;0|110000550;25;0|110000560;480;0|110000550;55;0|110000560;840;0|110000550;85;0|110000560;1200;0,4,10000,240075001,240075301,240075101,240075201,44,24007500,2700001;2700002,,attack1,hero_001q_attack1_dandao,hero_001q_attack1_hit_afk,1003,flag_1001,24007500,10000,,hero_title240075,hero_title240075,hero2400751,hero_label_2400751;hero_label_2400752,hero_zm_240075,hero_bh_240075,hero_sh_240075,hero_sl_240075,hero_zy_240075,hero_rg_240075,hero_xh_240075,hero_sr_240075,hero_js_240075,hero_s1_240075,hero_s2_240075,hero_s3_240075,hero_height_050,hero_birth_050,hero_age_050,hero_birthplace_050,hero_hate_050,hero_nv,101,0
67,240077,2,4,3,0,0,0,0,0,,0,0,1,210070,1240077,60|10|10|10|10|10|10|20|20|20|20|20|20|30|30|30|30|30|30|40|40|40|40|40|40|60|60|60|60|60|60|80|80|80|80|80|80,"212001;0|212001;0|212001;0|212001;0|212001;0|212001;0|212001;0|212001;0|212001;0|212001;0|212001;0|212001;0|212001;2000|212001;0|212001;0|212001;0|212001;0|212001;0|212001;4000|212001;0|212001;0|212001;0|212001;0|212001;0|212001;10000|212001;0|212001;0|212001;0|212001;0|212001;0|212001;15000,200031;10|212001;0|212001;0|212001;0|212001;0|212001;0|212001;15000,200031;10|212001;0|212001;0|212001;0|212001;0|212001;0|212001;15000,200031;10|212001;0|212001;0|212001;0|212001;0|212001;0|212001;15000,200031;10",44,41003;260;11387;78145;1606;104,240077003;240077103;240077203;240077303,110000550;100;0|110000560;300;0|110000550;40;0|110000560;660;0|110000550;70;0|110000560;1020;0|110000550;100;0,4,10000,240077001,240077301,240077101,240077201,44,24007700,2700003;2700004,,attack1,hero_001q_attack1_dandao,hero_001q_attack1_hit_afk,1003,flag_1001,24007700,10000,,hero_title240077,hero_title240077,hero2400771,hero_label_2400771;hero_label_2400772,hero_zm_240077,hero_bh_240077,hero_sh_240077,hero_sl_240077,hero_zy_240077,hero_rg_240077,hero_xh_240077,hero_sr_240077,hero_js_240077,hero_s1_240077,hero_s2_240077,hero_s3_240077,hero_height_049,hero_birth_049,hero_age_049,hero_birthplace_049,hero_hate_049,hero_nv,107,0
68,240071,4,3,3,0,0,0,0,0,,0,0,1,210064,1240071,60|10|10|10|10|10|10|20|20|20|20|20|20|30|30|30|30|30|30|40|40|40|40|40|40|60|60|60|60|60|60|80|80|80|80|80|80,"212001;0|212001;0|212001;0|212001;0|212001;0|212001;0|212001;0|212001;0|212001;0|212001;0|212001;0|212001;0|212001;2000|212001;0|212001;0|212001;0|212001;0|212001;0|212001;4000|212001;0|212001;0|212001;0|212001;0|212001;0|212001;10000|212001;0|212001;0|212001;0|212001;0|212001;0|212001;15000,200031;10|212001;0|212001;0|212001;0|212001;0|212001;0|212001;15000,200031;10|212001;0|212001;0|212001;0|212001;0|212001;0|212001;15000,200031;10|212001;0|212001;0|212001;0|212001;0|212001;0|212001;15000,200031;10",44,36022;260;6098;101189;1927;104,240071003;240071103;240071203;240071303,110000560;1200;0|110000550;25;0|110000560;480;0|110000550;55;0|110000560;840;0|110000550;85;0|110000560;1200;0,4,10000,240071001,240071301,240071101,240071201,44,24007100,2700001;2700002,,attack1,hero_001q_attack1_dandao,hero_001q_attack1_hit_afk,1003,flag_1001,24007100,10000,,hero_title240071,hero_title240071,hero2400711,hero_label_2400711;hero_label_2400712,hero_zm_240071,hero_bh_240071,hero_sh_240071,hero_sl_240071,hero_zy_240071,hero_rg_240071,hero_xh_240071,hero_sr_240071,hero_js_240071,hero_s1_240071,hero_s2_240071,hero_s3_240071,hero2403504,hero2403505,hero2403506,hero2403507,hero2403508,hero_nan,105,0
