path,kind,node_path,component_id,game_object_name,script_guid,serialized_fields_present,fields,rect
Assets/Resources/prefabs/ui/BGCanvas.prefab,Canvas,BGCanvas,223977153420339851,BGCanvas,,,"{""m_AdditionalShaderChannelsFlag"": ""0"", ""m_OverridePixelPerfect"": ""0"", ""m_OverrideSorting"": ""0"", ""m_PixelPerfect"": ""0"", ""m_PlaneDistance"": ""5"", ""m_ReceivesEvents"": ""1"", ""m_RenderMode"": ""1"", ""m_SortingLayerID"": ""0"", ""m_SortingOrder"": ""-10"", ""m_TargetDisplay"": ""0"", ""m_UpdateRectTransformForStandalone"": ""0""}","{""anchor_max"": {""x"": 0.0, ""y"": 0.0}, ""anchor_min"": {""x"": 0.0, ""y"": 0.0}, ""anchored_position"": {""x"": 0.0, ""y"": 0.0}, ""pivot"": {""x"": 0.0, ""y"": 0.0}, ""size_delta"": {""x"": 0.0, ""y"": 0.0}}"
Assets/Resources/prefabs/ui/BGCanvas.prefab,Canvas,BGCanvas/SafeArea/Image,223634108722742392,Image,,,"{""m_AdditionalShaderChannelsFlag"": ""0"", ""m_OverridePixelPerfect"": ""0"", ""m_OverrideSorting"": ""1"", ""m_PixelPerfect"": ""0"", ""m_PlaneDistance"": ""100"", ""m_ReceivesEvents"": ""1"", ""m_RenderMode"": ""2"", ""m_SortingLayerID"": ""0"", ""m_SortingOrder"": ""-8"", ""m_TargetDisplay"": ""0"", ""m_UpdateRectTransformForStandalone"": ""0""}","{""anchor_max"": {""x"": 1.0, ""y"": 1.0}, ""anchor_min"": {""x"": 0.0, ""y"": 1.0}, ""anchored_position"": {""x"": 0.0, ""y"": 200.00024}, ""pivot"": {""x"": 0.5, ""y"": 1.0}, ""size_delta"": {""x"": 400.0, ""y"": 500.0}}"
Assets/Resources/prefabs/ui/BGCanvas.prefab,Canvas,BGCanvas/SafeArea/BG_Bar,223642988549198181,BG_Bar,,,"{""m_AdditionalShaderChannelsFlag"": ""0"", ""m_OverridePixelPerfect"": ""0"", ""m_OverrideSorting"": ""1"", ""m_PixelPerfect"": ""0"", ""m_PlaneDistance"": ""100"", ""m_ReceivesEvents"": ""1"", ""m_RenderMode"": ""2"", ""m_SortingLayerID"": ""0"", ""m_SortingOrder"": ""-10"", ""m_TargetDisplay"": ""0"", ""m_UpdateRectTransformForStandalone"": ""0""}","{""anchor_max"": {""x"": 1.0, ""y"": 0.0}, ""anchor_min"": {""x"": 0.0, ""y"": 0.0}, ""anchored_position"": {""x"": 0.0, ""y"": 1666.0}, ""pivot"": {""x"": 0.5, ""y"": 0.5}, ""size_delta"": {""x"": 0.0, ""y"": 0.0}}"
Assets/Resources/prefabs/ui/BGCanvas.prefab,Canvas,BGCanvas/SafeArea/BG_Bar/IngameBG,223371939378208658,IngameBG,,,"{""m_AdditionalShaderChannelsFlag"": ""0"", ""m_OverridePixelPerfect"": ""0"", ""m_OverrideSorting"": ""1"", ""m_PixelPerfect"": ""0"", ""m_PlaneDistance"": ""100"", ""m_ReceivesEvents"": ""1"", ""m_RenderMode"": ""2"", ""m_SortingLayerID"": ""0"", ""m_SortingOrder"": ""-9"", ""m_TargetDisplay"": ""0"", ""m_UpdateRectTransformForStandalone"": ""0""}","{""anchor_max"": {""x"": 1.0, ""y"": 0.5}, ""anchor_min"": {""x"": 0.0, ""y"": 0.5}, ""anchored_position"": {""x"": 0.0, ""y"": 0.0}, ""pivot"": {""x"": 0.5, ""y"": 0.5}, ""size_delta"": {""x"": 0.0, ""y"": 0.0}}"
Assets/Resources/prefabs/ui/BGCanvas.prefab,Canvas,BGCanvas/SafeArea/BG_Bar/BG_Top,223000955326284023,BG_Top,,,"{""m_AdditionalShaderChannelsFlag"": ""0"", ""m_OverridePixelPerfect"": ""0"", ""m_OverrideSorting"": ""1"", ""m_PixelPerfect"": ""0"", ""m_PlaneDistance"": ""100"", ""m_ReceivesEvents"": ""1"", ""m_RenderMode"": ""2"", ""m_SortingLayerID"": ""0"", ""m_SortingOrder"": ""0"", ""m_TargetDisplay"": ""0"", ""m_UpdateRectTransformForStandalone"": ""0""}","{""anchor_max"": {""x"": 1.0, ""y"": 0.0}, ""anchor_min"": {""x"": 0.0, ""y"": 0.0}, ""anchored_position"": {""x"": 0.0, ""y"": 0.0}, ""pivot"": {""x"": 0.5, ""y"": 1.0}, ""size_delta"": {""x"": 400.0, ""y"": 200.0}}"
Assets/Resources/prefabs/ui/BGCanvas.prefab,CanvasScaler,BGCanvas,114336590748365959,BGCanvas,6dfc8ec6aebac6665d9781d273993f23,False,{},"{""anchor_max"": {""x"": 0.0, ""y"": 0.0}, ""anchor_min"": {""x"": 0.0, ""y"": 0.0}, ""anchored_position"": {""x"": 0.0, ""y"": 0.0}, ""pivot"": {""x"": 0.0, ""y"": 0.0}, ""size_delta"": {""x"": 0.0, ""y"": 0.0}}"
Assets/Resources/prefabs/ui/BGCanvas.prefab,SafeAreaComponent,BGCanvas/SafeArea,114470112387431263,SafeArea,cedddb77dbd60a683455a2b226c5fd56,,{},"{""anchor_max"": {""x"": 1.0, ""y"": 1.0}, ""anchor_min"": {""x"": 0.0, ""y"": 0.0}, ""anchored_position"": {""x"": 0.0, ""y"": 0.0}, ""pivot"": {""x"": 0.5, ""y"": 0.5}, ""size_delta"": {""x"": 0.0, ""y"": 0.0}}"
Assets/Resources/prefabs/ui/BGCanvas.prefab,SafeAreaRect,BGCanvas/SafeArea,,,,,{},"{""anchor_max"": {""x"": 1.0, ""y"": 1.0}, ""anchor_min"": {""x"": 0.0, ""y"": 0.0}, ""anchored_position"": {""x"": 0.0, ""y"": 0.0}, ""pivot"": {""x"": 0.5, ""y"": 0.5}, ""size_delta"": {""x"": 0.0, ""y"": 0.0}}"
Assets/Scenes/Reload.unity,Canvas,Canvas/UILoading/Btn_ContactUs,139,Btn_ContactUs,,,"{""m_AdditionalShaderChannelsFlag"": ""25"", ""m_OverridePixelPerfect"": ""0"", ""m_OverrideSorting"": ""1"", ""m_PixelPerfect"": ""0"", ""m_PlaneDistance"": ""100"", ""m_ReceivesEvents"": ""1"", ""m_RenderMode"": ""2"", ""m_SortingLayerID"": ""0"", ""m_SortingOrder"": ""5"", ""m_TargetDisplay"": ""0"", ""m_UpdateRectTransformForStandalone"": ""0""}","{""anchor_max"": {""x"": 0.0, ""y"": 0.0}, ""anchor_min"": {""x"": 0.0, ""y"": 0.0}, ""anchored_position"": {""x"": 30.0, ""y"": 90.0}, ""pivot"": {""x"": 0.0, ""y"": 0.0}, ""size_delta"": {""x"": 240.0, ""y"": 80.0}}"
Assets/Scenes/Reload.unity,Canvas,Canvas/UILoading/Ver,140,Ver,,,"{""m_AdditionalShaderChannelsFlag"": ""25"", ""m_OverridePixelPerfect"": ""0"", ""m_OverrideSorting"": ""1"", ""m_PixelPerfect"": ""0"", ""m_PlaneDistance"": ""100"", ""m_ReceivesEvents"": ""1"", ""m_RenderMode"": ""2"", ""m_SortingLayerID"": ""0"", ""m_SortingOrder"": ""5"", ""m_TargetDisplay"": ""0"", ""m_UpdateRectTransformForStandalone"": ""0""}","{""anchor_max"": {""x"": 1.0, ""y"": 0.0}, ""anchor_min"": {""x"": 1.0, ""y"": 0.0}, ""anchored_position"": {""x"": -30.0, ""y"": 30.0}, ""pivot"": {""x"": 1.0, ""y"": 0.0}, ""size_delta"": {""x"": 500.0, ""y"": 60.0}}"
Assets/Scenes/Reload.unity,Canvas,Canvas/UILoading,141,UILoading,,,"{""m_AdditionalShaderChannelsFlag"": ""0"", ""m_OverridePixelPerfect"": ""0"", ""m_OverrideSorting"": ""1"", ""m_PixelPerfect"": ""0"", ""m_PlaneDistance"": ""100"", ""m_ReceivesEvents"": ""1"", ""m_RenderMode"": ""2"", ""m_SortingLayerID"": ""0"", ""m_SortingOrder"": ""10"", ""m_TargetDisplay"": ""0"", ""m_UpdateRectTransformForStandalone"": ""0""}","{""anchor_max"": {""x"": 0.5, ""y"": 0.5}, ""anchor_min"": {""x"": 0.5, ""y"": 0.5}, ""anchored_position"": {""x"": 0.0, ""y"": 0.0}, ""pivot"": {""x"": 0.5, ""y"": 0.5}, ""size_delta"": {""x"": 0.0, ""y"": 0.0}}"
Assets/Scenes/Reload.unity,Canvas,Canvas/UILoading/Loading_Type,142,Loading_Type,,,"{""m_AdditionalShaderChannelsFlag"": ""25"", ""m_OverridePixelPerfect"": ""0"", ""m_OverrideSorting"": ""1"", ""m_PixelPerfect"": ""0"", ""m_PlaneDistance"": ""100"", ""m_ReceivesEvents"": ""1"", ""m_RenderMode"": ""2"", ""m_SortingLayerID"": ""0"", ""m_SortingOrder"": ""2"", ""m_TargetDisplay"": ""0"", ""m_UpdateRectTransformForStandalone"": ""0""}","{""anchor_max"": {""x"": 1.0, ""y"": 1.0}, ""anchor_min"": {""x"": 0.0, ""y"": 0.0}, ""anchored_position"": {""x"": 0.0, ""y"": 0.0}, ""pivot"": {""x"": 0.5, ""y"": 0.5}, ""size_delta"": {""x"": 0.0, ""y"": 0.0}}"
Assets/Scenes/Reload.unity,Canvas,Canvas/UILoading/Ver (1),143,Ver (1),,,"{""m_AdditionalShaderChannelsFlag"": ""25"", ""m_OverridePixelPerfect"": ""0"", ""m_OverrideSorting"": ""1"", ""m_PixelPerfect"": ""0"", ""m_PlaneDistance"": ""100"", ""m_ReceivesEvents"": ""1"", ""m_RenderMode"": ""2"", ""m_SortingLayerID"": ""0"", ""m_SortingOrder"": ""5"", ""m_TargetDisplay"": ""0"", ""m_UpdateRectTransformForStandalone"": ""0""}","{""anchor_max"": {""x"": 0.0, ""y"": 0.0}, ""anchor_min"": {""x"": 0.0, ""y"": 0.0}, ""anchored_position"": {""x"": 30.0, ""y"": 30.0}, ""pivot"": {""x"": 0.0, ""y"": 0.0}, ""size_delta"": {""x"": 500.0, ""y"": 60.0}}"
Assets/Scenes/Reload.unity,Canvas,Canvas,144,Canvas,,,"{""m_AdditionalShaderChannelsFlag"": ""25"", ""m_OverridePixelPerfect"": ""0"", ""m_OverrideSorting"": ""0"", ""m_PixelPerfect"": ""0"", ""m_PlaneDistance"": ""10"", ""m_ReceivesEvents"": ""1"", ""m_RenderMode"": ""1"", ""m_SortingLayerID"": ""0"", ""m_SortingOrder"": ""0"", ""m_TargetDisplay"": ""0"", ""m_UpdateRectTransformForStandalone"": ""0""}","{""anchor_max"": {""x"": 0.0, ""y"": 0.0}, ""anchor_min"": {""x"": 0.0, ""y"": 0.0}, ""anchored_position"": {""x"": 0.0, ""y"": 0.0}, ""pivot"": {""x"": 0.0, ""y"": 0.0}, ""size_delta"": {""x"": 0.0, ""y"": 0.0}}"
Assets/Scenes/Reload.unity,Canvas,Canvas/UILoading/Ch,145,Ch,,,"{""m_AdditionalShaderChannelsFlag"": ""0"", ""m_OverridePixelPerfect"": ""0"", ""m_OverrideSorting"": ""1"", ""m_PixelPerfect"": ""0"", ""m_PlaneDistance"": ""100"", ""m_ReceivesEvents"": ""1"", ""m_RenderMode"": ""2"", ""m_SortingLayerID"": ""0"", ""m_SortingOrder"": ""3"", ""m_TargetDisplay"": ""0"", ""m_UpdateRectTransformForStandalone"": ""0""}","{""anchor_max"": {""x"": 0.5, ""y"": 0.0}, ""anchor_min"": {""x"": 0.5, ""y"": 0.0}, ""anchored_position"": {""x"": 0.0, ""y"": -180.0}, ""pivot"": {""x"": 0.5, ""y"": 0.5}, ""size_delta"": {""x"": 100.0, ""y"": 0.0}}"
Assets/Scenes/Reload.unity,Canvas,Canvas/UILoading/LogoArea,146,LogoArea,,,"{""m_AdditionalShaderChannelsFlag"": ""25"", ""m_OverridePixelPerfect"": ""0"", ""m_OverrideSorting"": ""1"", ""m_PixelPerfect"": ""0"", ""m_PlaneDistance"": ""100"", ""m_ReceivesEvents"": ""1"", ""m_RenderMode"": ""2"", ""m_SortingLayerID"": ""0"", ""m_SortingOrder"": ""3"", ""m_TargetDisplay"": ""0"", ""m_UpdateRectTransformForStandalone"": ""0""}","{""anchor_max"": {""x"": 1.0, ""y"": 1.0}, ""anchor_min"": {""x"": 0.0, ""y"": 0.0}, ""anchored_position"": {""x"": 0.0, ""y"": 0.0}, ""pivot"": {""x"": 0.5, ""y"": 0.5}, ""size_delta"": {""x"": 0.0, ""y"": 0.0}}"
Assets/Scenes/Reload.unity,Canvas,Canvas/UILoading/LoadingBar,147,LoadingBar,,,"{""m_AdditionalShaderChannelsFlag"": ""25"", ""m_OverridePixelPerfect"": ""0"", ""m_OverrideSorting"": ""1"", ""m_PixelPerfect"": ""0"", ""m_PlaneDistance"": ""100"", ""m_ReceivesEvents"": ""1"", ""m_RenderMode"": ""2"", ""m_SortingLayerID"": ""0"", ""m_SortingOrder"": ""5"", ""m_TargetDisplay"": ""0"", ""m_UpdateRectTransformForStandalone"": ""0""}","{""anchor_max"": {""x"": 0.5, ""y"": 0.0}, ""anchor_min"": {""x"": 0.5, ""y"": 0.0}, ""anchored_position"": {""x"": 0.0, ""y"": 300.0}, ""pivot"": {""x"": 0.5, ""y"": 0.5}, ""size_delta"": {""x"": 670.0, ""y"": 50.0}}"
Assets/Scenes/Reload.unity,CanvasScaler,Canvas,257,Canvas,6dfc8ec6aebac6665d9781d273993f23,False,{},"{""anchor_max"": {""x"": 0.0, ""y"": 0.0}, ""anchor_min"": {""x"": 0.0, ""y"": 0.0}, ""anchored_position"": {""x"": 0.0, ""y"": 0.0}, ""pivot"": {""x"": 0.0, ""y"": 0.0}, ""size_delta"": {""x"": 0.0, ""y"": 0.0}}"
Assets/Scenes/Reload.unity,SafeAreaComponent,Canvas/SafeArea,256,SafeArea,cedddb77dbd60a683455a2b226c5fd56,,{},"{""anchor_max"": {""x"": 1.0, ""y"": 1.0}, ""anchor_min"": {""x"": 0.0, ""y"": 0.0}, ""anchored_position"": {""x"": 0.0, ""y"": 0.0}, ""pivot"": {""x"": 0.5, ""y"": 0.5}, ""size_delta"": {""x"": 0.0, ""y"": 0.0}}"
Assets/Scenes/Reload.unity,SafeAreaRect,Canvas/SafeArea,,,,,{},"{""anchor_max"": {""x"": 1.0, ""y"": 1.0}, ""anchor_min"": {""x"": 0.0, ""y"": 0.0}, ""anchored_position"": {""x"": 0.0, ""y"": 0.0}, ""pivot"": {""x"": 0.5, ""y"": 0.5}, ""size_delta"": {""x"": 0.0, ""y"": 0.0}}"
Assets/Scenes/Game.unity,Canvas,Canvas/SafeArea/UIInGame/SubMapUI/UIEvent_SchoolUniform/AutoPosYSetting/PrefabParent/UIInGameSubMap_SchoolUniform/BlockGroup/RequiredGroup/Scroll View/Viewport/Content/UiListitem_EchoArchive_CollectBlock (6)/FX_ClearOne,7510,FX_ClearOne,,,"{""m_AdditionalShaderChannelsFlag"": ""0"", ""m_OverridePixelPerfect"": ""0"", ""m_OverrideSorting"": ""1"", ""m_PixelPerfect"": ""0"", ""m_PlaneDistance"": ""100"", ""m_ReceivesEvents"": ""1"", ""m_RenderMode"": ""2"", ""m_SortingLayerID"": ""0"", ""m_SortingOrder"": ""0"", ""m_TargetDisplay"": ""0"", ""m_UpdateRectTransformForStandalone"": ""0""}","{""anchor_max"": {""x"": 0.5, ""y"": 0.5}, ""anchor_min"": {""x"": 0.5, ""y"": 0.5}, ""anchored_position"": {""x"": 0.0, ""y"": 0.0}, ""pivot"": {""x"": 0.5, ""y"": 0.5}, ""size_delta"": {""x"": 0.0, ""y"": 0.0}}"
Assets/Scenes/Game.unity,Canvas,UIStory/StoryGroup/StoryObjectCanvas,7511,StoryObjectCanvas,,,"{""m_AdditionalShaderChannelsFlag"": ""25"", ""m_OverridePixelPerfect"": ""0"", ""m_OverrideSorting"": ""0"", ""m_PixelPerfect"": ""0"", ""m_PlaneDistance"": ""100"", ""m_ReceivesEvents"": ""1"", ""m_RenderMode"": ""2"", ""m_SortingLayerID"": ""0"", ""m_SortingOrder"": ""0"", ""m_TargetDisplay"": ""0"", ""m_UpdateRectTransformForStandalone"": ""0""}","{""anchor_max"": {""x"": 0.5, ""y"": 0.5}, ""anchor_min"": {""x"": 0.5, ""y"": 0.5}, ""anchored_position"": {""x"": 0.0, ""y"": 0.0}, ""pivot"": {""x"": 0.5, ""y"": 0.5}, ""size_delta"": {""x"": 1080.0, ""y"": 2220.0}}"
Assets/Scenes/Game.unity,Canvas,Canvas/SafeArea/UIInGame/SubMapUI/UIEvent_SchoolUniform/AutoPosYSetting/PrefabParent/UIInGameSubMap_SchoolUniform/BlockGroup/RequiredGroup/Scroll View/Viewport/Content/UiListitem_EchoArchive_CollectBlock (3)/FX_ClearOne,7512,FX_ClearOne,,,"{""m_AdditionalShaderChannelsFlag"": ""0"", ""m_OverridePixelPerfect"": ""0"", ""m_OverrideSorting"": ""1"", ""m_PixelPerfect"": ""0"", ""m_PlaneDistance"": ""100"", ""m_ReceivesEvents"": ""1"", ""m_RenderMode"": ""2"", ""m_SortingLayerID"": ""0"", ""m_SortingOrder"": ""0"", ""m_TargetDisplay"": ""0"", ""m_UpdateRectTransformForStandalone"": ""0""}","{""anchor_max"": {""x"": 0.5, ""y"": 0.5}, ""anchor_min"": {""x"": 0.5, ""y"": 0.5}, ""anchored_position"": {""x"": 0.0, ""y"": 0.0}, ""pivot"": {""x"": 0.5, ""y"": 0.5}, ""size_delta"": {""x"": 0.0, ""y"": 0.0}}"
Assets/Scenes/Game.unity,Canvas,Canvas/SafeArea/UIInGame/SubMapUI/UIEvent_SchoolUniform/AutoPosYSetting/PrefabParent/UIInGameSubMap_SchoolUniform/BlockGroup/RequiredGroup/Scroll View/Viewport/Content/UiListitem_EchoArchive_CollectBlock (8)/FX_ClearOne,7513,FX_ClearOne,,,"{""m_AdditionalShaderChannelsFlag"": ""0"", ""m_OverridePixelPerfect"": ""0"", ""m_OverrideSorting"": ""1"", ""m_PixelPerfect"": ""0"", ""m_PlaneDistance"": ""100"", ""m_ReceivesEvents"": ""1"", ""m_RenderMode"": ""2"", ""m_SortingLayerID"": ""0"", ""m_SortingOrder"": ""0"", ""m_TargetDisplay"": ""0"", ""m_UpdateRectTransformForStandalone"": ""0""}","{""anchor_max"": {""x"": 0.5, ""y"": 0.5}, ""anchor_min"": {""x"": 0.5, ""y"": 0.5}, ""anchored_position"": {""x"": 0.0, ""y"": 0.0}, ""pivot"": {""x"": 0.5, ""y"": 0.5}, ""size_delta"": {""x"": 0.0, ""y"": 0.0}}"
Assets/Scenes/Game.unity,Canvas,Canvas/UISceneLoading,7514,UISceneLoading,,,"{""m_AdditionalShaderChannelsFlag"": ""25"", ""m_OverridePixelPerfect"": ""0"", ""m_OverrideSorting"": ""1"", ""m_PixelPerfect"": ""0"", ""m_PlaneDistance"": ""100"", ""m_ReceivesEvents"": ""1"", ""m_RenderMode"": ""2"", ""m_SortingLayerID"": ""0"", ""m_SortingOrder"": ""8"", ""m_TargetDisplay"": ""0"", ""m_UpdateRectTransformForStandalone"": ""0""}","{""anchor_max"": {""x"": 1.0, ""y"": 1.0}, ""anchor_min"": {""x"": 0.0, ""y"": 0.0}, ""anchored_position"": {""x"": 0.0, ""y"": 0.0}, ""pivot"": {""x"": 0.5, ""y"": 0.5}, ""size_delta"": {""x"": 0.0, ""y"": 0.0}}"
Assets/Scenes/Game.unity,Canvas,BGCanvas/SafeArea/BG_Bar,7515,BG_Bar,,,"{""m_AdditionalShaderChannelsFlag"": ""0"", ""m_OverridePixelPerfect"": ""0"", ""m_OverrideSorting"": ""1"", ""m_PixelPerfect"": ""0"", ""m_PlaneDistance"": ""100"", ""m_ReceivesEvents"": ""1"", ""m_RenderMode"": ""2"", ""m_SortingLayerID"": ""0"", ""m_SortingOrder"": ""-10"", ""m_TargetDisplay"": ""0"", ""m_UpdateRectTransformForStandalone"": ""0""}","{""anchor_max"": {""x"": 1.0, ""y"": 0.0}, ""anchor_min"": {""x"": 0.0, ""y"": 0.0}, ""anchored_position"": {""x"": 0.0, ""y"": 1666.0}, ""pivot"": {""x"": 0.5, ""y"": 0.5}, ""size_delta"": {""x"": 0.0, ""y"": 0.0}}"
Assets/Scenes/Game.unity,Canvas,Canvas/SafeArea/UIPopupManager/Effect,7516,Effect,,,"{""m_AdditionalShaderChannelsFlag"": ""25"", ""m_OverridePixelPerfect"": ""0"", ""m_OverrideSorting"": ""1"", ""m_PixelPerfect"": ""0"", ""m_PlaneDistance"": ""100"", ""m_ReceivesEvents"": ""1"", ""m_RenderMode"": ""2"", ""m_SortingLayerID"": ""0"", ""m_SortingOrder"": ""8"", ""m_TargetDisplay"": ""0"", ""m_UpdateRectTransformForStandalone"": ""0""}","{""anchor_max"": {""x"": 1.0, ""y"": 1.0}, ""anchor_min"": {""x"": 0.0, ""y"": 0.0}, ""anchored_position"": {""x"": 0.0, ""y"": 0.0}, ""pivot"": {""x"": 0.5, ""y"": 0.5}, ""size_delta"": {""x"": 0.0, ""y"": 0.0}}"
Assets/Scenes/Game.unity,Canvas,BGCanvas/SafeArea/BG_Bar/IngameBG,7517,IngameBG,,,"{""m_AdditionalShaderChannelsFlag"": ""0"", ""m_OverridePixelPerfect"": ""0"", ""m_OverrideSorting"": ""1"", ""m_PixelPerfect"": ""0"", ""m_PlaneDistance"": ""100"", ""m_ReceivesEvents"": ""1"", ""m_RenderMode"": ""2"", ""m_SortingLayerID"": ""0"", ""m_SortingOrder"": ""-9"", ""m_TargetDisplay"": ""0"", ""m_UpdateRectTransformForStandalone"": ""0""}","{""anchor_max"": {""x"": 1.0, ""y"": 0.5}, ""anchor_min"": {""x"": 0.0, ""y"": 0.5}, ""anchored_position"": {""x"": 0.0, ""y"": 0.0}, ""pivot"": {""x"": 0.5, ""y"": 0.5}, ""size_delta"": {""x"": 0.0, ""y"": 0.0}}"
Assets/Scenes/Game.unity,Canvas,Canvas/TutorialManager,7518,TutorialManager,,,"{""m_AdditionalShaderChannelsFlag"": ""25"", ""m_OverridePixelPerfect"": ""0"", ""m_OverrideSorting"": ""1"", ""m_PixelPerfect"": ""0"", ""m_PlaneDistance"": ""100"", ""m_ReceivesEvents"": ""1"", ""m_RenderMode"": ""2"", ""m_SortingLayerID"": ""0"", ""m_SortingOrder"": ""9"", ""m_TargetDisplay"": ""0"", ""m_UpdateRectTransformForStandalone"": ""0""}","{""anchor_max"": {""x"": 1.0, ""y"": 1.0}, ""anchor_min"": {""x"": 0.0, ""y"": 0.0}, ""anchored_position"": {""x"": 0.0, ""y"": 0.0}, ""pivot"": {""x"": 0.5, ""y"": 0.5}, ""size_delta"": {""x"": 0.0, ""y"": 0.0}}"
Assets/Scenes/Game.unity,Canvas,TouchEffectCanvas,7519,TouchEffectCanvas,,,"{""m_AdditionalShaderChannelsFlag"": ""0"", ""m_OverridePixelPerfect"": ""0"", ""m_OverrideSorting"": ""0"", ""m_PixelPerfect"": ""0"", ""m_PlaneDistance"": ""19.9"", ""m_ReceivesEvents"": ""1"", ""m_RenderMode"": ""1"", ""m_SortingLayerID"": ""0"", ""m_SortingOrder"": ""5"", ""m_TargetDisplay"": ""0"", ""m_UpdateRectTransformForStandalone"": ""0""}","{""anchor_max"": {""x"": 0.0, ""y"": 0.0}, ""anchor_min"": {""x"": 0.0, ""y"": 0.0}, ""anchored_position"": {""x"": 0.0, ""y"": 0.0}, ""pivot"": {""x"": 0.0, ""y"": 0.0}, ""size_delta"": {""x"": 0.0, ""y"": 0.0}}"
Assets/Scenes/Game.unity,Canvas,Canvas/UILoading/Loading_Type,7520,Loading_Type,,,"{""m_AdditionalShaderChannelsFlag"": ""25"", ""m_OverridePixelPerfect"": ""0"", ""m_OverrideSorting"": ""1"", ""m_PixelPerfect"": ""0"", ""m_PlaneDistance"": ""100"", ""m_ReceivesEvents"": ""1"", ""m_RenderMode"": ""2"", ""m_SortingLayerID"": ""0"", ""m_SortingOrder"": ""2"", ""m_TargetDisplay"": ""0"", ""m_UpdateRectTransformForStandalone"": ""0""}","{""anchor_max"": {""x"": 1.0, ""y"": 1.0}, ""anchor_min"": {""x"": 0.0, ""y"": 0.0}, ""anchored_position"": {""x"": 0.0, ""y"": 0.0}, ""pivot"": {""x"": 0.5, ""y"": 0.5}, ""size_delta"": {""x"": 0.0, ""y"": 0.0}}"
Assets/Scenes/Game.unity,Canvas,BGCanvas,7521,BGCanvas,,,"{""m_AdditionalShaderChannelsFlag"": ""0"", ""m_OverridePixelPerfect"": ""0"", ""m_OverrideSorting"": ""0"", ""m_PixelPerfect"": ""0"", ""m_PlaneDistance"": ""5"", ""m_ReceivesEvents"": ""1"", ""m_RenderMode"": ""1"", ""m_SortingLayerID"": ""0"", ""m_SortingOrder"": ""-10"", ""m_TargetDisplay"": ""0"", ""m_UpdateRectTransformForStandalone"": ""0""}","{""anchor_max"": {""x"": 0.0, ""y"": 0.0}, ""anchor_min"": {""x"": 0.0, ""y"": 0.0}, ""anchored_position"": {""x"": 0.0, ""y"": 0.0}, ""pivot"": {""x"": 0.0, ""y"": 0.0}, ""size_delta"": {""x"": 0.0, ""y"": 0.0}}"
Assets/Scenes/Game.unity,Canvas,Canvas/SafeArea/UIPopupManager/Normal,7522,Normal,,,"{""m_AdditionalShaderChannelsFlag"": ""25"", ""m_OverridePixelPerfect"": ""0"", ""m_OverrideSorting"": ""1"", ""m_PixelPerfect"": ""0"", ""m_PlaneDistance"": ""100"", ""m_ReceivesEvents"": ""1"", ""m_RenderMode"": ""2"", ""m_SortingLayerID"": ""0"", ""m_SortingOrder"": ""5"", ""m_TargetDisplay"": ""0"", ""m_UpdateRectTransformForStandalone"": ""0""}","{""anchor_max"": {""x"": 1.0, ""y"": 1.0}, ""anchor_min"": {""x"": 0.0, ""y"": 0.0}, ""anchored_position"": {""x"": 0.0, ""y"": 0.0}, ""pivot"": {""x"": 0.5, ""y"": 0.5}, ""size_delta"": {""x"": 0.0, ""y"": 0.0}}"
Assets/Scenes/Game.unity,Canvas,UIStory/StoryGroup/StoryObjectCanvas/StoryBGCanvas,7523,StoryBGCanvas,,,"{""m_AdditionalShaderChannelsFlag"": ""0"", ""m_OverridePixelPerfect"": ""0"", ""m_OverrideSorting"": ""1"", ""m_PixelPerfect"": ""0"", ""m_PlaneDistance"": ""100"", ""m_ReceivesEvents"": ""1"", ""m_RenderMode"": ""2"", ""m_SortingLayerID"": ""0"", ""m_SortingOrder"": ""-5"", ""m_TargetDisplay"": ""0"", ""m_UpdateRectTransformForStandalone"": ""0""}","{""anchor_max"": {""x"": 1.0, ""y"": 1.0}, ""anchor_min"": {""x"": 0.0, ""y"": 0.0}, ""anchored_position"": {""x"": 0.0, ""y"": 0.0}, ""pivot"": {""x"": 0.5, ""y"": 0.5}, ""size_delta"": {""x"": 0.0, ""y"": 0.0}}"
Assets/Scenes/Game.unity,Canvas,Canvas/UILoading,7524,UILoading,,,"{""m_AdditionalShaderChannelsFlag"": ""0"", ""m_OverridePixelPerfect"": ""0"", ""m_OverrideSorting"": ""1"", ""m_PixelPerfect"": ""0"", ""m_PlaneDistance"": ""100"", ""m_ReceivesEvents"": ""1"", ""m_RenderMode"": ""2"", ""m_SortingLayerID"": ""0"", ""m_SortingOrder"": ""10"", ""m_TargetDisplay"": ""0"", ""m_UpdateRectTransformForStandalone"": ""0""}","{""anchor_max"": {""x"": 1.0, ""y"": 1.0}, ""anchor_min"": {""x"": 0.0, ""y"": 0.0}, ""anchored_position"": {""x"": 0.0, ""y"": 0.0}, ""pivot"": {""x"": 0.5, ""y"": 0.5}, ""size_delta"": {""x"": 0.0, ""y"": 0.0}}"
Assets/Scenes/Game.unity,Canvas,UIStory/StoryGroup/StoryUICanvas,7525,StoryUICanvas,,,"{""m_AdditionalShaderChannelsFlag"": ""25"", ""m_OverridePixelPerfect"": ""0"", ""m_OverrideSorting"": ""0"", ""m_PixelPerfect"": ""0"", ""m_PlaneDistance"": ""10"", ""m_ReceivesEvents"": ""1"", ""m_RenderMode"": ""1"", ""m_SortingLayerID"": ""-1412525119"", ""m_SortingOrder"": ""5"", ""m_TargetDisplay"": ""0"", ""m_UpdateRectTransformForStandalone"": ""0""}","{""anchor_max"": {""x"": 0.0, ""y"": 0.0}, ""anchor_min"": {""x"": 0.0, ""y"": 0.0}, ""anchored_position"": {""x"": 0.0, ""y"": 0.0}, ""pivot"": {""x"": 0.0, ""y"": 0.0}, ""size_delta"": {""x"": 0.0, ""y"": 0.0}}"
Assets/Scenes/Game.unity,Canvas,BGCanvas/SafeArea/BG_Bar/BG_Top,7526,BG_Top,,,"{""m_AdditionalShaderChannelsFlag"": ""0"", ""m_OverridePixelPerfect"": ""0"", ""m_OverrideSorting"": ""1"", ""m_PixelPerfect"": ""0"", ""m_PlaneDistance"": ""100"", ""m_ReceivesEvents"": ""1"", ""m_RenderMode"": ""2"", ""m_SortingLayerID"": ""0"", ""m_SortingOrder"": ""0"", ""m_TargetDisplay"": ""0"", ""m_UpdateRectTransformForStandalone"": ""0""}","{""anchor_max"": {""x"": 1.0, ""y"": 0.0}, ""anchor_min"": {""x"": 0.0, ""y"": 0.0}, ""anchored_position"": {""x"": 0.0, ""y"": 0.0}, ""pivot"": {""x"": 0.5, ""y"": 1.0}, ""size_delta"": {""x"": 400.0, ""y"": 200.0}}"
Assets/Scenes/Game.unity,Canvas,Canvas/SafeArea/UIInGame/SubMapUI/UIEvent_SchoolUniform/AutoPosYSetting/PrefabParent/UIInGameSubMap_SchoolUniform/BlockGroup/RequiredGroup/Scroll View/Viewport/Content/UiListitem_EchoArchive_CollectBlock (1)/FX_ClearOne,7527,FX_ClearOne,,,"{""m_AdditionalShaderChannelsFlag"": ""0"", ""m_OverridePixelPerfect"": ""0"", ""m_OverrideSorting"": ""1"", ""m_PixelPerfect"": ""0"", ""m_PlaneDistance"": ""100"", ""m_ReceivesEvents"": ""1"", ""m_RenderMode"": ""2"", ""m_SortingLayerID"": ""0"", ""m_SortingOrder"": ""0"", ""m_TargetDisplay"": ""0"", ""m_UpdateRectTransformForStandalone"": ""0""}","{""anchor_max"": {""x"": 0.5, ""y"": 0.5}, ""anchor_min"": {""x"": 0.5, ""y"": 0.5}, ""anchored_position"": {""x"": 0.0, ""y"": 0.0}, ""pivot"": {""x"": 0.5, ""y"": 0.5}, ""size_delta"": {""x"": 0.0, ""y"": 0.0}}"
Assets/Scenes/Game.unity,Canvas,Canvas/UILoading/Btn_ContactUs,7528,Btn_ContactUs,,,"{""m_AdditionalShaderChannelsFlag"": ""25"", ""m_OverridePixelPerfect"": ""0"", ""m_OverrideSorting"": ""1"", ""m_PixelPerfect"": ""0"", ""m_PlaneDistance"": ""100"", ""m_ReceivesEvents"": ""1"", ""m_RenderMode"": ""2"", ""m_SortingLayerID"": ""0"", ""m_SortingOrder"": ""5"", ""m_TargetDisplay"": ""0"", ""m_UpdateRectTransformForStandalone"": ""0""}","{""anchor_max"": {""x"": 0.0, ""y"": 0.0}, ""anchor_min"": {""x"": 0.0, ""y"": 0.0}, ""anchored_position"": {""x"": 30.0, ""y"": 90.0}, ""pivot"": {""x"": 0.0, ""y"": 0.0}, ""size_delta"": {""x"": 240.0, ""y"": 80.0}}"
Assets/Scenes/Game.unity,Canvas,Canvas/UILoading/Ver,7529,Ver,,,"{""m_AdditionalShaderChannelsFlag"": ""25"", ""m_OverridePixelPerfect"": ""0"", ""m_OverrideSorting"": ""1"", ""m_PixelPerfect"": ""0"", ""m_PlaneDistance"": ""100"", ""m_ReceivesEvents"": ""1"", ""m_RenderMode"": ""2"", ""m_SortingLayerID"": ""0"", ""m_SortingOrder"": ""5"", ""m_TargetDisplay"": ""0"", ""m_UpdateRectTransformForStandalone"": ""0""}","{""anchor_max"": {""x"": 1.0, ""y"": 0.0}, ""anchor_min"": {""x"": 1.0, ""y"": 0.0}, ""anchored_position"": {""x"": -30.0, ""y"": 30.0}, ""pivot"": {""x"": 1.0, ""y"": 0.0}, ""size_delta"": {""x"": 500.0, ""y"": 60.0}}"
Assets/Scenes/Game.unity,Canvas,Canvas/SafeArea/UIPopupManager/Priority_Low,7530,Priority_Low,,,"{""m_AdditionalShaderChannelsFlag"": ""25"", ""m_OverridePixelPerfect"": ""0"", ""m_OverrideSorting"": ""1"", ""m_PixelPerfect"": ""0"", ""m_PlaneDistance"": ""100"", ""m_ReceivesEvents"": ""1"", ""m_RenderMode"": ""2"", ""m_SortingLayerID"": ""0"", ""m_SortingOrder"": ""6"", ""m_TargetDisplay"": ""0"", ""m_UpdateRectTransformForStandalone"": ""0""}","{""anchor_max"": {""x"": 1.0, ""y"": 1.0}, ""anchor_min"": {""x"": 0.0, ""y"": 0.0}, ""anchored_position"": {""x"": 0.0, ""y"": 0.0}, ""pivot"": {""x"": 0.5, ""y"": 0.5}, ""size_delta"": {""x"": 0.0, ""y"": 0.0}}"
Assets/Scenes/Game.unity,Canvas,Canvas/UILoading/LoadingBar,7531,LoadingBar,,,"{""m_AdditionalShaderChannelsFlag"": ""25"", ""m_OverridePixelPerfect"": ""0"", ""m_OverrideSorting"": ""1"", ""m_PixelPerfect"": ""0"", ""m_PlaneDistance"": ""100"", ""m_ReceivesEvents"": ""1"", ""m_RenderMode"": ""2"", ""m_SortingLayerID"": ""0"", ""m_SortingOrder"": ""5"", ""m_TargetDisplay"": ""0"", ""m_UpdateRectTransformForStandalone"": ""0""}","{""anchor_max"": {""x"": 0.5, ""y"": 0.0}, ""anchor_min"": {""x"": 0.5, ""y"": 0.0}, ""anchored_position"": {""x"": 0.0, ""y"": 300.0}, ""pivot"": {""x"": 0.5, ""y"": 0.5}, ""size_delta"": {""x"": 670.0, ""y"": 50.0}}"
Assets/Scenes/Game.unity,Canvas,Canvas/SafeArea/UIPopupManager/Priority_High,7532,Priority_High,,,"{""m_AdditionalShaderChannelsFlag"": ""25"", ""m_OverridePixelPerfect"": ""0"", ""m_OverrideSorting"": ""1"", ""m_PixelPerfect"": ""0"", ""m_PlaneDistance"": ""100"", ""m_ReceivesEvents"": ""1"", ""m_RenderMode"": ""2"", ""m_SortingLayerID"": ""0"", ""m_SortingOrder"": ""7"", ""m_TargetDisplay"": ""0"", ""m_UpdateRectTransformForStandalone"": ""0""}","{""anchor_max"": {""x"": 1.0, ""y"": 1.0}, ""anchor_min"": {""x"": 0.0, ""y"": 0.0}, ""anchored_position"": {""x"": 0.0, ""y"": 0.0}, ""pivot"": {""x"": 0.5, ""y"": 0.5}, ""size_delta"": {""x"": 0.0, ""y"": 0.0}}"
Assets/Scenes/Game.unity,Canvas,Canvas/SafeArea/UIInGame/SubMapUI/UIEvent_SchoolUniform/AutoPosYSetting/PrefabParent/UIInGameSubMap_SchoolUniform/BlockGroup/RequiredGroup/Scroll View/Viewport/Content/UiListitem_EchoArchive_CollectBlock (2)/FX_ClearOne,7533,FX_ClearOne,,,"{""m_AdditionalShaderChannelsFlag"": ""0"", ""m_OverridePixelPerfect"": ""0"", ""m_OverrideSorting"": ""1"", ""m_PixelPerfect"": ""0"", ""m_PlaneDistance"": ""100"", ""m_ReceivesEvents"": ""1"", ""m_RenderMode"": ""2"", ""m_SortingLayerID"": ""0"", ""m_SortingOrder"": ""0"", ""m_TargetDisplay"": ""0"", ""m_UpdateRectTransformForStandalone"": ""0""}","{""anchor_max"": {""x"": 0.5, ""y"": 0.5}, ""anchor_min"": {""x"": 0.5, ""y"": 0.5}, ""anchored_position"": {""x"": 0.0, ""y"": 0.0}, ""pivot"": {""x"": 0.5, ""y"": 0.5}, ""size_delta"": {""x"": 0.0, ""y"": 0.0}}"
Assets/Scenes/Game.unity,Canvas,Canvas,7534,Canvas,,,"{""m_AdditionalShaderChannelsFlag"": ""25"", ""m_OverridePixelPerfect"": ""0"", ""m_OverrideSorting"": ""0"", ""m_PixelPerfect"": ""0"", ""m_PlaneDistance"": ""30"", ""m_ReceivesEvents"": ""1"", ""m_RenderMode"": ""1"", ""m_SortingLayerID"": ""0"", ""m_SortingOrder"": ""0"", ""m_TargetDisplay"": ""0"", ""m_UpdateRectTransformForStandalone"": ""0""}","{""anchor_max"": {""x"": 0.0, ""y"": 0.0}, ""anchor_min"": {""x"": 0.0, ""y"": 0.0}, ""anchored_position"": {""x"": 0.0, ""y"": 0.0}, ""pivot"": {""x"": 0.0, ""y"": 0.0}, ""size_delta"": {""x"": 0.0, ""y"": 0.0}}"
Assets/Scenes/Game.unity,Canvas,Canvas/CutToonManager,7535,CutToonManager,,,"{""m_AdditionalShaderChannelsFlag"": ""25"", ""m_OverridePixelPerfect"": ""0"", ""m_OverrideSorting"": ""1"", ""m_PixelPerfect"": ""0"", ""m_PlaneDistance"": ""100"", ""m_ReceivesEvents"": ""1"", ""m_RenderMode"": ""2"", ""m_SortingLayerID"": ""0"", ""m_SortingOrder"": ""9"", ""m_TargetDisplay"": ""0"", ""m_UpdateRectTransformForStandalone"": ""0""}","{""anchor_max"": {""x"": 1.0, ""y"": 1.0}, ""anchor_min"": {""x"": 0.0, ""y"": 0.0}, ""anchored_position"": {""x"": 0.0, ""y"": 0.0}, ""pivot"": {""x"": 0.5, ""y"": 0.5}, ""size_delta"": {""x"": 0.0, ""y"": 0.0}}"
Assets/Scenes/Game.unity,Canvas,Canvas/SafeArea/UIInGame/SubMapUI/UIEvent_SchoolUniform/AutoPosYSetting/PrefabParent/UIInGameSubMap_SchoolUniform/BlockGroup/RequiredGroup/Scroll View/Viewport/Content/UiListitem_EchoArchive_CollectBlock/FX_ClearOne,7536,FX_ClearOne,,,"{""m_AdditionalShaderChannelsFlag"": ""0"", ""m_OverridePixelPerfect"": ""0"", ""m_OverrideSorting"": ""1"", ""m_PixelPerfect"": ""0"", ""m_PlaneDistance"": ""100"", ""m_ReceivesEvents"": ""1"", ""m_RenderMode"": ""2"", ""m_SortingLayerID"": ""0"", ""m_SortingOrder"": ""0"", ""m_TargetDisplay"": ""0"", ""m_UpdateRectTransformForStandalone"": ""0""}","{""anchor_max"": {""x"": 0.5, ""y"": 0.5}, ""anchor_min"": {""x"": 0.5, ""y"": 0.5}, ""anchored_position"": {""x"": 0.0, ""y"": 0.0}, ""pivot"": {""x"": 0.5, ""y"": 0.5}, ""size_delta"": {""x"": 0.0, ""y"": 0.0}}"
Assets/Scenes/Game.unity,Canvas,Canvas/SafeArea/UIInGame/SubMapUI/UIEvent_SchoolUniform/AutoPosYSetting/PrefabParent/UIInGameSubMap_SchoolUniform/BlockGroup/RequiredGroup/Scroll View/Viewport/Content/UiListitem_EchoArchive_CollectBlock (5)/FX_ClearOne,7537,FX_ClearOne,,,"{""m_AdditionalShaderChannelsFlag"": ""0"", ""m_OverridePixelPerfect"": ""0"", ""m_OverrideSorting"": ""1"", ""m_PixelPerfect"": ""0"", ""m_PlaneDistance"": ""100"", ""m_ReceivesEvents"": ""1"", ""m_RenderMode"": ""2"", ""m_SortingLayerID"": ""0"", ""m_SortingOrder"": ""0"", ""m_TargetDisplay"": ""0"", ""m_UpdateRectTransformForStandalone"": ""0""}","{""anchor_max"": {""x"": 0.5, ""y"": 0.5}, ""anchor_min"": {""x"": 0.5, ""y"": 0.5}, ""anchored_position"": {""x"": 0.0, ""y"": 0.0}, ""pivot"": {""x"": 0.5, ""y"": 0.5}, ""size_delta"": {""x"": 0.0, ""y"": 0.0}}"
Assets/Scenes/Game.unity,Canvas,Canvas/UILoading/LogoArea,7538,LogoArea,,,"{""m_AdditionalShaderChannelsFlag"": ""25"", ""m_OverridePixelPerfect"": ""0"", ""m_OverrideSorting"": ""1"", ""m_PixelPerfect"": ""0"", ""m_PlaneDistance"": ""100"", ""m_ReceivesEvents"": ""1"", ""m_RenderMode"": ""2"", ""m_SortingLayerID"": ""0"", ""m_SortingOrder"": ""3"", ""m_TargetDisplay"": ""0"", ""m_UpdateRectTransformForStandalone"": ""0""}","{""anchor_max"": {""x"": 1.0, ""y"": 1.0}, ""anchor_min"": {""x"": 0.0, ""y"": 0.0}, ""anchored_position"": {""x"": 0.0, ""y"": 0.0}, ""pivot"": {""x"": 0.5, ""y"": 0.5}, ""size_delta"": {""x"": 0.0, ""y"": 0.0}}"
Assets/Scenes/Game.unity,Canvas,BGCanvas/SafeArea/Image,7539,Image,,,"{""m_AdditionalShaderChannelsFlag"": ""0"", ""m_OverridePixelPerfect"": ""0"", ""m_OverrideSorting"": ""1"", ""m_PixelPerfect"": ""0"", ""m_PlaneDistance"": ""100"", ""m_ReceivesEvents"": ""1"", ""m_RenderMode"": ""2"", ""m_SortingLayerID"": ""0"", ""m_SortingOrder"": ""-8"", ""m_TargetDisplay"": ""0"", ""m_UpdateRectTransformForStandalone"": ""0""}","{""anchor_max"": {""x"": 1.0, ""y"": 1.0}, ""anchor_min"": {""x"": 0.0, ""y"": 1.0}, ""anchored_position"": {""x"": 0.0, ""y"": 200.00024}, ""pivot"": {""x"": 0.5, ""y"": 1.0}, ""size_delta"": {""x"": 400.0, ""y"": 500.0}}"
Assets/Scenes/Game.unity,Canvas,Canvas/UILoading/Ver (1),7540,Ver (1),,,"{""m_AdditionalShaderChannelsFlag"": ""25"", ""m_OverridePixelPerfect"": ""0"", ""m_OverrideSorting"": ""1"", ""m_PixelPerfect"": ""0"", ""m_PlaneDistance"": ""100"", ""m_ReceivesEvents"": ""1"", ""m_RenderMode"": ""2"", ""m_SortingLayerID"": ""0"", ""m_SortingOrder"": ""5"", ""m_TargetDisplay"": ""0"", ""m_UpdateRectTransformForStandalone"": ""0""}","{""anchor_max"": {""x"": 0.0, ""y"": 0.0}, ""anchor_min"": {""x"": 0.0, ""y"": 0.0}, ""anchored_position"": {""x"": 30.0, ""y"": 30.0}, ""pivot"": {""x"": 0.0, ""y"": 0.0}, ""size_delta"": {""x"": 500.0, ""y"": 60.0}}"
Assets/Scenes/Game.unity,Canvas,Canvas/SafeArea/UIInGame/SubMapUI/UIEvent_SchoolUniform/AutoPosYSetting/PrefabParent/UIInGameSubMap_SchoolUniform/BlockGroup/RequiredGroup/Scroll View/Viewport/Content/UiListitem_EchoArchive_CollectBlock (9)/FX_ClearOne,7541,FX_ClearOne,,,"{""m_AdditionalShaderChannelsFlag"": ""0"", ""m_OverridePixelPerfect"": ""0"", ""m_OverrideSorting"": ""1"", ""m_PixelPerfect"": ""0"", ""m_PlaneDistance"": ""100"", ""m_ReceivesEvents"": ""1"", ""m_RenderMode"": ""2"", ""m_SortingLayerID"": ""0"", ""m_SortingOrder"": ""0"", ""m_TargetDisplay"": ""0"", ""m_UpdateRectTransformForStandalone"": ""0""}","{""anchor_max"": {""x"": 0.5, ""y"": 0.5}, ""anchor_min"": {""x"": 0.5, ""y"": 0.5}, ""anchored_position"": {""x"": 0.0, ""y"": 0.0}, ""pivot"": {""x"": 0.5, ""y"": 0.5}, ""size_delta"": {""x"": 0.0, ""y"": 0.0}}"
Assets/Scenes/Game.unity,Canvas,Canvas/SafeArea/UIInGame/SubMapUI/UIEvent_SchoolUniform/AutoPosYSetting/PrefabParent/UIInGameSubMap_SchoolUniform/BlockGroup/RequiredGroup/Scroll View/Viewport/Content/UiListitem_EchoArchive_CollectBlock (4)/FX_ClearOne,7542,FX_ClearOne,,,"{""m_AdditionalShaderChannelsFlag"": ""0"", ""m_OverridePixelPerfect"": ""0"", ""m_OverrideSorting"": ""1"", ""m_PixelPerfect"": ""0"", ""m_PlaneDistance"": ""100"", ""m_ReceivesEvents"": ""1"", ""m_RenderMode"": ""2"", ""m_SortingLayerID"": ""0"", ""m_SortingOrder"": ""0"", ""m_TargetDisplay"": ""0"", ""m_UpdateRectTransformForStandalone"": ""0""}","{""anchor_max"": {""x"": 0.5, ""y"": 0.5}, ""anchor_min"": {""x"": 0.5, ""y"": 0.5}, ""anchored_position"": {""x"": 0.0, ""y"": 0.0}, ""pivot"": {""x"": 0.5, ""y"": 0.5}, ""size_delta"": {""x"": 0.0, ""y"": 0.0}}"
Assets/Scenes/Game.unity,Canvas,Canvas/UILoading/Ch,7543,Ch,,,"{""m_AdditionalShaderChannelsFlag"": ""0"", ""m_OverridePixelPerfect"": ""0"", ""m_OverrideSorting"": ""1"", ""m_PixelPerfect"": ""0"", ""m_PlaneDistance"": ""100"", ""m_ReceivesEvents"": ""1"", ""m_RenderMode"": ""2"", ""m_SortingLayerID"": ""0"", ""m_SortingOrder"": ""3"", ""m_TargetDisplay"": ""0"", ""m_UpdateRectTransformForStandalone"": ""0""}","{""anchor_max"": {""x"": 0.5, ""y"": 0.0}, ""anchor_min"": {""x"": 0.5, ""y"": 0.0}, ""anchored_position"": {""x"": 0.0, ""y"": -180.00012}, ""pivot"": {""x"": 0.5, ""y"": 0.5}, ""size_delta"": {""x"": 100.0, ""y"": 0.0}}"
Assets/Scenes/Game.unity,Canvas,Canvas/SafeArea/UIInGame/SubMapUI/UIEvent_SchoolUniform/AutoPosYSetting/PrefabParent/UIInGameSubMap_SchoolUniform/BlockGroup/RequiredGroup/Scroll View/Viewport/Content/UiListitem_EchoArchive_CollectBlock (7)/FX_ClearOne,7544,FX_ClearOne,,,"{""m_AdditionalShaderChannelsFlag"": ""0"", ""m_OverridePixelPerfect"": ""0"", ""m_OverrideSorting"": ""1"", ""m_PixelPerfect"": ""0"", ""m_PlaneDistance"": ""100"", ""m_ReceivesEvents"": ""1"", ""m_RenderMode"": ""2"", ""m_SortingLayerID"": ""0"", ""m_SortingOrder"": ""0"", ""m_TargetDisplay"": ""0"", ""m_UpdateRectTransformForStandalone"": ""0""}","{""anchor_max"": {""x"": 0.5, ""y"": 0.5}, ""anchor_min"": {""x"": 0.5, ""y"": 0.5}, ""anchored_position"": {""x"": 0.0, ""y"": 0.0}, ""pivot"": {""x"": 0.5, ""y"": 0.5}, ""size_delta"": {""x"": 0.0, ""y"": 0.0}}"
Assets/Scenes/Game.unity,Canvas,Canvas/SafeArea/UIPopupManager/Always,7545,Always,,,"{""m_AdditionalShaderChannelsFlag"": ""0"", ""m_OverridePixelPerfect"": ""0"", ""m_OverrideSorting"": ""1"", ""m_PixelPerfect"": ""0"", ""m_PlaneDistance"": ""100"", ""m_ReceivesEvents"": ""1"", ""m_RenderMode"": ""2"", ""m_SortingLayerID"": ""0"", ""m_SortingOrder"": ""100"", ""m_TargetDisplay"": ""0"", ""m_UpdateRectTransformForStandalone"": ""0""}","{""anchor_max"": {""x"": 1.0, ""y"": 1.0}, ""anchor_min"": {""x"": 0.0, ""y"": 0.0}, ""anchored_position"": {""x"": 0.0, ""y"": 0.0}, ""pivot"": {""x"": 0.5, ""y"": 0.5}, ""size_delta"": {""x"": 0.0, ""y"": 0.0}}"
Assets/Scenes/Game.unity,CanvasScaler,Canvas,11964,Canvas,6dfc8ec6aebac6665d9781d273993f23,False,{},"{""anchor_max"": {""x"": 0.0, ""y"": 0.0}, ""anchor_min"": {""x"": 0.0, ""y"": 0.0}, ""anchored_position"": {""x"": 0.0, ""y"": 0.0}, ""pivot"": {""x"": 0.0, ""y"": 0.0}, ""size_delta"": {""x"": 0.0, ""y"": 0.0}}"
Assets/Scenes/Game.unity,CanvasScaler,UIStory/StoryGroup/StoryObjectCanvas,12784,StoryObjectCanvas,6dfc8ec6aebac6665d9781d273993f23,False,{},"{""anchor_max"": {""x"": 0.5, ""y"": 0.5}, ""anchor_min"": {""x"": 0.5, ""y"": 0.5}, ""anchored_position"": {""x"": 0.0, ""y"": 0.0}, ""pivot"": {""x"": 0.5, ""y"": 0.5}, ""size_delta"": {""x"": 1080.0, ""y"": 2220.0}}"
Assets/Scenes/Game.unity,CanvasScaler,UIStory/StoryGroup/StoryUICanvas,13616,StoryUICanvas,6dfc8ec6aebac6665d9781d273993f23,False,{},"{""anchor_max"": {""x"": 0.0, ""y"": 0.0}, ""anchor_min"": {""x"": 0.0, ""y"": 0.0}, ""anchored_position"": {""x"": 0.0, ""y"": 0.0}, ""pivot"": {""x"": 0.0, ""y"": 0.0}, ""size_delta"": {""x"": 0.0, ""y"": 0.0}}"
Assets/Scenes/Game.unity,CanvasScaler,BGCanvas,14297,BGCanvas,6dfc8ec6aebac6665d9781d273993f23,False,{},"{""anchor_max"": {""x"": 0.0, ""y"": 0.0}, ""anchor_min"": {""x"": 0.0, ""y"": 0.0}, ""anchored_position"": {""x"": 0.0, ""y"": 0.0}, ""pivot"": {""x"": 0.0, ""y"": 0.0}, ""size_delta"": {""x"": 0.0, ""y"": 0.0}}"
Assets/Scenes/Game.unity,CanvasScaler,TouchEffectCanvas,14610,TouchEffectCanvas,6dfc8ec6aebac6665d9781d273993f23,False,{},"{""anchor_max"": {""x"": 0.0, ""y"": 0.0}, ""anchor_min"": {""x"": 0.0, ""y"": 0.0}, ""anchored_position"": {""x"": 0.0, ""y"": 0.0}, ""pivot"": {""x"": 0.0, ""y"": 0.0}, ""size_delta"": {""x"": 0.0, ""y"": 0.0}}"
Assets/Scenes/Game.unity,SafeAreaComponent,Canvas/SafeArea,11694,SafeArea,cedddb77dbd60a683455a2b226c5fd56,,{},"{""anchor_max"": {""x"": 1.0, ""y"": 1.0}, ""anchor_min"": {""x"": 0.0, ""y"": 0.0}, ""anchored_position"": {""x"": 0.0, ""y"": 0.0}, ""pivot"": {""x"": 0.5, ""y"": 0.5}, ""size_delta"": {""x"": 0.0, ""y"": 0.0}}"
Assets/Scenes/Game.unity,SafeAreaComponent,UIStory/StoryGroup/StoryUICanvas/SafeArea,13657,SafeArea,cedddb77dbd60a683455a2b226c5fd56,,{},"{""anchor_max"": {""x"": 1.0, ""y"": 1.0}, ""anchor_min"": {""x"": 0.0, ""y"": 0.0}, ""anchored_position"": {""x"": 0.0, ""y"": 0.0}, ""pivot"": {""x"": 0.5, ""y"": 0.5}, ""size_delta"": {""x"": 0.0, ""y"": 0.0}}"
Assets/Scenes/Game.unity,SafeAreaComponent,BGCanvas/SafeArea,14253,SafeArea,cedddb77dbd60a683455a2b226c5fd56,,{},"{""anchor_max"": {""x"": 1.0, ""y"": 1.0}, ""anchor_min"": {""x"": 0.0, ""y"": 0.0}, ""anchored_position"": {""x"": 0.0, ""y"": 0.0}, ""pivot"": {""x"": 0.5, ""y"": 0.5}, ""size_delta"": {""x"": 0.0, ""y"": 0.0}}"
Assets/Scenes/Game.unity,SafeAreaRect,UIStory/StoryGroup/StoryUICanvas/SafeArea,,,,,{},"{""anchor_max"": {""x"": 1.0, ""y"": 1.0}, ""anchor_min"": {""x"": 0.0, ""y"": 0.0}, ""anchored_position"": {""x"": 0.0, ""y"": 0.0}, ""pivot"": {""x"": 0.5, ""y"": 0.5}, ""size_delta"": {""x"": 0.0, ""y"": 0.0}}"
Assets/Scenes/Game.unity,SafeAreaRect,Canvas/SafeArea,,,,,{},"{""anchor_max"": {""x"": 1.0, ""y"": 1.0}, ""anchor_min"": {""x"": 0.0, ""y"": 0.0}, ""anchored_position"": {""x"": 0.0, ""y"": 0.0}, ""pivot"": {""x"": 0.5, ""y"": 0.5}, ""size_delta"": {""x"": 0.0, ""y"": 0.0}}"
Assets/Scenes/Game.unity,SafeAreaRect,BGCanvas/SafeArea,,,,,{},"{""anchor_max"": {""x"": 1.0, ""y"": 1.0}, ""anchor_min"": {""x"": 0.0, ""y"": 0.0}, ""anchored_position"": {""x"": 0.0, ""y"": 0.0}, ""pivot"": {""x"": 0.5, ""y"": 0.5}, ""size_delta"": {""x"": 0.0, ""y"": 0.0}}"
Assets/Resources/prefabs/ui/UIManager.prefab,Canvas,Canvas,223776080227471197,Canvas,,,"{""m_AdditionalShaderChannelsFlag"": ""25"", ""m_OverridePixelPerfect"": ""0"", ""m_OverrideSorting"": ""0"", ""m_PixelPerfect"": ""0"", ""m_PlaneDistance"": ""30"", ""m_ReceivesEvents"": ""1"", ""m_RenderMode"": ""1"", ""m_SortingLayerID"": ""0"", ""m_SortingOrder"": ""0"", ""m_TargetDisplay"": ""0"", ""m_UpdateRectTransformForStandalone"": ""0""}","{""anchor_max"": {""x"": 0.0, ""y"": 0.0}, ""anchor_min"": {""x"": 0.0, ""y"": 0.0}, ""anchored_position"": {""x"": 0.0, ""y"": 0.0}, ""pivot"": {""x"": 0.0, ""y"": 0.0}, ""size_delta"": {""x"": 0.0, ""y"": 0.0}}"
Assets/Resources/prefabs/ui/UIManager.prefab,Canvas,Canvas/SafeArea/UIInGame/SubMapUI/UIEvent_SchoolUniform/AutoPosYSetting/PrefabParent/UIInGameSubMap_SchoolUniform/BlockGroup/RequiredGroup/Scroll View/Viewport/Content/UiListitem_EchoArchive_CollectBlock/FX_ClearOne,223824529126511409,FX_ClearOne,,,"{""m_AdditionalShaderChannelsFlag"": ""0"", ""m_OverridePixelPerfect"": ""0"", ""m_OverrideSorting"": ""1"", ""m_PixelPerfect"": ""0"", ""m_PlaneDistance"": ""100"", ""m_ReceivesEvents"": ""1"", ""m_RenderMode"": ""2"", ""m_SortingLayerID"": ""0"", ""m_SortingOrder"": ""0"", ""m_TargetDisplay"": ""0"", ""m_UpdateRectTransformForStandalone"": ""0""}","{""anchor_max"": {""x"": 0.5, ""y"": 0.5}, ""anchor_min"": {""x"": 0.5, ""y"": 0.5}, ""anchored_position"": {""x"": 0.0, ""y"": 0.0}, ""pivot"": {""x"": 0.5, ""y"": 0.5}, ""size_delta"": {""x"": 0.0, ""y"": 0.0}}"
Assets/Resources/prefabs/ui/UIManager.prefab,Canvas,Canvas/SafeArea/UIInGame/SubMapUI/UIEvent_SchoolUniform/AutoPosYSetting/PrefabParent/UIInGameSubMap_SchoolUniform/BlockGroup/RequiredGroup/Scroll View/Viewport/Content/UiListitem_EchoArchive_CollectBlock (1)/FX_ClearOne,223144833719777579,FX_ClearOne,,,"{""m_AdditionalShaderChannelsFlag"": ""0"", ""m_OverridePixelPerfect"": ""0"", ""m_OverrideSorting"": ""1"", ""m_PixelPerfect"": ""0"", ""m_PlaneDistance"": ""100"", ""m_ReceivesEvents"": ""1"", ""m_RenderMode"": ""2"", ""m_SortingLayerID"": ""0"", ""m_SortingOrder"": ""0"", ""m_TargetDisplay"": ""0"", ""m_UpdateRectTransformForStandalone"": ""0""}","{""anchor_max"": {""x"": 0.5, ""y"": 0.5}, ""anchor_min"": {""x"": 0.5, ""y"": 0.5}, ""anchored_position"": {""x"": 0.0, ""y"": 0.0}, ""pivot"": {""x"": 0.5, ""y"": 0.5}, ""size_delta"": {""x"": 0.0, ""y"": 0.0}}"
Assets/Resources/prefabs/ui/UIManager.prefab,Canvas,Canvas/SafeArea/UIInGame/SubMapUI/UIEvent_SchoolUniform/AutoPosYSetting/PrefabParent/UIInGameSubMap_SchoolUniform/BlockGroup/RequiredGroup/Scroll View/Viewport/Content/UiListitem_EchoArchive_CollectBlock (2)/FX_ClearOne,223060395603610739,FX_ClearOne,,,"{""m_AdditionalShaderChannelsFlag"": ""0"", ""m_OverridePixelPerfect"": ""0"", ""m_OverrideSorting"": ""1"", ""m_PixelPerfect"": ""0"", ""m_PlaneDistance"": ""100"", ""m_ReceivesEvents"": ""1"", ""m_RenderMode"": ""2"", ""m_SortingLayerID"": ""0"", ""m_SortingOrder"": ""0"", ""m_TargetDisplay"": ""0"", ""m_UpdateRectTransformForStandalone"": ""0""}","{""anchor_max"": {""x"": 0.5, ""y"": 0.5}, ""anchor_min"": {""x"": 0.5, ""y"": 0.5}, ""anchored_position"": {""x"": 0.0, ""y"": 0.0}, ""pivot"": {""x"": 0.5, ""y"": 0.5}, ""size_delta"": {""x"": 0.0, ""y"": 0.0}}"
Assets/Resources/prefabs/ui/UIManager.prefab,Canvas,Canvas/SafeArea/UIInGame/SubMapUI/UIEvent_SchoolUniform/AutoPosYSetting/PrefabParent/UIInGameSubMap_SchoolUniform/BlockGroup/RequiredGroup/Scroll View/Viewport/Content/UiListitem_EchoArchive_CollectBlock (3)/FX_ClearOne,223403346140281688,FX_ClearOne,,,"{""m_AdditionalShaderChannelsFlag"": ""0"", ""m_OverridePixelPerfect"": ""0"", ""m_OverrideSorting"": ""1"", ""m_PixelPerfect"": ""0"", ""m_PlaneDistance"": ""100"", ""m_ReceivesEvents"": ""1"", ""m_RenderMode"": ""2"", ""m_SortingLayerID"": ""0"", ""m_SortingOrder"": ""0"", ""m_TargetDisplay"": ""0"", ""m_UpdateRectTransformForStandalone"": ""0""}","{""anchor_max"": {""x"": 0.5, ""y"": 0.5}, ""anchor_min"": {""x"": 0.5, ""y"": 0.5}, ""anchored_position"": {""x"": 0.0, ""y"": 0.0}, ""pivot"": {""x"": 0.5, ""y"": 0.5}, ""size_delta"": {""x"": 0.0, ""y"": 0.0}}"
Assets/Resources/prefabs/ui/UIManager.prefab,Canvas,Canvas/SafeArea/UIInGame/SubMapUI/UIEvent_SchoolUniform/AutoPosYSetting/PrefabParent/UIInGameSubMap_SchoolUniform/BlockGroup/RequiredGroup/Scroll View/Viewport/Content/UiListitem_EchoArchive_CollectBlock (4)/FX_ClearOne,223231335214314272,FX_ClearOne,,,"{""m_AdditionalShaderChannelsFlag"": ""0"", ""m_OverridePixelPerfect"": ""0"", ""m_OverrideSorting"": ""1"", ""m_PixelPerfect"": ""0"", ""m_PlaneDistance"": ""100"", ""m_ReceivesEvents"": ""1"", ""m_RenderMode"": ""2"", ""m_SortingLayerID"": ""0"", ""m_SortingOrder"": ""0"", ""m_TargetDisplay"": ""0"", ""m_UpdateRectTransformForStandalone"": ""0""}","{""anchor_max"": {""x"": 0.5, ""y"": 0.5}, ""anchor_min"": {""x"": 0.5, ""y"": 0.5}, ""anchored_position"": {""x"": 0.0, ""y"": 0.0}, ""pivot"": {""x"": 0.5, ""y"": 0.5}, ""size_delta"": {""x"": 0.0, ""y"": 0.0}}"
Assets/Resources/prefabs/ui/UIManager.prefab,Canvas,Canvas/SafeArea/UIInGame/SubMapUI/UIEvent_SchoolUniform/AutoPosYSetting/PrefabParent/UIInGameSubMap_SchoolUniform/BlockGroup/RequiredGroup/Scroll View/Viewport/Content/UiListitem_EchoArchive_CollectBlock (5)/FX_ClearOne,223904473466598988,FX_ClearOne,,,"{""m_AdditionalShaderChannelsFlag"": ""0"", ""m_OverridePixelPerfect"": ""0"", ""m_OverrideSorting"": ""1"", ""m_PixelPerfect"": ""0"", ""m_PlaneDistance"": ""100"", ""m_ReceivesEvents"": ""1"", ""m_RenderMode"": ""2"", ""m_SortingLayerID"": ""0"", ""m_SortingOrder"": ""0"", ""m_TargetDisplay"": ""0"", ""m_UpdateRectTransformForStandalone"": ""0""}","{""anchor_max"": {""x"": 0.5, ""y"": 0.5}, ""anchor_min"": {""x"": 0.5, ""y"": 0.5}, ""anchored_position"": {""x"": 0.0, ""y"": 0.0}, ""pivot"": {""x"": 0.5, ""y"": 0.5}, ""size_delta"": {""x"": 0.0, ""y"": 0.0}}"
Assets/Resources/prefabs/ui/UIManager.prefab,Canvas,Canvas/SafeArea/UIInGame/SubMapUI/UIEvent_SchoolUniform/AutoPosYSetting/PrefabParent/UIInGameSubMap_SchoolUniform/BlockGroup/RequiredGroup/Scroll View/Viewport/Content/UiListitem_EchoArchive_CollectBlock (6)/FX_ClearOne,223175843714942131,FX_ClearOne,,,"{""m_AdditionalShaderChannelsFlag"": ""0"", ""m_OverridePixelPerfect"": ""0"", ""m_OverrideSorting"": ""1"", ""m_PixelPerfect"": ""0"", ""m_PlaneDistance"": ""100"", ""m_ReceivesEvents"": ""1"", ""m_RenderMode"": ""2"", ""m_SortingLayerID"": ""0"", ""m_SortingOrder"": ""0"", ""m_TargetDisplay"": ""0"", ""m_UpdateRectTransformForStandalone"": ""0""}","{""anchor_max"": {""x"": 0.5, ""y"": 0.5}, ""anchor_min"": {""x"": 0.5, ""y"": 0.5}, ""anchored_position"": {""x"": 0.0, ""y"": 0.0}, ""pivot"": {""x"": 0.5, ""y"": 0.5}, ""size_delta"": {""x"": 0.0, ""y"": 0.0}}"
Assets/Resources/prefabs/ui/UIManager.prefab,Canvas,Canvas/SafeArea/UIInGame/SubMapUI/UIEvent_SchoolUniform/AutoPosYSetting/PrefabParent/UIInGameSubMap_SchoolUniform/BlockGroup/RequiredGroup/Scroll View/Viewport/Content/UiListitem_EchoArchive_CollectBlock (7)/FX_ClearOne,223991239309296306,FX_ClearOne,,,"{""m_AdditionalShaderChannelsFlag"": ""0"", ""m_OverridePixelPerfect"": ""0"", ""m_OverrideSorting"": ""1"", ""m_PixelPerfect"": ""0"", ""m_PlaneDistance"": ""100"", ""m_ReceivesEvents"": ""1"", ""m_RenderMode"": ""2"", ""m_SortingLayerID"": ""0"", ""m_SortingOrder"": ""0"", ""m_TargetDisplay"": ""0"", ""m_UpdateRectTransformForStandalone"": ""0""}","{""anchor_max"": {""x"": 0.5, ""y"": 0.5}, ""anchor_min"": {""x"": 0.5, ""y"": 0.5}, ""anchored_position"": {""x"": 0.0, ""y"": 0.0}, ""pivot"": {""x"": 0.5, ""y"": 0.5}, ""size_delta"": {""x"": 0.0, ""y"": 0.0}}"
Assets/Resources/prefabs/ui/UIManager.prefab,Canvas,Canvas/SafeArea/UIInGame/SubMapUI/UIEvent_SchoolUniform/AutoPosYSetting/PrefabParent/UIInGameSubMap_SchoolUniform/BlockGroup/RequiredGroup/Scroll View/Viewport/Content/UiListitem_EchoArchive_CollectBlock (8)/FX_ClearOne,223578722869120106,FX_ClearOne,,,"{""m_AdditionalShaderChannelsFlag"": ""0"", ""m_OverridePixelPerfect"": ""0"", ""m_OverrideSorting"": ""1"", ""m_PixelPerfect"": ""0"", ""m_PlaneDistance"": ""100"", ""m_ReceivesEvents"": ""1"", ""m_RenderMode"": ""2"", ""m_SortingLayerID"": ""0"", ""m_SortingOrder"": ""0"", ""m_TargetDisplay"": ""0"", ""m_UpdateRectTransformForStandalone"": ""0""}","{""anchor_max"": {""x"": 0.5, ""y"": 0.5}, ""anchor_min"": {""x"": 0.5, ""y"": 0.5}, ""anchored_position"": {""x"": 0.0, ""y"": 0.0}, ""pivot"": {""x"": 0.5, ""y"": 0.5}, ""size_delta"": {""x"": 0.0, ""y"": 0.0}}"
Assets/Resources/prefabs/ui/UIManager.prefab,Canvas,Canvas/SafeArea/UIInGame/SubMapUI/UIEvent_SchoolUniform/AutoPosYSetting/PrefabParent/UIInGameSubMap_SchoolUniform/BlockGroup/RequiredGroup/Scroll View/Viewport/Content/UiListitem_EchoArchive_CollectBlock (9)/FX_ClearOne,223219265408832591,FX_ClearOne,,,"{""m_AdditionalShaderChannelsFlag"": ""0"", ""m_OverridePixelPerfect"": ""0"", ""m_OverrideSorting"": ""1"", ""m_PixelPerfect"": ""0"", ""m_PlaneDistance"": ""100"", ""m_ReceivesEvents"": ""1"", ""m_RenderMode"": ""2"", ""m_SortingLayerID"": ""0"", ""m_SortingOrder"": ""0"", ""m_TargetDisplay"": ""0"", ""m_UpdateRectTransformForStandalone"": ""0""}","{""anchor_max"": {""x"": 0.5, ""y"": 0.5}, ""anchor_min"": {""x"": 0.5, ""y"": 0.5}, ""anchored_position"": {""x"": 0.0, ""y"": 0.0}, ""pivot"": {""x"": 0.5, ""y"": 0.5}, ""size_delta"": {""x"": 0.0, ""y"": 0.0}}"
Assets/Resources/prefabs/ui/UIManager.prefab,Canvas,Canvas/SafeArea/UIPopupManager/Normal,223691142747637998,Normal,,,"{""m_AdditionalShaderChannelsFlag"": ""25"", ""m_OverridePixelPerfect"": ""0"", ""m_OverrideSorting"": ""1"", ""m_PixelPerfect"": ""0"", ""m_PlaneDistance"": ""100"", ""m_ReceivesEvents"": ""1"", ""m_RenderMode"": ""2"", ""m_SortingLayerID"": ""0"", ""m_SortingOrder"": ""5"", ""m_TargetDisplay"": ""0"", ""m_UpdateRectTransformForStandalone"": ""0""}","{""anchor_max"": {""x"": 1.0, ""y"": 1.0}, ""anchor_min"": {""x"": 0.0, ""y"": 0.0}, ""anchored_position"": {""x"": 0.0, ""y"": 0.0}, ""pivot"": {""x"": 0.5, ""y"": 0.5}, ""size_delta"": {""x"": 0.0, ""y"": 0.0}}"
Assets/Resources/prefabs/ui/UIManager.prefab,Canvas,Canvas/SafeArea/UIPopupManager/Priority_Low,223434921688307466,Priority_Low,,,"{""m_AdditionalShaderChannelsFlag"": ""25"", ""m_OverridePixelPerfect"": ""0"", ""m_OverrideSorting"": ""1"", ""m_PixelPerfect"": ""0"", ""m_PlaneDistance"": ""100"", ""m_ReceivesEvents"": ""1"", ""m_RenderMode"": ""2"", ""m_SortingLayerID"": ""0"", ""m_SortingOrder"": ""6"", ""m_TargetDisplay"": ""0"", ""m_UpdateRectTransformForStandalone"": ""0""}","{""anchor_max"": {""x"": 1.0, ""y"": 1.0}, ""anchor_min"": {""x"": 0.0, ""y"": 0.0}, ""anchored_position"": {""x"": 0.0, ""y"": 0.0}, ""pivot"": {""x"": 0.5, ""y"": 0.5}, ""size_delta"": {""x"": 0.0, ""y"": 0.0}}"
Assets/Resources/prefabs/ui/UIManager.prefab,Canvas,Canvas/SafeArea/UIPopupManager/Priority_High,223357521788139413,Priority_High,,,"{""m_AdditionalShaderChannelsFlag"": ""25"", ""m_OverridePixelPerfect"": ""0"", ""m_OverrideSorting"": ""1"", ""m_PixelPerfect"": ""0"", ""m_PlaneDistance"": ""100"", ""m_ReceivesEvents"": ""1"", ""m_RenderMode"": ""2"", ""m_SortingLayerID"": ""0"", ""m_SortingOrder"": ""7"", ""m_TargetDisplay"": ""0"", ""m_UpdateRectTransformForStandalone"": ""0""}","{""anchor_max"": {""x"": 1.0, ""y"": 1.0}, ""anchor_min"": {""x"": 0.0, ""y"": 0.0}, ""anchored_position"": {""x"": 0.0, ""y"": 0.0}, ""pivot"": {""x"": 0.5, ""y"": 0.5}, ""size_delta"": {""x"": 0.0, ""y"": 0.0}}"
Assets/Resources/prefabs/ui/UIManager.prefab,Canvas,Canvas/SafeArea/UIPopupManager/Effect,223862281814064718,Effect,,,"{""m_AdditionalShaderChannelsFlag"": ""25"", ""m_OverridePixelPerfect"": ""0"", ""m_OverrideSorting"": ""1"", ""m_PixelPerfect"": ""0"", ""m_PlaneDistance"": ""100"", ""m_ReceivesEvents"": ""1"", ""m_RenderMode"": ""2"", ""m_SortingLayerID"": ""0"", ""m_SortingOrder"": ""8"", ""m_TargetDisplay"": ""0"", ""m_UpdateRectTransformForStandalone"": ""0""}","{""anchor_max"": {""x"": 1.0, ""y"": 1.0}, ""anchor_min"": {""x"": 0.0, ""y"": 0.0}, ""anchored_position"": {""x"": 0.0, ""y"": 0.0}, ""pivot"": {""x"": 0.5, ""y"": 0.5}, ""size_delta"": {""x"": 0.0, ""y"": 0.0}}"
Assets/Resources/prefabs/ui/UIManager.prefab,Canvas,Canvas/SafeArea/UIPopupManager/Always,223313820349419741,Always,,,"{""m_AdditionalShaderChannelsFlag"": ""0"", ""m_OverridePixelPerfect"": ""0"", ""m_OverrideSorting"": ""1"", ""m_PixelPerfect"": ""0"", ""m_PlaneDistance"": ""100"", ""m_ReceivesEvents"": ""1"", ""m_RenderMode"": ""2"", ""m_SortingLayerID"": ""0"", ""m_SortingOrder"": ""100"", ""m_TargetDisplay"": ""0"", ""m_UpdateRectTransformForStandalone"": ""0""}","{""anchor_max"": {""x"": 1.0, ""y"": 1.0}, ""anchor_min"": {""x"": 0.0, ""y"": 0.0}, ""anchored_position"": {""x"": 0.0, ""y"": 0.0}, ""pivot"": {""x"": 0.5, ""y"": 0.5}, ""size_delta"": {""x"": 0.0, ""y"": 0.0}}"
Assets/Resources/prefabs/ui/UIManager.prefab,Canvas,Canvas/TutorialManager,223123341875488861,TutorialManager,,,"{""m_AdditionalShaderChannelsFlag"": ""25"", ""m_OverridePixelPerfect"": ""0"", ""m_OverrideSorting"": ""1"", ""m_PixelPerfect"": ""0"", ""m_PlaneDistance"": ""100"", ""m_ReceivesEvents"": ""1"", ""m_RenderMode"": ""2"", ""m_SortingLayerID"": ""0"", ""m_SortingOrder"": ""9"", ""m_TargetDisplay"": ""0"", ""m_UpdateRectTransformForStandalone"": ""0""}","{""anchor_max"": {""x"": 1.0, ""y"": 1.0}, ""anchor_min"": {""x"": 0.0, ""y"": 0.0}, ""anchored_position"": {""x"": 0.0, ""y"": 0.0}, ""pivot"": {""x"": 0.5, ""y"": 0.5}, ""size_delta"": {""x"": 0.0, ""y"": 0.0}}"
Assets/Resources/prefabs/ui/UIManager.prefab,Canvas,Canvas/UISceneLoading,223477686686380980,UISceneLoading,,,"{""m_AdditionalShaderChannelsFlag"": ""25"", ""m_OverridePixelPerfect"": ""0"", ""m_OverrideSorting"": ""1"", ""m_PixelPerfect"": ""0"", ""m_PlaneDistance"": ""100"", ""m_ReceivesEvents"": ""1"", ""m_RenderMode"": ""2"", ""m_SortingLayerID"": ""0"", ""m_SortingOrder"": ""8"", ""m_TargetDisplay"": ""0"", ""m_UpdateRectTransformForStandalone"": ""0""}","{""anchor_max"": {""x"": 1.0, ""y"": 1.0}, ""anchor_min"": {""x"": 0.0, ""y"": 0.0}, ""anchored_position"": {""x"": 0.0, ""y"": 0.0}, ""pivot"": {""x"": 0.5, ""y"": 0.5}, ""size_delta"": {""x"": 0.0, ""y"": 0.0}}"
Assets/Resources/prefabs/ui/UIManager.prefab,Canvas,Canvas/UILoading,223873055333328627,UILoading,,,"{""m_AdditionalShaderChannelsFlag"": ""0"", ""m_OverridePixelPerfect"": ""0"", ""m_OverrideSorting"": ""1"", ""m_PixelPerfect"": ""0"", ""m_PlaneDistance"": ""100"", ""m_ReceivesEvents"": ""1"", ""m_RenderMode"": ""2"", ""m_SortingLayerID"": ""0"", ""m_SortingOrder"": ""10"", ""m_TargetDisplay"": ""0"", ""m_UpdateRectTransformForStandalone"": ""0""}","{""anchor_max"": {""x"": 1.0, ""y"": 1.0}, ""anchor_min"": {""x"": 0.0, ""y"": 0.0}, ""anchored_position"": {""x"": 0.0, ""y"": 0.0}, ""pivot"": {""x"": 0.5, ""y"": 0.5}, ""size_delta"": {""x"": 0.0, ""y"": 0.0}}"
Assets/Resources/prefabs/ui/UIManager.prefab,Canvas,Canvas/UILoading/Loading_Type,223848721475910957,Loading_Type,,,"{""m_AdditionalShaderChannelsFlag"": ""25"", ""m_OverridePixelPerfect"": ""0"", ""m_OverrideSorting"": ""1"", ""m_PixelPerfect"": ""0"", ""m_PlaneDistance"": ""100"", ""m_ReceivesEvents"": ""1"", ""m_RenderMode"": ""2"", ""m_SortingLayerID"": ""0"", ""m_SortingOrder"": ""2"", ""m_TargetDisplay"": ""0"", ""m_UpdateRectTransformForStandalone"": ""0""}","{""anchor_max"": {""x"": 1.0, ""y"": 1.0}, ""anchor_min"": {""x"": 0.0, ""y"": 0.0}, ""anchored_position"": {""x"": 0.0, ""y"": 0.0}, ""pivot"": {""x"": 0.5, ""y"": 0.5}, ""size_delta"": {""x"": 0.0, ""y"": 0.0}}"
Assets/Resources/prefabs/ui/UIManager.prefab,Canvas,Canvas/UILoading/Ch,223790770428381193,Ch,,,"{""m_AdditionalShaderChannelsFlag"": ""0"", ""m_OverridePixelPerfect"": ""0"", ""m_OverrideSorting"": ""1"", ""m_PixelPerfect"": ""0"", ""m_PlaneDistance"": ""100"", ""m_ReceivesEvents"": ""1"", ""m_RenderMode"": ""2"", ""m_SortingLayerID"": ""0"", ""m_SortingOrder"": ""3"", ""m_TargetDisplay"": ""0"", ""m_UpdateRectTransformForStandalone"": ""0""}","{""anchor_max"": {""x"": 0.5, ""y"": 0.0}, ""anchor_min"": {""x"": 0.5, ""y"": 0.0}, ""anchored_position"": {""x"": 0.0, ""y"": -180.00012}, ""pivot"": {""x"": 0.5, ""y"": 0.5}, ""size_delta"": {""x"": 100.0, ""y"": 0.0}}"
Assets/Resources/prefabs/ui/UIManager.prefab,Canvas,Canvas/UILoading/LogoArea,223943698877075581,LogoArea,,,"{""m_AdditionalShaderChannelsFlag"": ""25"", ""m_OverridePixelPerfect"": ""0"", ""m_OverrideSorting"": ""1"", ""m_PixelPerfect"": ""0"", ""m_PlaneDistance"": ""100"", ""m_ReceivesEvents"": ""1"", ""m_RenderMode"": ""2"", ""m_SortingLayerID"": ""0"", ""m_SortingOrder"": ""3"", ""m_TargetDisplay"": ""0"", ""m_UpdateRectTransformForStandalone"": ""0""}","{""anchor_max"": {""x"": 1.0, ""y"": 1.0}, ""anchor_min"": {""x"": 0.0, ""y"": 0.0}, ""anchored_position"": {""x"": 0.0, ""y"": 0.0}, ""pivot"": {""x"": 0.5, ""y"": 0.5}, ""size_delta"": {""x"": 0.0, ""y"": 0.0}}"
Assets/Resources/prefabs/ui/UIManager.prefab,Canvas,Canvas/UILoading/LoadingBar,223645039918973063,LoadingBar,,,"{""m_AdditionalShaderChannelsFlag"": ""25"", ""m_OverridePixelPerfect"": ""0"", ""m_OverrideSorting"": ""1"", ""m_PixelPerfect"": ""0"", ""m_PlaneDistance"": ""100"", ""m_ReceivesEvents"": ""1"", ""m_RenderMode"": ""2"", ""m_SortingLayerID"": ""0"", ""m_SortingOrder"": ""5"", ""m_TargetDisplay"": ""0"", ""m_UpdateRectTransformForStandalone"": ""0""}","{""anchor_max"": {""x"": 0.5, ""y"": 0.0}, ""anchor_min"": {""x"": 0.5, ""y"": 0.0}, ""anchored_position"": {""x"": 0.0, ""y"": 300.0}, ""pivot"": {""x"": 0.5, ""y"": 0.5}, ""size_delta"": {""x"": 670.0, ""y"": 50.0}}"
Assets/Resources/prefabs/ui/UIManager.prefab,Canvas,Canvas/UILoading/Btn_ContactUs,223394826370808284,Btn_ContactUs,,,"{""m_AdditionalShaderChannelsFlag"": ""25"", ""m_OverridePixelPerfect"": ""0"", ""m_OverrideSorting"": ""1"", ""m_PixelPerfect"": ""0"", ""m_PlaneDistance"": ""100"", ""m_ReceivesEvents"": ""1"", ""m_RenderMode"": ""2"", ""m_SortingLayerID"": ""0"", ""m_SortingOrder"": ""5"", ""m_TargetDisplay"": ""0"", ""m_UpdateRectTransformForStandalone"": ""0""}","{""anchor_max"": {""x"": 0.0, ""y"": 0.0}, ""anchor_min"": {""x"": 0.0, ""y"": 0.0}, ""anchored_position"": {""x"": 30.0, ""y"": 90.0}, ""pivot"": {""x"": 0.0, ""y"": 0.0}, ""size_delta"": {""x"": 240.0, ""y"": 80.0}}"
Assets/Resources/prefabs/ui/UIManager.prefab,Canvas,Canvas/UILoading/Ver,223871375946842748,Ver,,,"{""m_AdditionalShaderChannelsFlag"": ""25"", ""m_OverridePixelPerfect"": ""0"", ""m_OverrideSorting"": ""1"", ""m_PixelPerfect"": ""0"", ""m_PlaneDistance"": ""100"", ""m_ReceivesEvents"": ""1"", ""m_RenderMode"": ""2"", ""m_SortingLayerID"": ""0"", ""m_SortingOrder"": ""5"", ""m_TargetDisplay"": ""0"", ""m_UpdateRectTransformForStandalone"": ""0""}","{""anchor_max"": {""x"": 1.0, ""y"": 0.0}, ""anchor_min"": {""x"": 1.0, ""y"": 0.0}, ""anchored_position"": {""x"": -30.0, ""y"": 30.0}, ""pivot"": {""x"": 1.0, ""y"": 0.0}, ""size_delta"": {""x"": 500.0, ""y"": 60.0}}"
Assets/Resources/prefabs/ui/UIManager.prefab,Canvas,Canvas/UILoading/Ver (1),223020454902728282,Ver (1),,,"{""m_AdditionalShaderChannelsFlag"": ""25"", ""m_OverridePixelPerfect"": ""0"", ""m_OverrideSorting"": ""1"", ""m_PixelPerfect"": ""0"", ""m_PlaneDistance"": ""100"", ""m_ReceivesEvents"": ""1"", ""m_RenderMode"": ""2"", ""m_SortingLayerID"": ""0"", ""m_SortingOrder"": ""5"", ""m_TargetDisplay"": ""0"", ""m_UpdateRectTransformForStandalone"": ""0""}","{""anchor_max"": {""x"": 0.0, ""y"": 0.0}, ""anchor_min"": {""x"": 0.0, ""y"": 0.0}, ""anchored_position"": {""x"": 30.0, ""y"": 30.0}, ""pivot"": {""x"": 0.0, ""y"": 0.0}, ""size_delta"": {""x"": 500.0, ""y"": 60.0}}"
Assets/Resources/prefabs/ui/UIManager.prefab,Canvas,Canvas/CutToonManager,223805145206381484,CutToonManager,,,"{""m_AdditionalShaderChannelsFlag"": ""25"", ""m_OverridePixelPerfect"": ""0"", ""m_OverrideSorting"": ""1"", ""m_PixelPerfect"": ""0"", ""m_PlaneDistance"": ""100"", ""m_ReceivesEvents"": ""1"", ""m_RenderMode"": ""2"", ""m_SortingLayerID"": ""0"", ""m_SortingOrder"": ""9"", ""m_TargetDisplay"": ""0"", ""m_UpdateRectTransformForStandalone"": ""0""}","{""anchor_max"": {""x"": 1.0, ""y"": 1.0}, ""anchor_min"": {""x"": 0.0, ""y"": 0.0}, ""anchored_position"": {""x"": 0.0, ""y"": 0.0}, ""pivot"": {""x"": 0.5, ""y"": 0.5}, ""size_delta"": {""x"": 0.0, ""y"": 0.0}}"
Assets/Resources/prefabs/ui/UIManager.prefab,Canvas,BGCanvas,223688939036075768,BGCanvas,,,"{""m_AdditionalShaderChannelsFlag"": ""0"", ""m_OverridePixelPerfect"": ""0"", ""m_OverrideSorting"": ""0"", ""m_PixelPerfect"": ""0"", ""m_PlaneDistance"": ""5"", ""m_ReceivesEvents"": ""1"", ""m_RenderMode"": ""1"", ""m_SortingLayerID"": ""0"", ""m_SortingOrder"": ""-10"", ""m_TargetDisplay"": ""0"", ""m_UpdateRectTransformForStandalone"": ""0""}","{""anchor_max"": {""x"": 0.0, ""y"": 0.0}, ""anchor_min"": {""x"": 0.0, ""y"": 0.0}, ""anchored_position"": {""x"": 0.0, ""y"": 0.0}, ""pivot"": {""x"": 0.0, ""y"": 0.0}, ""size_delta"": {""x"": 0.0, ""y"": 0.0}}"
Assets/Resources/prefabs/ui/UIManager.prefab,Canvas,BGCanvas/SafeArea/Image,223201736004986564,Image,,,"{""m_AdditionalShaderChannelsFlag"": ""0"", ""m_OverridePixelPerfect"": ""0"", ""m_OverrideSorting"": ""1"", ""m_PixelPerfect"": ""0"", ""m_PlaneDistance"": ""100"", ""m_ReceivesEvents"": ""1"", ""m_RenderMode"": ""2"", ""m_SortingLayerID"": ""0"", ""m_SortingOrder"": ""-8"", ""m_TargetDisplay"": ""0"", ""m_UpdateRectTransformForStandalone"": ""0""}","{""anchor_max"": {""x"": 1.0, ""y"": 1.0}, ""anchor_min"": {""x"": 0.0, ""y"": 1.0}, ""anchored_position"": {""x"": 0.0, ""y"": 200.00024}, ""pivot"": {""x"": 0.5, ""y"": 1.0}, ""size_delta"": {""x"": 400.0, ""y"": 500.0}}"
Assets/Resources/prefabs/ui/UIManager.prefab,Canvas,BGCanvas/SafeArea/BG_Bar,223843907852780614,BG_Bar,,,"{""m_AdditionalShaderChannelsFlag"": ""0"", ""m_OverridePixelPerfect"": ""0"", ""m_OverrideSorting"": ""1"", ""m_PixelPerfect"": ""0"", ""m_PlaneDistance"": ""100"", ""m_ReceivesEvents"": ""1"", ""m_RenderMode"": ""2"", ""m_SortingLayerID"": ""0"", ""m_SortingOrder"": ""-10"", ""m_TargetDisplay"": ""0"", ""m_UpdateRectTransformForStandalone"": ""0""}","{""anchor_max"": {""x"": 1.0, ""y"": 0.0}, ""anchor_min"": {""x"": 0.0, ""y"": 0.0}, ""anchored_position"": {""x"": 0.0, ""y"": 1666.0}, ""pivot"": {""x"": 0.5, ""y"": 0.5}, ""size_delta"": {""x"": 0.0, ""y"": 0.0}}"
Assets/Resources/prefabs/ui/UIManager.prefab,Canvas,BGCanvas/SafeArea/BG_Bar/IngameBG,223307309511238591,IngameBG,,,"{""m_AdditionalShaderChannelsFlag"": ""0"", ""m_OverridePixelPerfect"": ""0"", ""m_OverrideSorting"": ""1"", ""m_PixelPerfect"": ""0"", ""m_PlaneDistance"": ""100"", ""m_ReceivesEvents"": ""1"", ""m_RenderMode"": ""2"", ""m_SortingLayerID"": ""0"", ""m_SortingOrder"": ""-9"", ""m_TargetDisplay"": ""0"", ""m_UpdateRectTransformForStandalone"": ""0""}","{""anchor_max"": {""x"": 1.0, ""y"": 0.5}, ""anchor_min"": {""x"": 0.0, ""y"": 0.5}, ""anchored_position"": {""x"": 0.0, ""y"": 0.0}, ""pivot"": {""x"": 0.5, ""y"": 0.5}, ""size_delta"": {""x"": 0.0, ""y"": 0.0}}"
Assets/Resources/prefabs/ui/UIManager.prefab,Canvas,BGCanvas/SafeArea/BG_Bar/BG_Top,223748617534356173,BG_Top,,,"{""m_AdditionalShaderChannelsFlag"": ""0"", ""m_OverridePixelPerfect"": ""0"", ""m_OverrideSorting"": ""1"", ""m_PixelPerfect"": ""0"", ""m_PlaneDistance"": ""100"", ""m_ReceivesEvents"": ""1"", ""m_RenderMode"": ""2"", ""m_SortingLayerID"": ""0"", ""m_SortingOrder"": ""0"", ""m_TargetDisplay"": ""0"", ""m_UpdateRectTransformForStandalone"": ""0""}","{""anchor_max"": {""x"": 1.0, ""y"": 0.0}, ""anchor_min"": {""x"": 0.0, ""y"": 0.0}, ""anchored_position"": {""x"": 0.0, ""y"": 0.0}, ""pivot"": {""x"": 0.5, ""y"": 1.0}, ""size_delta"": {""x"": 400.0, ""y"": 200.0}}"
Assets/Resources/prefabs/ui/UIManager.prefab,Canvas,TouchEffectCanvas,223026071911053917,TouchEffectCanvas,,,"{""m_AdditionalShaderChannelsFlag"": ""0"", ""m_OverridePixelPerfect"": ""0"", ""m_OverrideSorting"": ""0"", ""m_PixelPerfect"": ""0"", ""m_PlaneDistance"": ""19.9"", ""m_ReceivesEvents"": ""1"", ""m_RenderMode"": ""1"", ""m_SortingLayerID"": ""0"", ""m_SortingOrder"": ""5"", ""m_TargetDisplay"": ""0"", ""m_UpdateRectTransformForStandalone"": ""0""}","{""anchor_max"": {""x"": 0.0, ""y"": 0.0}, ""anchor_min"": {""x"": 0.0, ""y"": 0.0}, ""anchored_position"": {""x"": 0.0, ""y"": 0.0}, ""pivot"": {""x"": 0.0, ""y"": 0.0}, ""size_delta"": {""x"": 0.0, ""y"": 0.0}}"
Assets/Resources/prefabs/ui/UIManager.prefab,Canvas,UIStory/StoryGroup/StoryObjectCanvas,223640026051587536,StoryObjectCanvas,,,"{""m_AdditionalShaderChannelsFlag"": ""25"", ""m_OverridePixelPerfect"": ""0"", ""m_OverrideSorting"": ""0"", ""m_PixelPerfect"": ""0"", ""m_PlaneDistance"": ""100"", ""m_ReceivesEvents"": ""1"", ""m_RenderMode"": ""2"", ""m_SortingLayerID"": ""0"", ""m_SortingOrder"": ""0"", ""m_TargetDisplay"": ""0"", ""m_UpdateRectTransformForStandalone"": ""0""}","{""anchor_max"": {""x"": 0.5, ""y"": 0.5}, ""anchor_min"": {""x"": 0.5, ""y"": 0.5}, ""anchored_position"": {""x"": 0.0, ""y"": 0.0}, ""pivot"": {""x"": 0.5, ""y"": 0.5}, ""size_delta"": {""x"": 1080.0, ""y"": 2220.0}}"
Assets/Resources/prefabs/ui/UIManager.prefab,Canvas,UIStory/StoryGroup/StoryObjectCanvas/StoryBGCanvas,223207482325984833,StoryBGCanvas,,,"{""m_AdditionalShaderChannelsFlag"": ""0"", ""m_OverridePixelPerfect"": ""0"", ""m_OverrideSorting"": ""1"", ""m_PixelPerfect"": ""0"", ""m_PlaneDistance"": ""100"", ""m_ReceivesEvents"": ""1"", ""m_RenderMode"": ""2"", ""m_SortingLayerID"": ""0"", ""m_SortingOrder"": ""-5"", ""m_TargetDisplay"": ""0"", ""m_UpdateRectTransformForStandalone"": ""0""}","{""anchor_max"": {""x"": 1.0, ""y"": 1.0}, ""anchor_min"": {""x"": 0.0, ""y"": 0.0}, ""anchored_position"": {""x"": 0.0, ""y"": 0.0}, ""pivot"": {""x"": 0.5, ""y"": 0.5}, ""size_delta"": {""x"": 0.0, ""y"": 0.0}}"
Assets/Resources/prefabs/ui/UIManager.prefab,Canvas,UIStory/StoryGroup/StoryUICanvas,223271623519787693,StoryUICanvas,,,"{""m_AdditionalShaderChannelsFlag"": ""25"", ""m_OverridePixelPerfect"": ""0"", ""m_OverrideSorting"": ""0"", ""m_PixelPerfect"": ""0"", ""m_PlaneDistance"": ""10"", ""m_ReceivesEvents"": ""1"", ""m_RenderMode"": ""1"", ""m_SortingLayerID"": ""-1412525119"", ""m_SortingOrder"": ""5"", ""m_TargetDisplay"": ""0"", ""m_UpdateRectTransformForStandalone"": ""0""}","{""anchor_max"": {""x"": 0.0, ""y"": 0.0}, ""anchor_min"": {""x"": 0.0, ""y"": 0.0}, ""anchored_position"": {""x"": 0.0, ""y"": 0.0}, ""pivot"": {""x"": 0.0, ""y"": 0.0}, ""size_delta"": {""x"": 0.0, ""y"": 0.0}}"
Assets/Resources/prefabs/ui/UIManager.prefab,CanvasScaler,Canvas,114383914390522973,Canvas,6dfc8ec6aebac6665d9781d273993f23,False,{},"{""anchor_max"": {""x"": 0.0, ""y"": 0.0}, ""anchor_min"": {""x"": 0.0, ""y"": 0.0}, ""anchored_position"": {""x"": 0.0, ""y"": 0.0}, ""pivot"": {""x"": 0.0, ""y"": 0.0}, ""size_delta"": {""x"": 0.0, ""y"": 0.0}}"
Assets/Resources/prefabs/ui/UIManager.prefab,CanvasScaler,BGCanvas,114698468950377843,BGCanvas,6dfc8ec6aebac6665d9781d273993f23,False,{},"{""anchor_max"": {""x"": 0.0, ""y"": 0.0}, ""anchor_min"": {""x"": 0.0, ""y"": 0.0}, ""anchored_position"": {""x"": 0.0, ""y"": 0.0}, ""pivot"": {""x"": 0.0, ""y"": 0.0}, ""size_delta"": {""x"": 0.0, ""y"": 0.0}}"
Assets/Resources/prefabs/ui/UIManager.prefab,CanvasScaler,TouchEffectCanvas,114046488961336840,TouchEffectCanvas,6dfc8ec6aebac6665d9781d273993f23,False,{},"{""anchor_max"": {""x"": 0.0, ""y"": 0.0}, ""anchor_min"": {""x"": 0.0, ""y"": 0.0}, ""anchored_position"": {""x"": 0.0, ""y"": 0.0}, ""pivot"": {""x"": 0.0, ""y"": 0.0}, ""size_delta"": {""x"": 0.0, ""y"": 0.0}}"
Assets/Resources/prefabs/ui/UIManager.prefab,CanvasScaler,UIStory/StoryGroup/StoryObjectCanvas,114827877266884999,StoryObjectCanvas,6dfc8ec6aebac6665d9781d273993f23,False,{},"{""anchor_max"": {""x"": 0.5, ""y"": 0.5}, ""anchor_min"": {""x"": 0.5, ""y"": 0.5}, ""anchored_position"": {""x"": 0.0, ""y"": 0.0}, ""pivot"": {""x"": 0.5, ""y"": 0.5}, ""size_delta"": {""x"": 1080.0, ""y"": 2220.0}}"
Assets/Resources/prefabs/ui/UIManager.prefab,CanvasScaler,UIStory/StoryGroup/StoryUICanvas,114953174401411175,StoryUICanvas,6dfc8ec6aebac6665d9781d273993f23,False,{},"{""anchor_max"": {""x"": 0.0, ""y"": 0.0}, ""anchor_min"": {""x"": 0.0, ""y"": 0.0}, ""anchored_position"": {""x"": 0.0, ""y"": 0.0}, ""pivot"": {""x"": 0.0, ""y"": 0.0}, ""size_delta"": {""x"": 0.0, ""y"": 0.0}}"
Assets/Resources/prefabs/ui/UIManager.prefab,SafeAreaComponent,Canvas/SafeArea,114064206518113314,SafeArea,cedddb77dbd60a683455a2b226c5fd56,,{},"{""anchor_max"": {""x"": 1.0, ""y"": 1.0}, ""anchor_min"": {""x"": 0.0, ""y"": 0.0}, ""anchored_position"": {""x"": 0.0, ""y"": 0.0}, ""pivot"": {""x"": 0.5, ""y"": 0.5}, ""size_delta"": {""x"": 0.0, ""y"": 0.0}}"
Assets/Resources/prefabs/ui/UIManager.prefab,SafeAreaComponent,BGCanvas/SafeArea,114035265768712489,SafeArea,cedddb77dbd60a683455a2b226c5fd56,,{},"{""anchor_max"": {""x"": 1.0, ""y"": 1.0}, ""anchor_min"": {""x"": 0.0, ""y"": 0.0}, ""anchored_position"": {""x"": 0.0, ""y"": 0.0}, ""pivot"": {""x"": 0.5, ""y"": 0.5}, ""size_delta"": {""x"": 0.0, ""y"": 0.0}}"
Assets/Resources/prefabs/ui/UIManager.prefab,SafeAreaComponent,UIStory/StoryGroup/StoryUICanvas/SafeArea,114299872836791207,SafeArea,cedddb77dbd60a683455a2b226c5fd56,,{},"{""anchor_max"": {""x"": 1.0, ""y"": 1.0}, ""anchor_min"": {""x"": 0.0, ""y"": 0.0}, ""anchored_position"": {""x"": 0.0, ""y"": 0.0}, ""pivot"": {""x"": 0.5, ""y"": 0.5}, ""size_delta"": {""x"": 0.0, ""y"": 0.0}}"
Assets/Resources/prefabs/ui/UIManager.prefab,SafeAreaRect,Canvas/SafeArea,,,,,{},"{""anchor_max"": {""x"": 1.0, ""y"": 1.0}, ""anchor_min"": {""x"": 0.0, ""y"": 0.0}, ""anchored_position"": {""x"": 0.0, ""y"": 0.0}, ""pivot"": {""x"": 0.5, ""y"": 0.5}, ""size_delta"": {""x"": 0.0, ""y"": 0.0}}"
Assets/Resources/prefabs/ui/UIManager.prefab,SafeAreaRect,BGCanvas/SafeArea,,,,,{},"{""anchor_max"": {""x"": 1.0, ""y"": 1.0}, ""anchor_min"": {""x"": 0.0, ""y"": 0.0}, ""anchored_position"": {""x"": 0.0, ""y"": 0.0}, ""pivot"": {""x"": 0.5, ""y"": 0.5}, ""size_delta"": {""x"": 0.0, ""y"": 0.0}}"
Assets/Resources/prefabs/ui/UIManager.prefab,SafeAreaRect,UIStory/StoryGroup/StoryUICanvas/SafeArea,,,,,{},"{""anchor_max"": {""x"": 1.0, ""y"": 1.0}, ""anchor_min"": {""x"": 0.0, ""y"": 0.0}, ""anchored_position"": {""x"": 0.0, ""y"": 0.0}, ""pivot"": {""x"": 0.5, ""y"": 0.5}, ""size_delta"": {""x"": 0.0, ""y"": 0.0}}"
Assets/Resources/prefabs/ui/UILoading.prefab,Canvas,UILoading,223045458335737618,UILoading,,,"{""m_AdditionalShaderChannelsFlag"": ""0"", ""m_OverridePixelPerfect"": ""0"", ""m_OverrideSorting"": ""1"", ""m_PixelPerfect"": ""0"", ""m_PlaneDistance"": ""100"", ""m_ReceivesEvents"": ""1"", ""m_RenderMode"": ""2"", ""m_SortingLayerID"": ""0"", ""m_SortingOrder"": ""10"", ""m_TargetDisplay"": ""0"", ""m_UpdateRectTransformForStandalone"": ""0""}","{""anchor_max"": {""x"": 0.5, ""y"": 0.5}, ""anchor_min"": {""x"": 0.5, ""y"": 0.5}, ""anchored_position"": {""x"": 0.0, ""y"": 0.0}, ""pivot"": {""x"": 0.5, ""y"": 0.5}, ""size_delta"": {""x"": 1080.0, ""y"": 1920.0}}"
Assets/Resources/prefabs/ui/UILoading.prefab,Canvas,UILoading/Loading_Type,223215879266689626,Loading_Type,,,"{""m_AdditionalShaderChannelsFlag"": ""25"", ""m_OverridePixelPerfect"": ""0"", ""m_OverrideSorting"": ""1"", ""m_PixelPerfect"": ""0"", ""m_PlaneDistance"": ""100"", ""m_ReceivesEvents"": ""1"", ""m_RenderMode"": ""2"", ""m_SortingLayerID"": ""0"", ""m_SortingOrder"": ""2"", ""m_TargetDisplay"": ""0"", ""m_UpdateRectTransformForStandalone"": ""0""}","{""anchor_max"": {""x"": 1.0, ""y"": 1.0}, ""anchor_min"": {""x"": 0.0, ""y"": 0.0}, ""anchored_position"": {""x"": 0.0, ""y"": 0.0}, ""pivot"": {""x"": 0.5, ""y"": 0.5}, ""size_delta"": {""x"": 0.0, ""y"": 0.0}}"
Assets/Resources/prefabs/ui/UILoading.prefab,Canvas,UILoading/Ch,223799762105739359,Ch,,,"{""m_AdditionalShaderChannelsFlag"": ""0"", ""m_OverridePixelPerfect"": ""0"", ""m_OverrideSorting"": ""1"", ""m_PixelPerfect"": ""0"", ""m_PlaneDistance"": ""100"", ""m_ReceivesEvents"": ""1"", ""m_RenderMode"": ""2"", ""m_SortingLayerID"": ""0"", ""m_SortingOrder"": ""3"", ""m_TargetDisplay"": ""0"", ""m_UpdateRectTransformForStandalone"": ""0""}","{""anchor_max"": {""x"": 0.5, ""y"": 0.0}, ""anchor_min"": {""x"": 0.5, ""y"": 0.0}, ""anchored_position"": {""x"": 0.0, ""y"": -180.0}, ""pivot"": {""x"": 0.5, ""y"": 0.5}, ""size_delta"": {""x"": 100.0, ""y"": 0.0}}"
Assets/Resources/prefabs/ui/UILoading.prefab,Canvas,UILoading/LogoArea,223208575754630950,LogoArea,,,"{""m_AdditionalShaderChannelsFlag"": ""25"", ""m_OverridePixelPerfect"": ""0"", ""m_OverrideSorting"": ""1"", ""m_PixelPerfect"": ""0"", ""m_PlaneDistance"": ""100"", ""m_ReceivesEvents"": ""1"", ""m_RenderMode"": ""2"", ""m_SortingLayerID"": ""0"", ""m_SortingOrder"": ""3"", ""m_TargetDisplay"": ""0"", ""m_UpdateRectTransformForStandalone"": ""0""}","{""anchor_max"": {""x"": 1.0, ""y"": 1.0}, ""anchor_min"": {""x"": 0.0, ""y"": 0.0}, ""anchored_position"": {""x"": 0.0, ""y"": 0.0}, ""pivot"": {""x"": 0.5, ""y"": 0.5}, ""size_delta"": {""x"": 0.0, ""y"": 0.0}}"
Assets/Resources/prefabs/ui/UILoading.prefab,Canvas,UILoading/LoadingBar,223240571728440943,LoadingBar,,,"{""m_AdditionalShaderChannelsFlag"": ""25"", ""m_OverridePixelPerfect"": ""0"", ""m_OverrideSorting"": ""1"", ""m_PixelPerfect"": ""0"", ""m_PlaneDistance"": ""100"", ""m_ReceivesEvents"": ""1"", ""m_RenderMode"": ""2"", ""m_SortingLayerID"": ""0"", ""m_SortingOrder"": ""5"", ""m_TargetDisplay"": ""0"", ""m_UpdateRectTransformForStandalone"": ""0""}","{""anchor_max"": {""x"": 0.5, ""y"": 0.0}, ""anchor_min"": {""x"": 0.5, ""y"": 0.0}, ""anchored_position"": {""x"": 0.0, ""y"": 300.0}, ""pivot"": {""x"": 0.5, ""y"": 0.5}, ""size_delta"": {""x"": 670.0, ""y"": 50.0}}"
Assets/Resources/prefabs/ui/UILoading.prefab,Canvas,UILoading/Btn_ContactUs,223133854062310043,Btn_ContactUs,,,"{""m_AdditionalShaderChannelsFlag"": ""25"", ""m_OverridePixelPerfect"": ""0"", ""m_OverrideSorting"": ""1"", ""m_PixelPerfect"": ""0"", ""m_PlaneDistance"": ""100"", ""m_ReceivesEvents"": ""1"", ""m_RenderMode"": ""2"", ""m_SortingLayerID"": ""0"", ""m_SortingOrder"": ""5"", ""m_TargetDisplay"": ""0"", ""m_UpdateRectTransformForStandalone"": ""0""}","{""anchor_max"": {""x"": 0.0, ""y"": 0.0}, ""anchor_min"": {""x"": 0.0, ""y"": 0.0}, ""anchored_position"": {""x"": 30.0, ""y"": 90.0}, ""pivot"": {""x"": 0.0, ""y"": 0.0}, ""size_delta"": {""x"": 240.0, ""y"": 80.0}}"
Assets/Resources/prefabs/ui/UILoading.prefab,Canvas,UILoading/Ver,223729442808604298,Ver,,,"{""m_AdditionalShaderChannelsFlag"": ""25"", ""m_OverridePixelPerfect"": ""0"", ""m_OverrideSorting"": ""1"", ""m_PixelPerfect"": ""0"", ""m_PlaneDistance"": ""100"", ""m_ReceivesEvents"": ""1"", ""m_RenderMode"": ""2"", ""m_SortingLayerID"": ""0"", ""m_SortingOrder"": ""5"", ""m_TargetDisplay"": ""0"", ""m_UpdateRectTransformForStandalone"": ""0""}","{""anchor_max"": {""x"": 1.0, ""y"": 0.0}, ""anchor_min"": {""x"": 1.0, ""y"": 0.0}, ""anchored_position"": {""x"": -30.0, ""y"": 30.0}, ""pivot"": {""x"": 1.0, ""y"": 0.0}, ""size_delta"": {""x"": 500.0, ""y"": 60.0}}"
Assets/Resources/prefabs/ui/UILoading.prefab,Canvas,UILoading/Ver (1),223433881075115309,Ver (1),,,"{""m_AdditionalShaderChannelsFlag"": ""25"", ""m_OverridePixelPerfect"": ""0"", ""m_OverrideSorting"": ""1"", ""m_PixelPerfect"": ""0"", ""m_PlaneDistance"": ""100"", ""m_ReceivesEvents"": ""1"", ""m_RenderMode"": ""2"", ""m_SortingLayerID"": ""0"", ""m_SortingOrder"": ""5"", ""m_TargetDisplay"": ""0"", ""m_UpdateRectTransformForStandalone"": ""0""}","{""anchor_max"": {""x"": 0.0, ""y"": 0.0}, ""anchor_min"": {""x"": 0.0, ""y"": 0.0}, ""anchored_position"": {""x"": 30.0, ""y"": 30.0}, ""pivot"": {""x"": 0.0, ""y"": 0.0}, ""size_delta"": {""x"": 500.0, ""y"": 60.0}}"
Assets/Resources/prefabs/ui/uiroot/UIInGame.prefab,Canvas,UIInGame/SubMapUI/UIEvent_SchoolUniform/AutoPosYSetting/PrefabParent/UIInGameSubMap_SchoolUniform/BlockGroup/RequiredGroup/Scroll View/Viewport/Content/UiListitem_EchoArchive_CollectBlock/FX_ClearOne,223506873288213391,FX_ClearOne,,,"{""m_AdditionalShaderChannelsFlag"": ""0"", ""m_OverridePixelPerfect"": ""0"", ""m_OverrideSorting"": ""1"", ""m_PixelPerfect"": ""0"", ""m_PlaneDistance"": ""100"", ""m_ReceivesEvents"": ""1"", ""m_RenderMode"": ""2"", ""m_SortingLayerID"": ""0"", ""m_SortingOrder"": ""0"", ""m_TargetDisplay"": ""0"", ""m_UpdateRectTransformForStandalone"": ""0""}","{""anchor_max"": {""x"": 0.5, ""y"": 0.5}, ""anchor_min"": {""x"": 0.5, ""y"": 0.5}, ""anchored_position"": {""x"": 0.0, ""y"": 0.0}, ""pivot"": {""x"": 0.5, ""y"": 0.5}, ""size_delta"": {""x"": 0.0, ""y"": 0.0}}"
Assets/Resources/prefabs/ui/uiroot/UIInGame.prefab,Canvas,UIInGame/SubMapUI/UIEvent_SchoolUniform/AutoPosYSetting/PrefabParent/UIInGameSubMap_SchoolUniform/BlockGroup/RequiredGroup/Scroll View/Viewport/Content/UiListitem_EchoArchive_CollectBlock (1)/FX_ClearOne,223618399774572758,FX_ClearOne,,,"{""m_AdditionalShaderChannelsFlag"": ""0"", ""m_OverridePixelPerfect"": ""0"", ""m_OverrideSorting"": ""1"", ""m_PixelPerfect"": ""0"", ""m_PlaneDistance"": ""100"", ""m_ReceivesEvents"": ""1"", ""m_RenderMode"": ""2"", ""m_SortingLayerID"": ""0"", ""m_SortingOrder"": ""0"", ""m_TargetDisplay"": ""0"", ""m_UpdateRectTransformForStandalone"": ""0""}","{""anchor_max"": {""x"": 0.5, ""y"": 0.5}, ""anchor_min"": {""x"": 0.5, ""y"": 0.5}, ""anchored_position"": {""x"": 0.0, ""y"": 0.0}, ""pivot"": {""x"": 0.5, ""y"": 0.5}, ""size_delta"": {""x"": 0.0, ""y"": 0.0}}"
Assets/Resources/prefabs/ui/uiroot/UIInGame.prefab,Canvas,UIInGame/SubMapUI/UIEvent_SchoolUniform/AutoPosYSetting/PrefabParent/UIInGameSubMap_SchoolUniform/BlockGroup/RequiredGroup/Scroll View/Viewport/Content/UiListitem_EchoArchive_CollectBlock (2)/FX_ClearOne,223958034336396672,FX_ClearOne,,,"{""m_AdditionalShaderChannelsFlag"": ""0"", ""m_OverridePixelPerfect"": ""0"", ""m_OverrideSorting"": ""1"", ""m_PixelPerfect"": ""0"", ""m_PlaneDistance"": ""100"", ""m_ReceivesEvents"": ""1"", ""m_RenderMode"": ""2"", ""m_SortingLayerID"": ""0"", ""m_SortingOrder"": ""0"", ""m_TargetDisplay"": ""0"", ""m_UpdateRectTransformForStandalone"": ""0""}","{""anchor_max"": {""x"": 0.5, ""y"": 0.5}, ""anchor_min"": {""x"": 0.5, ""y"": 0.5}, ""anchored_position"": {""x"": 0.0, ""y"": 0.0}, ""pivot"": {""x"": 0.5, ""y"": 0.5}, ""size_delta"": {""x"": 0.0, ""y"": 0.0}}"
Assets/Resources/prefabs/ui/uiroot/UIInGame.prefab,Canvas,UIInGame/SubMapUI/UIEvent_SchoolUniform/AutoPosYSetting/PrefabParent/UIInGameSubMap_SchoolUniform/BlockGroup/RequiredGroup/Scroll View/Viewport/Content/UiListitem_EchoArchive_CollectBlock (3)/FX_ClearOne,223194779458568722,FX_ClearOne,,,"{""m_AdditionalShaderChannelsFlag"": ""0"", ""m_OverridePixelPerfect"": ""0"", ""m_OverrideSorting"": ""1"", ""m_PixelPerfect"": ""0"", ""m_PlaneDistance"": ""100"", ""m_ReceivesEvents"": ""1"", ""m_RenderMode"": ""2"", ""m_SortingLayerID"": ""0"", ""m_SortingOrder"": ""0"", ""m_TargetDisplay"": ""0"", ""m_UpdateRectTransformForStandalone"": ""0""}","{""anchor_max"": {""x"": 0.5, ""y"": 0.5}, ""anchor_min"": {""x"": 0.5, ""y"": 0.5}, ""anchored_position"": {""x"": 0.0, ""y"": 0.0}, ""pivot"": {""x"": 0.5, ""y"": 0.5}, ""size_delta"": {""x"": 0.0, ""y"": 0.0}}"
Assets/Resources/prefabs/ui/uiroot/UIInGame.prefab,Canvas,UIInGame/SubMapUI/UIEvent_SchoolUniform/AutoPosYSetting/PrefabParent/UIInGameSubMap_SchoolUniform/BlockGroup/RequiredGroup/Scroll View/Viewport/Content/UiListitem_EchoArchive_CollectBlock (4)/FX_ClearOne,223185214569338344,FX_ClearOne,,,"{""m_AdditionalShaderChannelsFlag"": ""0"", ""m_OverridePixelPerfect"": ""0"", ""m_OverrideSorting"": ""1"", ""m_PixelPerfect"": ""0"", ""m_PlaneDistance"": ""100"", ""m_ReceivesEvents"": ""1"", ""m_RenderMode"": ""2"", ""m_SortingLayerID"": ""0"", ""m_SortingOrder"": ""0"", ""m_TargetDisplay"": ""0"", ""m_UpdateRectTransformForStandalone"": ""0""}","{""anchor_max"": {""x"": 0.5, ""y"": 0.5}, ""anchor_min"": {""x"": 0.5, ""y"": 0.5}, ""anchored_position"": {""x"": 0.0, ""y"": 0.0}, ""pivot"": {""x"": 0.5, ""y"": 0.5}, ""size_delta"": {""x"": 0.0, ""y"": 0.0}}"
Assets/Resources/prefabs/ui/uiroot/UIInGame.prefab,Canvas,UIInGame/SubMapUI/UIEvent_SchoolUniform/AutoPosYSetting/PrefabParent/UIInGameSubMap_SchoolUniform/BlockGroup/RequiredGroup/Scroll View/Viewport/Content/UiListitem_EchoArchive_CollectBlock (5)/FX_ClearOne,223371186716110101,FX_ClearOne,,,"{""m_AdditionalShaderChannelsFlag"": ""0"", ""m_OverridePixelPerfect"": ""0"", ""m_OverrideSorting"": ""1"", ""m_PixelPerfect"": ""0"", ""m_PlaneDistance"": ""100"", ""m_ReceivesEvents"": ""1"", ""m_RenderMode"": ""2"", ""m_SortingLayerID"": ""0"", ""m_SortingOrder"": ""0"", ""m_TargetDisplay"": ""0"", ""m_UpdateRectTransformForStandalone"": ""0""}","{""anchor_max"": {""x"": 0.5, ""y"": 0.5}, ""anchor_min"": {""x"": 0.5, ""y"": 0.5}, ""anchored_position"": {""x"": 0.0, ""y"": 0.0}, ""pivot"": {""x"": 0.5, ""y"": 0.5}, ""size_delta"": {""x"": 0.0, ""y"": 0.0}}"
Assets/Resources/prefabs/ui/uiroot/UIInGame.prefab,Canvas,UIInGame/SubMapUI/UIEvent_SchoolUniform/AutoPosYSetting/PrefabParent/UIInGameSubMap_SchoolUniform/BlockGroup/RequiredGroup/Scroll View/Viewport/Content/UiListitem_EchoArchive_CollectBlock (6)/FX_ClearOne,223802320905374310,FX_ClearOne,,,"{""m_AdditionalShaderChannelsFlag"": ""0"", ""m_OverridePixelPerfect"": ""0"", ""m_OverrideSorting"": ""1"", ""m_PixelPerfect"": ""0"", ""m_PlaneDistance"": ""100"", ""m_ReceivesEvents"": ""1"", ""m_RenderMode"": ""2"", ""m_SortingLayerID"": ""0"", ""m_SortingOrder"": ""0"", ""m_TargetDisplay"": ""0"", ""m_UpdateRectTransformForStandalone"": ""0""}","{""anchor_max"": {""x"": 0.5, ""y"": 0.5}, ""anchor_min"": {""x"": 0.5, ""y"": 0.5}, ""anchored_position"": {""x"": 0.0, ""y"": 0.0}, ""pivot"": {""x"": 0.5, ""y"": 0.5}, ""size_delta"": {""x"": 0.0, ""y"": 0.0}}"
Assets/Resources/prefabs/ui/uiroot/UIInGame.prefab,Canvas,UIInGame/SubMapUI/UIEvent_SchoolUniform/AutoPosYSetting/PrefabParent/UIInGameSubMap_SchoolUniform/BlockGroup/RequiredGroup/Scroll View/Viewport/Content/UiListitem_EchoArchive_CollectBlock (7)/FX_ClearOne,223654352431750177,FX_ClearOne,,,"{""m_AdditionalShaderChannelsFlag"": ""0"", ""m_OverridePixelPerfect"": ""0"", ""m_OverrideSorting"": ""1"", ""m_PixelPerfect"": ""0"", ""m_PlaneDistance"": ""100"", ""m_ReceivesEvents"": ""1"", ""m_RenderMode"": ""2"", ""m_SortingLayerID"": ""0"", ""m_SortingOrder"": ""0"", ""m_TargetDisplay"": ""0"", ""m_UpdateRectTransformForStandalone"": ""0""}","{""anchor_max"": {""x"": 0.5, ""y"": 0.5}, ""anchor_min"": {""x"": 0.5, ""y"": 0.5}, ""anchored_position"": {""x"": 0.0, ""y"": 0.0}, ""pivot"": {""x"": 0.5, ""y"": 0.5}, ""size_delta"": {""x"": 0.0, ""y"": 0.0}}"
Assets/Resources/prefabs/ui/uiroot/UIInGame.prefab,Canvas,UIInGame/SubMapUI/UIEvent_SchoolUniform/AutoPosYSetting/PrefabParent/UIInGameSubMap_SchoolUniform/BlockGroup/RequiredGroup/Scroll View/Viewport/Content/UiListitem_EchoArchive_CollectBlock (8)/FX_ClearOne,223074772599833649,FX_ClearOne,,,"{""m_AdditionalShaderChannelsFlag"": ""0"", ""m_OverridePixelPerfect"": ""0"", ""m_OverrideSorting"": ""1"", ""m_PixelPerfect"": ""0"", ""m_PlaneDistance"": ""100"", ""m_ReceivesEvents"": ""1"", ""m_RenderMode"": ""2"", ""m_SortingLayerID"": ""0"", ""m_SortingOrder"": ""0"", ""m_TargetDisplay"": ""0"", ""m_UpdateRectTransformForStandalone"": ""0""}","{""anchor_max"": {""x"": 0.5, ""y"": 0.5}, ""anchor_min"": {""x"": 0.5, ""y"": 0.5}, ""anchored_position"": {""x"": 0.0, ""y"": 0.0}, ""pivot"": {""x"": 0.5, ""y"": 0.5}, ""size_delta"": {""x"": 0.0, ""y"": 0.0}}"
Assets/Resources/prefabs/ui/uiroot/UIInGame.prefab,Canvas,UIInGame/SubMapUI/UIEvent_SchoolUniform/AutoPosYSetting/PrefabParent/UIInGameSubMap_SchoolUniform/BlockGroup/RequiredGroup/Scroll View/Viewport/Content/UiListitem_EchoArchive_CollectBlock (9)/FX_ClearOne,223304496936249286,FX_ClearOne,,,"{""m_AdditionalShaderChannelsFlag"": ""0"", ""m_OverridePixelPerfect"": ""0"", ""m_OverrideSorting"": ""1"", ""m_PixelPerfect"": ""0"", ""m_PlaneDistance"": ""100"", ""m_ReceivesEvents"": ""1"", ""m_RenderMode"": ""2"", ""m_SortingLayerID"": ""0"", ""m_SortingOrder"": ""0"", ""m_TargetDisplay"": ""0"", ""m_UpdateRectTransformForStandalone"": ""0""}","{""anchor_max"": {""x"": 0.5, ""y"": 0.5}, ""anchor_min"": {""x"": 0.5, ""y"": 0.5}, ""anchored_position"": {""x"": 0.0, ""y"": 0.0}, ""pivot"": {""x"": 0.5, ""y"": 0.5}, ""size_delta"": {""x"": 0.0, ""y"": 0.0}}"
