category,character_id,asset_type,name,extension,size,path
character_ui,,Texture2D,202508BandPopUp_MaidNyan,.png,266867,reverse-output\assets\assetstudio-cli-data-texture2d\Texture2D\202508BandPopUp_MaidNyan.png
maid_chat,,Texture2D,BG_MaidChatPackage,.png,663686,reverse-output\assets\assetstudio-cli-data-texture2d\Texture2D\BG_MaidChatPackage.png
maid_chat,,Texture2D,ChatFrmae_03_White3,.png,619,reverse-output\assets\assetstudio-cli-data-texture2d\Texture2D\ChatFrmae_03_White3.png
customer,01,Texture2D,Ch_Customer01_SD,.png,155706,reverse-output\assets\assetstudio-cli-data-texture2d\Texture2D\Ch_Customer01_SD.png
customer,02,Texture2D,Ch_Customer02_SD,.png,133984,reverse-output\assets\assetstudio-cli-data-texture2d\Texture2D\Ch_Customer02_SD.png
customer,02,Texture2D,Ch_Customer02_Summer2025Event_01_SD,.png,131428,reverse-output\assets\assetstudio-cli-data-texture2d\Texture2D\Ch_Customer02_Summer2025Event_01_SD.png
customer,02,Texture2D,Ch_Customer02_Summer2025Event_SD,.png,69495,reverse-output\assets\assetstudio-cli-data-texture2d\Texture2D\Ch_Customer02_Summer2025Event_SD.png
customer,03,Texture2D,Ch_Customer03_SD,.png,129594,reverse-output\assets\assetstudio-cli-data-texture2d\Texture2D\Ch_Customer03_SD.png
customer,04,Texture2D,Ch_Customer04_SD,.png,165432,reverse-output\assets\assetstudio-cli-data-texture2d\Texture2D\Ch_Customer04_SD.png
customer,04,Texture2D,Ch_Customer04_Summer2025Event_01_SD,.png,165042,reverse-output\assets\assetstudio-cli-data-texture2d\Texture2D\Ch_Customer04_Summer2025Event_01_SD.png
customer,04,Texture2D,Ch_Customer04_Summer2025Event_SD,.png,125901,reverse-output\assets\assetstudio-cli-data-texture2d\Texture2D\Ch_Customer04_Summer2025Event_SD.png
customer,05,Texture2D,Ch_Customer05_SD,.png,138674,reverse-output\assets\assetstudio-cli-data-texture2d\Texture2D\Ch_Customer05_SD.png
customer,06,Texture2D,Ch_Customer06_SD,.png,113545,reverse-output\assets\assetstudio-cli-data-texture2d\Texture2D\Ch_Customer06_SD.png
customer,07,Texture2D,Ch_Customer07_SD,.png,109470,reverse-output\assets\assetstudio-cli-data-texture2d\Texture2D\Ch_Customer07_SD.png
customer,07,Texture2D,Ch_Customer07_Summer2025Event_01_SD,.png,137047,reverse-output\assets\assetstudio-cli-data-texture2d\Texture2D\Ch_Customer07_Summer2025Event_01_SD.png
customer,07,Texture2D,Ch_Customer07_Summer2025Event_SD,.png,109585,reverse-output\assets\assetstudio-cli-data-texture2d\Texture2D\Ch_Customer07_Summer2025Event_SD.png
customer,08,Texture2D,Ch_Customer08_SD,.png,125380,reverse-output\assets\assetstudio-cli-data-texture2d\Texture2D\Ch_Customer08_SD.png
customer,08,Texture2D,Ch_Customer08_Summer2025Event_01_SD,.png,148376,reverse-output\assets\assetstudio-cli-data-texture2d\Texture2D\Ch_Customer08_Summer2025Event_01_SD.png
customer,08,Texture2D,Ch_Customer08_Summer2025Event_SD,.png,129548,reverse-output\assets\assetstudio-cli-data-texture2d\Texture2D\Ch_Customer08_Summer2025Event_SD.png
customer,09,Texture2D,Ch_Customer09_SD,.png,119985,reverse-output\assets\assetstudio-cli-data-texture2d\Texture2D\Ch_Customer09_SD.png
customer,10,Texture2D,Ch_Customer10_SD,.png,114517,reverse-output\assets\assetstudio-cli-data-texture2d\Texture2D\Ch_Customer10_SD.png
customer,11,Texture2D,Ch_Customer11_SD,.png,121758,reverse-output\assets\assetstudio-cli-data-texture2d\Texture2D\Ch_Customer11_SD.png
customer,11,Texture2D,Ch_Customer11_SD_Summer,.png,139653,reverse-output\assets\assetstudio-cli-data-texture2d\Texture2D\Ch_Customer11_SD_Summer.png
customer,11,Texture2D,Ch_Customer11_Summer2025Event_01_SD,.png,146572,reverse-output\assets\assetstudio-cli-data-texture2d\Texture2D\Ch_Customer11_Summer2025Event_01_SD.png
customer,12,Texture2D,Ch_Customer12_SD,.png,125406,reverse-output\assets\assetstudio-cli-data-texture2d\Texture2D\Ch_Customer12_SD.png
customer,13,Texture2D,Ch_Customer13_SD,.png,176114,reverse-output\assets\assetstudio-cli-data-texture2d\Texture2D\Ch_Customer13_SD.png
customer,13,Texture2D,Ch_Customer13_Summer2025Event_01_SD,.png,197599,reverse-output\assets\assetstudio-cli-data-texture2d\Texture2D\Ch_Customer13_Summer2025Event_01_SD.png
customer,13,Texture2D,Ch_Customer13_Summer2025Event_SD,.png,122203,reverse-output\assets\assetstudio-cli-data-texture2d\Texture2D\Ch_Customer13_Summer2025Event_SD.png
customer,14,Texture2D,Ch_Customer14_SD,.png,132216,reverse-output\assets\assetstudio-cli-data-texture2d\Texture2D\Ch_Customer14_SD.png
customer,15,Texture2D,Ch_Customer15_SD,.png,126831,reverse-output\assets\assetstudio-cli-data-texture2d\Texture2D\Ch_Customer15_SD.png
character_ui,,Texture2D,Ch_CustomerSilhouette_LD_Idle,.png,22661,reverse-output\assets\assetstudio-cli-data-texture2d\Texture2D\Ch_CustomerSilhouette_LD_Idle.png
maid_base,01,Texture2D,Ch_Maid01_Basic01_SD,.png,111727,reverse-output\assets\assetstudio-cli-data-texture2d\Texture2D\Ch_Maid01_Basic01_SD.png
maid_base,01,Texture2D,Ch_Maid01_Basic01_SD_UI,.png,149742,reverse-output\assets\assetstudio-cli-data-texture2d\Texture2D\Ch_Maid01_Basic01_SD_UI.png
maid_base,02,Texture2D,Ch_Maid02_Basic01_SD,.png,173646,reverse-output\assets\assetstudio-cli-data-texture2d\Texture2D\Ch_Maid02_Basic01_SD.png
maid_base,03,Texture2D,Ch_Maid03_Basic01_LD,.png,2057276,reverse-output\assets\assetstudio-cli-data-texture2d\Texture2D\Ch_Maid03_Basic01_LD.png
maid_base,03,Texture2D,Ch_Maid03_Basic01_SD,.png,151817,reverse-output\assets\assetstudio-cli-data-texture2d\Texture2D\Ch_Maid03_Basic01_SD.png
maid_base,04,Texture2D,Ch_Maid04_Basic01_SD,.png,144324,reverse-output\assets\assetstudio-cli-data-texture2d\Texture2D\Ch_Maid04_Basic01_SD.png
maid_base,05,Texture2D,Ch_Maid05_Basic01_LD,.png,1866805,reverse-output\assets\assetstudio-cli-data-texture2d\Texture2D\Ch_Maid05_Basic01_LD.png
maid_base,05,Texture2D,Ch_Maid05_Basic01_SD,.png,141126,reverse-output\assets\assetstudio-cli-data-texture2d\Texture2D\Ch_Maid05_Basic01_SD.png
maid_base,06,Texture2D,Ch_Maid06_Basic01_LD,.png,1654233,reverse-output\assets\assetstudio-cli-data-texture2d\Texture2D\Ch_Maid06_Basic01_LD.png
maid_base,06,Texture2D,Ch_Maid06_Basic01_LD2,.png,279830,reverse-output\assets\assetstudio-cli-data-texture2d\Texture2D\Ch_Maid06_Basic01_LD2.png
maid_base,06,Texture2D,Ch_Maid06_Basic01_LD2_2,.png,445497,reverse-output\assets\assetstudio-cli-data-texture2d\Texture2D\Ch_Maid06_Basic01_LD2_2.png
maid_base,06,Texture2D,Ch_Maid06_Basic01_SD,.png,91743,reverse-output\assets\assetstudio-cli-data-texture2d\Texture2D\Ch_Maid06_Basic01_SD.png
maid_base,06,Texture2D,Ch_Maid06_Basic01_SD_2,.png,133459,reverse-output\assets\assetstudio-cli-data-texture2d\Texture2D\Ch_Maid06_Basic01_SD_2.png
maid_base,07,Texture2D,Ch_Maid07_Basic01_SD,.png,150246,reverse-output\assets\assetstudio-cli-data-texture2d\Texture2D\Ch_Maid07_Basic01_SD.png
maid_costume,01,Texture2D,Cos_Maid01_Band01_LD,.png,1683661,reverse-output\assets\assetstudio-cli-data-texture2d\Texture2D\Cos_Maid01_Band01_LD.png
maid_costume,01,Texture2D,Cos_Maid01_Band01_SD,.png,148443,reverse-output\assets\assetstudio-cli-data-texture2d\Texture2D\Cos_Maid01_Band01_SD.png
maid_costume,01,Texture2D,Cos_Maid01_Casual01_LD,.png,1744445,reverse-output\assets\assetstudio-cli-data-texture2d\Texture2D\Cos_Maid01_Casual01_LD.png
maid_costume,01,Texture2D,Cos_Maid01_Casual01_SD,.png,156980,reverse-output\assets\assetstudio-cli-data-texture2d\Texture2D\Cos_Maid01_Casual01_SD.png
maid_costume,01,Texture2D,Cos_Maid01_Casual_SD,.png,112208,reverse-output\assets\assetstudio-cli-data-texture2d\Texture2D\Cos_Maid01_Casual_SD.png
maid_costume,01,Texture2D,Cos_Maid01_Christmas01_LD,.png,2001417,reverse-output\assets\assetstudio-cli-data-texture2d\Texture2D\Cos_Maid01_Christmas01_LD.png
maid_costume,01,Texture2D,Cos_Maid01_Christmas01_SD,.png,123974,reverse-output\assets\assetstudio-cli-data-texture2d\Texture2D\Cos_Maid01_Christmas01_SD.png
maid_costume,01,Texture2D,Cos_Maid01_Summer01_LD,.png,1602157,reverse-output\assets\assetstudio-cli-data-texture2d\Texture2D\Cos_Maid01_Summer01_LD.png
maid_costume,01,Texture2D,Cos_Maid01_Summer01_SD,.png,166938,reverse-output\assets\assetstudio-cli-data-texture2d\Texture2D\Cos_Maid01_Summer01_SD.png
maid_costume,02,Texture2D,Cos_Maid02_Casual01_LD,.png,1763239,reverse-output\assets\assetstudio-cli-data-texture2d\Texture2D\Cos_Maid02_Casual01_LD.png
maid_costume,02,Texture2D,Cos_Maid02_Casual01_SD,.png,160806,reverse-output\assets\assetstudio-cli-data-texture2d\Texture2D\Cos_Maid02_Casual01_SD.png
maid_costume,02,Texture2D,Cos_Maid02_Christmas01_LD,.png,2123169,reverse-output\assets\assetstudio-cli-data-texture2d\Texture2D\Cos_Maid02_Christmas01_LD.png
maid_costume,02,Texture2D,Cos_Maid02_Christmas01_SD,.png,160895,reverse-output\assets\assetstudio-cli-data-texture2d\Texture2D\Cos_Maid02_Christmas01_SD.png
maid_costume,02,Texture2D,Cos_Maid02_Christmas_SD,.png,118569,reverse-output\assets\assetstudio-cli-data-texture2d\Texture2D\Cos_Maid02_Christmas_SD.png
maid_costume,02,Texture2D,Cos_Maid02_Halloween01_LD,.png,1692193,reverse-output\assets\assetstudio-cli-data-texture2d\Texture2D\Cos_Maid02_Halloween01_LD.png
maid_costume,02,Texture2D,Cos_Maid02_Halloween01_SD,.png,155372,reverse-output\assets\assetstudio-cli-data-texture2d\Texture2D\Cos_Maid02_Halloween01_SD.png
maid_costume,02,Texture2D,Cos_Maid02_Summer01_LD,.png,1919941,reverse-output\assets\assetstudio-cli-data-texture2d\Texture2D\Cos_Maid02_Summer01_LD.png
maid_costume,02,Texture2D,Cos_Maid02_Summer01_SD,.png,164182,reverse-output\assets\assetstudio-cli-data-texture2d\Texture2D\Cos_Maid02_Summer01_SD.png
maid_costume,03,Texture2D,Cos_Maid03_Casual01_SD,.png,126712,reverse-output\assets\assetstudio-cli-data-texture2d\Texture2D\Cos_Maid03_Casual01_SD.png
maid_costume,03,Texture2D,Cos_Maid03_Casual_LD,.png,1976051,reverse-output\assets\assetstudio-cli-data-texture2d\Texture2D\Cos_Maid03_Casual_LD.png
maid_costume,03,Texture2D,Cos_Maid03_Christmas01_LD,.png,1846974,reverse-output\assets\assetstudio-cli-data-texture2d\Texture2D\Cos_Maid03_Christmas01_LD.png
maid_costume,03,Texture2D,Cos_Maid03_Christmas01_SD,.png,152366,reverse-output\assets\assetstudio-cli-data-texture2d\Texture2D\Cos_Maid03_Christmas01_SD.png
maid_costume,03,Texture2D,Cos_Maid03_Christmas_SD,.png,125980,reverse-output\assets\assetstudio-cli-data-texture2d\Texture2D\Cos_Maid03_Christmas_SD.png
maid_costume,03,Texture2D,Cos_Maid03_Halloween01_LD,.png,1566319,reverse-output\assets\assetstudio-cli-data-texture2d\Texture2D\Cos_Maid03_Halloween01_LD.png
maid_costume,03,Texture2D,Cos_Maid03_Halloween01_SD,.png,167494,reverse-output\assets\assetstudio-cli-data-texture2d\Texture2D\Cos_Maid03_Halloween01_SD.png
maid_costume,03,Texture2D,Cos_Maid03_SchoolUniform01_LD,.png,1923397,reverse-output\assets\assetstudio-cli-data-texture2d\Texture2D\Cos_Maid03_SchoolUniform01_LD.png
maid_costume,03,Texture2D,Cos_Maid03_SchoolUniform01_SD,.png,168551,reverse-output\assets\assetstudio-cli-data-texture2d\Texture2D\Cos_Maid03_SchoolUniform01_SD.png
maid_costume,03,Texture2D,Cos_Maid03_Summer01_LD,.png,1624714,reverse-output\assets\assetstudio-cli-data-texture2d\Texture2D\Cos_Maid03_Summer01_LD.png
maid_costume,03,Texture2D,Cos_Maid03_Summer01_SD,.png,148209,reverse-output\assets\assetstudio-cli-data-texture2d\Texture2D\Cos_Maid03_Summer01_SD.png
maid_costume,04,Texture2D,Cos_Maid04_Band01_LD,.png,1908979,reverse-output\assets\assetstudio-cli-data-texture2d\Texture2D\Cos_Maid04_Band01_LD.png
maid_costume,04,Texture2D,Cos_Maid04_Band01_SD,.png,167995,reverse-output\assets\assetstudio-cli-data-texture2d\Texture2D\Cos_Maid04_Band01_SD.png
maid_costume,04,Texture2D,Cos_Maid04_Casual01_LD,.png,2233121,reverse-output\assets\assetstudio-cli-data-texture2d\Texture2D\Cos_Maid04_Casual01_LD.png
maid_costume,04,Texture2D,Cos_Maid04_Casual01_SD,.png,151890,reverse-output\assets\assetstudio-cli-data-texture2d\Texture2D\Cos_Maid04_Casual01_SD.png
maid_costume,04,Texture2D,Cos_Maid04_Christmas01_LD,.png,2008627,reverse-output\assets\assetstudio-cli-data-texture2d\Texture2D\Cos_Maid04_Christmas01_LD.png
maid_costume,04,Texture2D,Cos_Maid04_Christmas01_SD,.png,156851,reverse-output\assets\assetstudio-cli-data-texture2d\Texture2D\Cos_Maid04_Christmas01_SD.png
maid_costume,04,Texture2D,Cos_Maid04_Christmas_SD,.png,119429,reverse-output\assets\assetstudio-cli-data-texture2d\Texture2D\Cos_Maid04_Christmas_SD.png
maid_costume,04,Texture2D,Cos_Maid04_SchoolUniform01_LD,.png,1976034,reverse-output\assets\assetstudio-cli-data-texture2d\Texture2D\Cos_Maid04_SchoolUniform01_LD.png
maid_costume,04,Texture2D,Cos_Maid04_SchoolUniform01_SD,.png,152489,reverse-output\assets\assetstudio-cli-data-texture2d\Texture2D\Cos_Maid04_SchoolUniform01_SD.png
maid_costume,04,Texture2D,Cos_Maid04_Summer01_LD,.png,1791118,reverse-output\assets\assetstudio-cli-data-texture2d\Texture2D\Cos_Maid04_Summer01_LD.png
maid_costume,04,Texture2D,Cos_Maid04_Summer01_SD,.png,157599,reverse-output\assets\assetstudio-cli-data-texture2d\Texture2D\Cos_Maid04_Summer01_SD.png
maid_costume,05,Texture2D,Cos_Maid05_Casual01_LD,.png,1884139,reverse-output\assets\assetstudio-cli-data-texture2d\Texture2D\Cos_Maid05_Casual01_LD.png
maid_costume,05,Texture2D,Cos_Maid05_Casual01_SD,.png,157164,reverse-output\assets\assetstudio-cli-data-texture2d\Texture2D\Cos_Maid05_Casual01_SD.png
maid_costume,05,Texture2D,Cos_Maid05_Christmas01_LD,.png,2361825,reverse-output\assets\assetstudio-cli-data-texture2d\Texture2D\Cos_Maid05_Christmas01_LD.png
maid_costume,05,Texture2D,Cos_Maid05_Christmas01_SD,.png,169846,reverse-output\assets\assetstudio-cli-data-texture2d\Texture2D\Cos_Maid05_Christmas01_SD.png
maid_costume,05,Texture2D,Cos_Maid05_Halloween01_LD,.png,1733622,reverse-output\assets\assetstudio-cli-data-texture2d\Texture2D\Cos_Maid05_Halloween01_LD.png
maid_costume,05,Texture2D,Cos_Maid05_Halloween01_SD,.png,146580,reverse-output\assets\assetstudio-cli-data-texture2d\Texture2D\Cos_Maid05_Halloween01_SD.png
maid_costume,05,Texture2D,Cos_Maid05_Summer01_LD,.png,1759112,reverse-output\assets\assetstudio-cli-data-texture2d\Texture2D\Cos_Maid05_Summer01_LD.png
maid_costume,05,Texture2D,Cos_Maid05_Summer01_SD,.png,152070,reverse-output\assets\assetstudio-cli-data-texture2d\Texture2D\Cos_Maid05_Summer01_SD.png
maid_costume,06,Texture2D,Cos_Maid06_Casual01_LD,.png,1708616,reverse-output\assets\assetstudio-cli-data-texture2d\Texture2D\Cos_Maid06_Casual01_LD.png
maid_costume,06,Texture2D,Cos_Maid06_Casual01_SD,.png,161578,reverse-output\assets\assetstudio-cli-data-texture2d\Texture2D\Cos_Maid06_Casual01_SD.png
maid_costume,06,Texture2D,Cos_Maid06_Summer01_LD,.png,1711465,reverse-output\assets\assetstudio-cli-data-texture2d\Texture2D\Cos_Maid06_Summer01_LD.png
maid_costume,06,Texture2D,Cos_Maid06_Summer01_SD,.png,140428,reverse-output\assets\assetstudio-cli-data-texture2d\Texture2D\Cos_Maid06_Summer01_SD.png
maid_costume,07,Texture2D,Cos_Maid07_Casual01_LD,.png,1939394,reverse-output\assets\assetstudio-cli-data-texture2d\Texture2D\Cos_Maid07_Casual01_LD.png
maid_costume,07,Texture2D,Cos_Maid07_Casual01_SD,.png,148437,reverse-output\assets\assetstudio-cli-data-texture2d\Texture2D\Cos_Maid07_Casual01_SD.png
maid_costume,07,Texture2D,Cos_Maid07_SchoolUniform01_LD,.png,2156385,reverse-output\assets\assetstudio-cli-data-texture2d\Texture2D\Cos_Maid07_SchoolUniform01_LD.png
maid_costume,07,Texture2D,Cos_Maid07_SchoolUniform01_SD,.png,181868,reverse-output\assets\assetstudio-cli-data-texture2d\Texture2D\Cos_Maid07_SchoolUniform01_SD.png
maid_costume,07,Texture2D,Cos_Maid07_Summer01_LD,.png,2125294,reverse-output\assets\assetstudio-cli-data-texture2d\Texture2D\Cos_Maid07_Summer01_LD.png
maid_costume,07,Texture2D,Cos_Maid07_Summer01_SD,.png,175943,reverse-output\assets\assetstudio-cli-data-texture2d\Texture2D\Cos_Maid07_Summer01_SD.png
character_ui,,Texture2D,Customer07_SD,.png,143053,reverse-output\assets\assetstudio-cli-data-texture2d\Texture2D\Customer07_SD.png
character_ui,,Texture2D,Customer08_SD,.png,140365,reverse-output\assets\assetstudio-cli-data-texture2d\Texture2D\Customer08_SD.png
character_ui,,Texture2D,Customer10_SD,.png,127114,reverse-output\assets\assetstudio-cli-data-texture2d\Texture2D\Customer10_SD.png
character_ui,,Texture2D,Customer11_SD_Store,.png,135619,reverse-output\assets\assetstudio-cli-data-texture2d\Texture2D\Customer11_SD_Store.png
character_ui,,Texture2D,CustomerEp_Kenta1,.png,519146,reverse-output\assets\assetstudio-cli-data-texture2d\Texture2D\CustomerEp_Kenta1.png
character_ui,,Texture2D,CustomerEp_Risa1,.png,500894,reverse-output\assets\assetstudio-cli-data-texture2d\Texture2D\CustomerEp_Risa1.png
character_ui,,Texture2D,CustomerEp_Takeru1,.png,501014,reverse-output\assets\assetstudio-cli-data-texture2d\Texture2D\CustomerEp_Takeru1.png
character_ui,,Texture2D,IngameSkin_BGIcon_0000,.png,41643,reverse-output\assets\assetstudio-cli-data-texture2d\Texture2D\IngameSkin_BGIcon_0000.png
character_ui,,Texture2D,IngameSkin_BGIcon_0001,.png,62180,reverse-output\assets\assetstudio-cli-data-texture2d\Texture2D\IngameSkin_BGIcon_0001.png
character_ui,,Texture2D,IngameSkin_BGIcon_0002,.png,43519,reverse-output\assets\assetstudio-cli-data-texture2d\Texture2D\IngameSkin_BGIcon_0002.png
character_ui,,Texture2D,IngameSkin_BGIcon_0003,.png,61190,reverse-output\assets\assetstudio-cli-data-texture2d\Texture2D\IngameSkin_BGIcon_0003.png
character_ui,,Texture2D,IngameSkin_BGIcon_0004,.png,48392,reverse-output\assets\assetstudio-cli-data-texture2d\Texture2D\IngameSkin_BGIcon_0004.png
character_ui,,Texture2D,InGameSkin_Board_0000,.png,1070,reverse-output\assets\assetstudio-cli-data-texture2d\Texture2D\InGameSkin_Board_0000.png
character_ui,,Texture2D,InGameSkin_Board_0001,.png,3268,reverse-output\assets\assetstudio-cli-data-texture2d\Texture2D\InGameSkin_Board_0001.png
character_ui,,Texture2D,InGameSkin_Board_0002,.png,3323,reverse-output\assets\assetstudio-cli-data-texture2d\Texture2D\InGameSkin_Board_0002.png
character_ui,,Texture2D,InGameSkin_Board_0003,.png,3800,reverse-output\assets\assetstudio-cli-data-texture2d\Texture2D\InGameSkin_Board_0003.png
character_ui,,Texture2D,InGameSkin_Board_0004,.png,3291,reverse-output\assets\assetstudio-cli-data-texture2d\Texture2D\InGameSkin_Board_0004.png
character_ui,,Texture2D,InGameSkin_Board_0005,.png,3203,reverse-output\assets\assetstudio-cli-data-texture2d\Texture2D\InGameSkin_Board_0005.png
character_ui,,Texture2D,InGameSkin_Board_0006,.png,21598,reverse-output\assets\assetstudio-cli-data-texture2d\Texture2D\InGameSkin_Board_0006.png
character_ui,,Texture2D,InGameSkin_Board_0007,.png,10050,reverse-output\assets\assetstudio-cli-data-texture2d\Texture2D\InGameSkin_Board_0007.png
character_ui,,Texture2D,InGameSkin_Board_0008,.png,1745,reverse-output\assets\assetstudio-cli-data-texture2d\Texture2D\InGameSkin_Board_0008.png
character_ui,,Texture2D,InGameSkin_DeskA_0000,.png,2068,reverse-output\assets\assetstudio-cli-data-texture2d\Texture2D\InGameSkin_DeskA_0000.png
character_ui,,Texture2D,InGameSkin_DeskA_0001,.png,7868,reverse-output\assets\assetstudio-cli-data-texture2d\Texture2D\InGameSkin_DeskA_0001.png
character_ui,,Texture2D,InGameSkin_DeskA_0002,.png,2743,reverse-output\assets\assetstudio-cli-data-texture2d\Texture2D\InGameSkin_DeskA_0002.png
character_ui,,Texture2D,InGameSkin_DeskA_0003,.png,2678,reverse-output\assets\assetstudio-cli-data-texture2d\Texture2D\InGameSkin_DeskA_0003.png
character_ui,,Texture2D,InGameSkin_DeskA_0004,.png,4904,reverse-output\assets\assetstudio-cli-data-texture2d\Texture2D\InGameSkin_DeskA_0004.png
character_ui,,Texture2D,InGameSkin_DeskA_0005,.png,2900,reverse-output\assets\assetstudio-cli-data-texture2d\Texture2D\InGameSkin_DeskA_0005.png
character_ui,,Texture2D,InGameSkin_DeskA_0006,.png,7838,reverse-output\assets\assetstudio-cli-data-texture2d\Texture2D\InGameSkin_DeskA_0006.png
character_ui,,Texture2D,InGameSkin_DeskA_0007,.png,3781,reverse-output\assets\assetstudio-cli-data-texture2d\Texture2D\InGameSkin_DeskA_0007.png
character_ui,,Texture2D,InGameSkin_DeskA_0008,.png,3350,reverse-output\assets\assetstudio-cli-data-texture2d\Texture2D\InGameSkin_DeskA_0008.png
character_ui,,Texture2D,InGameSkin_DeskB_0000,.png,329,reverse-output\assets\assetstudio-cli-data-texture2d\Texture2D\InGameSkin_DeskB_0000.png
character_ui,,Texture2D,InGameSkin_DeskB_0001,.png,241,reverse-output\assets\assetstudio-cli-data-texture2d\Texture2D\InGameSkin_DeskB_0001.png
character_ui,,Texture2D,InGameSkin_DeskB_0002,.png,272,reverse-output\assets\assetstudio-cli-data-texture2d\Texture2D\InGameSkin_DeskB_0002.png
character_ui,,Texture2D,InGameSkin_DeskB_0003,.png,251,reverse-output\assets\assetstudio-cli-data-texture2d\Texture2D\InGameSkin_DeskB_0003.png
character_ui,,Texture2D,InGameSkin_DeskB_0004,.png,303,reverse-output\assets\assetstudio-cli-data-texture2d\Texture2D\InGameSkin_DeskB_0004.png
character_ui,,Texture2D,InGameSkin_DeskB_0005,.png,264,reverse-output\assets\assetstudio-cli-data-texture2d\Texture2D\InGameSkin_DeskB_0005.png
character_ui,,Texture2D,InGameSkin_DeskB_0006,.png,337,reverse-output\assets\assetstudio-cli-data-texture2d\Texture2D\InGameSkin_DeskB_0006.png
character_ui,,Texture2D,InGameSkin_DeskB_0007,.png,232,reverse-output\assets\assetstudio-cli-data-texture2d\Texture2D\InGameSkin_DeskB_0007.png
character_ui,,Texture2D,InGameSkin_DeskB_0008,.png,238,reverse-output\assets\assetstudio-cli-data-texture2d\Texture2D\InGameSkin_DeskB_0008.png
maid_chat,,Texture2D,MaiChatPopUp_AikoFirst,.png,465828,reverse-output\assets\assetstudio-cli-data-texture2d\Texture2D\MaiChatPopUp_AikoFirst.png
character_ui,,Texture2D,Maid01_LD_ad,.png,2277770,reverse-output\assets\assetstudio-cli-data-texture2d\Texture2D\Maid01_LD_ad.png
character_ui,,Texture2D,Maid01_LD_Idle,.png,1944993,reverse-output\assets\assetstudio-cli-data-texture2d\Texture2D\Maid01_LD_Idle.png
character_ui,,Texture2D,Maid02_LD_Idle,.png,1851161,reverse-output\assets\assetstudio-cli-data-texture2d\Texture2D\Maid02_LD_Idle.png
character_ui,,Texture2D,Maid04_LD,.png,2135439,reverse-output\assets\assetstudio-cli-data-texture2d\Texture2D\Maid04_LD.png
character_ui,,Texture2D,MaidCafe_Logo_Broken,.png,110202,reverse-output\assets\assetstudio-cli-data-texture2d\Texture2D\MaidCafe_Logo_Broken.png
character_ui,,Texture2D,MaidCafe_Logo_Eg,.png,104840,reverse-output\assets\assetstudio-cli-data-texture2d\Texture2D\MaidCafe_Logo_Eg.png
character_ui,,Texture2D,MaidCafe_Logo_Jp,.png,106462,reverse-output\assets\assetstudio-cli-data-texture2d\Texture2D\MaidCafe_Logo_Jp.png
character_ui,,Texture2D,MaidCafe_Logo_Kr,.png,83901,reverse-output\assets\assetstudio-cli-data-texture2d\Texture2D\MaidCafe_Logo_Kr.png
character_ui,,Texture2D,MaidNote_Page,.png,15959,reverse-output\assets\assetstudio-cli-data-texture2d\Texture2D\MaidNote_Page.png
character_ui,,Texture2D,MaidNote_Ring,.png,13096,reverse-output\assets\assetstudio-cli-data-texture2d\Texture2D\MaidNote_Ring.png
character_ui,,Texture2D,MaidSkill_Effect_SD,.png,61248,reverse-output\assets\assetstudio-cli-data-texture2d\Texture2D\MaidSkill_Effect_SD.png
character_ui,,Texture2D,MaidUnlock,.png,906711,reverse-output\assets\assetstudio-cli-data-texture2d\Texture2D\MaidUnlock.png
character_ui,,Texture2D,MaidUnlock_Door,.png,342927,reverse-output\assets\assetstudio-cli-data-texture2d\Texture2D\MaidUnlock_Door.png
character_ui,,Texture2D,Maid_1001_LD_Child,.png,518309,reverse-output\assets\assetstudio-cli-data-texture2d\Texture2D\Maid_1001_LD_Child.png
character_ui,,Texture2D,MainRoom_MaidManual,.png,152174,reverse-output\assets\assetstudio-cli-data-texture2d\Texture2D\MainRoom_MaidManual.png
character_ui,,Texture2D,MergeMaid LOGO_Ch,.png,115637,reverse-output\assets\assetstudio-cli-data-texture2d\Texture2D\MergeMaid LOGO_Ch.png
character_ui,,Texture2D,MergeMaid LOGO_Ch2,.png,120754,reverse-output\assets\assetstudio-cli-data-texture2d\Texture2D\MergeMaid LOGO_Ch2.png
character_ui,,Texture2D,MugeMaidcafe Logo,.png,89476,reverse-output\assets\assetstudio-cli-data-texture2d\Texture2D\MugeMaidcafe Logo.png
character_ui,,Texture2D,NPC_100104_LD,.png,1794564,reverse-output\assets\assetstudio-cli-data-texture2d\Texture2D\NPC_100104_LD.png
character_ui,,Texture2D,NPC_100105_LD_Spine,.png,1515496,reverse-output\assets\assetstudio-cli-data-texture2d\Texture2D\NPC_100105_LD_Spine.png
character_ui,,Texture2D,NPC_100106_LD,.png,162901,reverse-output\assets\assetstudio-cli-data-texture2d\Texture2D\NPC_100106_LD.png
character_ui,,Texture2D,NPC_100107_LD,.png,1238344,reverse-output\assets\assetstudio-cli-data-texture2d\Texture2D\NPC_100107_LD.png
character_ui,,Texture2D,ProfileFrame_000,.png,16001,reverse-output\assets\assetstudio-cli-data-texture2d\Texture2D\ProfileFrame_000.png
character_ui,,Texture2D,ProfileFrame_001,.png,15572,reverse-output\assets\assetstudio-cli-data-texture2d\Texture2D\ProfileFrame_001.png
character_ui,,Texture2D,ProfileFrame_002,.png,15362,reverse-output\assets\assetstudio-cli-data-texture2d\Texture2D\ProfileFrame_002.png
character_ui,,Texture2D,ProfileFrame_003,.png,14232,reverse-output\assets\assetstudio-cli-data-texture2d\Texture2D\ProfileFrame_003.png
character_ui,,Texture2D,ProfileFrame_004,.png,14125,reverse-output\assets\assetstudio-cli-data-texture2d\Texture2D\ProfileFrame_004.png
character_ui,,Texture2D,ProfileFrame_005,.png,15598,reverse-output\assets\assetstudio-cli-data-texture2d\Texture2D\ProfileFrame_005.png
character_ui,,Texture2D,ProfileFrame_006,.png,38182,reverse-output\assets\assetstudio-cli-data-texture2d\Texture2D\ProfileFrame_006.png
character_ui,,Texture2D,ProfileFrame_007,.png,16749,reverse-output\assets\assetstudio-cli-data-texture2d\Texture2D\ProfileFrame_007.png
character_ui,,Texture2D,ProfileFrame_008,.png,13665,reverse-output\assets\assetstudio-cli-data-texture2d\Texture2D\ProfileFrame_008.png
character_ui,,Texture2D,ProfileFrame_009,.png,30551,reverse-output\assets\assetstudio-cli-data-texture2d\Texture2D\ProfileFrame_009.png
character_ui,,Texture2D,ProfileImg_001,.png,69003,reverse-output\assets\assetstudio-cli-data-texture2d\Texture2D\ProfileImg_001.png
character_ui,,Texture2D,ProfileImg_002,.png,64220,reverse-output\assets\assetstudio-cli-data-texture2d\Texture2D\ProfileImg_002.png
character_ui,,Texture2D,ProfileImg_003,.png,67202,reverse-output\assets\assetstudio-cli-data-texture2d\Texture2D\ProfileImg_003.png
character_ui,,Texture2D,ProfileImg_004,.png,64973,reverse-output\assets\assetstudio-cli-data-texture2d\Texture2D\ProfileImg_004.png
character_ui,,Texture2D,ProfileImg_005,.png,63657,reverse-output\assets\assetstudio-cli-data-texture2d\Texture2D\ProfileImg_005.png
character_ui,,Texture2D,ProfileImg_006,.png,64091,reverse-output\assets\assetstudio-cli-data-texture2d\Texture2D\ProfileImg_006.png
character_ui,,Texture2D,ProfileImg_007,.png,72591,reverse-output\assets\assetstudio-cli-data-texture2d\Texture2D\ProfileImg_007.png
character_ui,,Texture2D,ProfileImg_Akane,.png,285049,reverse-output\assets\assetstudio-cli-data-texture2d\Texture2D\ProfileImg_Akane.png
character_ui,,Texture2D,ProfileImg_Aku,.png,176492,reverse-output\assets\assetstudio-cli-data-texture2d\Texture2D\ProfileImg_Aku.png
character_ui,,Texture2D,ProfileImg_Christmas_001,.png,61856,reverse-output\assets\assetstudio-cli-data-texture2d\Texture2D\ProfileImg_Christmas_001.png
character_ui,,Texture2D,ProfileImg_Christmas_002,.png,59849,reverse-output\assets\assetstudio-cli-data-texture2d\Texture2D\ProfileImg_Christmas_002.png
character_ui,,Texture2D,ProfileImg_Christmas_003,.png,66627,reverse-output\assets\assetstudio-cli-data-texture2d\Texture2D\ProfileImg_Christmas_003.png
character_ui,,Texture2D,ProfileImg_Christmas_004,.png,66519,reverse-output\assets\assetstudio-cli-data-texture2d\Texture2D\ProfileImg_Christmas_004.png
character_ui,,Texture2D,ProfileImg_Christmas_005,.png,70737,reverse-output\assets\assetstudio-cli-data-texture2d\Texture2D\ProfileImg_Christmas_005.png
character_ui,,Texture2D,ProfileImg_Kaede,.png,203385,reverse-output\assets\assetstudio-cli-data-texture2d\Texture2D\ProfileImg_Kaede.png
character_ui,,Texture2D,ProfileImg_Kokomi,.png,208145,reverse-output\assets\assetstudio-cli-data-texture2d\Texture2D\ProfileImg_Kokomi.png
maid_chat,,Texture2D,ProfileImg_QuestionMaiChat,.png,10238,reverse-output\assets\assetstudio-cli-data-texture2d\Texture2D\ProfileImg_QuestionMaiChat.png
character_ui,,Texture2D,ProfileImg_QuestionMaid,.png,11934,reverse-output\assets\assetstudio-cli-data-texture2d\Texture2D\ProfileImg_QuestionMaid.png
character_ui,,Texture2D,ProfileImg_Yuki,.png,245492,reverse-output\assets\assetstudio-cli-data-texture2d\Texture2D\ProfileImg_Yuki.png
character_ui,,Texture2D,UserProfileHolder,.png,16628,reverse-output\assets\assetstudio-cli-data-texture2d\Texture2D\UserProfileHolder.png
character_ui,,Sprite,202508BandPopUp_MaidNyan,.png,266867,reverse-output\assets\assetstudio-cli-data-sprite\Sprite\202508BandPopUp_MaidNyan.png
maid_chat,,Sprite,AIChatIcon_AmusementPark,.png,110772,reverse-output\assets\assetstudio-cli-data-sprite\Sprite\AIChatIcon_AmusementPark.png
maid_chat,,Sprite,AIChatIcon_BookCafe,.png,100012,reverse-output\assets\assetstudio-cli-data-sprite\Sprite\AIChatIcon_BookCafe.png
maid_chat,,Sprite,AIChatIcon_Dormitory,.png,81804,reverse-output\assets\assetstudio-cli-data-sprite\Sprite\AIChatIcon_Dormitory.png
maid_chat,,Sprite,AIChatIcon_ReadingRoom,.png,110823,reverse-output\assets\assetstudio-cli-data-sprite\Sprite\AIChatIcon_ReadingRoom.png
maid_chat,,Sprite,AIChatIcon_Shopping,.png,122227,reverse-output\assets\assetstudio-cli-data-sprite\Sprite\AIChatIcon_Shopping.png
character_ui,,Sprite,Appicon_Customer,.png,13807,reverse-output\assets\assetstudio-cli-data-sprite\Sprite\Appicon_Customer.png
character_ui,,Sprite,Appicon_Maid,.png,14889,reverse-output\assets\assetstudio-cli-data-sprite\Sprite\Appicon_Maid.png
maid_chat,,Sprite,Appicon_MaidChatBot,.png,16559,reverse-output\assets\assetstudio-cli-data-sprite\Sprite\Appicon_MaidChatBot.png
maid_chat,,Sprite,BG_MaidChatPackage,.png,663686,reverse-output\assets\assetstudio-cli-data-sprite\Sprite\BG_MaidChatPackage.png
character_ui,,Sprite,BoardSkin_Inner,.png,331,reverse-output\assets\assetstudio-cli-data-sprite\Sprite\BoardSkin_Inner.png
character_ui,,Sprite,BoardSkin_Outer,.png,395,reverse-output\assets\assetstudio-cli-data-sprite\Sprite\BoardSkin_Outer.png
maid_chat,,Sprite,ChatFrmae_03_White3,.png,642,reverse-output\assets\assetstudio-cli-data-sprite\Sprite\ChatFrmae_03_White3.png
customer,01,Sprite,Ch_Customer01_SD,.png,140258,reverse-output\assets\assetstudio-cli-data-sprite\Sprite\Ch_Customer01_SD.png
customer,02,Sprite,Ch_Customer02_SD,.png,110921,reverse-output\assets\assetstudio-cli-data-sprite\Sprite\Ch_Customer02_SD.png
customer,02,Sprite,Ch_Customer02_Summer2025Event_SD,.png,63903,reverse-output\assets\assetstudio-cli-data-sprite\Sprite\Ch_Customer02_Summer2025Event_SD.png
customer,03,Sprite,Ch_Customer03_SD,.png,123151,reverse-output\assets\assetstudio-cli-data-sprite\Sprite\Ch_Customer03_SD.png
customer,04,Sprite,Ch_Customer04_SD,.png,104633,reverse-output\assets\assetstudio-cli-data-sprite\Sprite\Ch_Customer04_SD.png
customer,04,Sprite,Ch_Customer04_Summer2025Event_SD,.png,111002,reverse-output\assets\assetstudio-cli-data-sprite\Sprite\Ch_Customer04_Summer2025Event_SD.png
customer,05,Sprite,Ch_Customer05_SD,.png,93417,reverse-output\assets\assetstudio-cli-data-sprite\Sprite\Ch_Customer05_SD.png
customer,06,Sprite,Ch_Customer06_SD,.png,103780,reverse-output\assets\assetstudio-cli-data-sprite\Sprite\Ch_Customer06_SD.png
customer,07,Sprite,Ch_Customer07_SD,.png,98416,reverse-output\assets\assetstudio-cli-data-sprite\Sprite\Ch_Customer07_SD.png
customer,07,Sprite,Ch_Customer07_Summer2025Event_SD,.png,96106,reverse-output\assets\assetstudio-cli-data-sprite\Sprite\Ch_Customer07_Summer2025Event_SD.png
customer,08,Sprite,Ch_Customer08_SD,.png,115538,reverse-output\assets\assetstudio-cli-data-sprite\Sprite\Ch_Customer08_SD.png
customer,08,Sprite,Ch_Customer08_Summer2025Event_SD,.png,115550,reverse-output\assets\assetstudio-cli-data-sprite\Sprite\Ch_Customer08_Summer2025Event_SD.png
customer,09,Sprite,Ch_Customer09_SD,.png,82037,reverse-output\assets\assetstudio-cli-data-sprite\Sprite\Ch_Customer09_SD.png
customer,10,Sprite,Ch_Customer10_SD,.png,93481,reverse-output\assets\assetstudio-cli-data-sprite\Sprite\Ch_Customer10_SD.png
customer,11,Sprite,Ch_Customer11_SD,.png,114084,reverse-output\assets\assetstudio-cli-data-sprite\Sprite\Ch_Customer11_SD.png
customer,11,Sprite,Ch_Customer11_SD_Summer,.png,131341,reverse-output\assets\assetstudio-cli-data-sprite\Sprite\Ch_Customer11_SD_Summer.png
customer,12,Sprite,Ch_Customer12_SD,.png,118304,reverse-output\assets\assetstudio-cli-data-sprite\Sprite\Ch_Customer12_SD.png
customer,13,Sprite,Ch_Customer13_SD,.png,115371,reverse-output\assets\assetstudio-cli-data-sprite\Sprite\Ch_Customer13_SD.png
customer,13,Sprite,Ch_Customer13_Summer2025Event_SD,.png,112821,reverse-output\assets\assetstudio-cli-data-sprite\Sprite\Ch_Customer13_Summer2025Event_SD.png
customer,14,Sprite,Ch_Customer14_SD,.png,122988,reverse-output\assets\assetstudio-cli-data-sprite\Sprite\Ch_Customer14_SD.png
customer,15,Sprite,Ch_Customer15_SD,.png,109738,reverse-output\assets\assetstudio-cli-data-sprite\Sprite\Ch_Customer15_SD.png
maid_base,01,Sprite,Ch_Maid01_Basic01_SD,.png,103285,reverse-output\assets\assetstudio-cli-data-sprite\Sprite\Ch_Maid01_Basic01_SD.png
maid_base,02,Sprite,Ch_Maid02_Basic01_SD,.png,110621,reverse-output\assets\assetstudio-cli-data-sprite\Sprite\Ch_Maid02_Basic01_SD.png
maid_base,03,Sprite,Ch_Maid03_Basic01_SD,.png,113801,reverse-output\assets\assetstudio-cli-data-sprite\Sprite\Ch_Maid03_Basic01_SD.png
maid_base,04,Sprite,Ch_Maid04_Basic01_SD,.png,98592,reverse-output\assets\assetstudio-cli-data-sprite\Sprite\Ch_Maid04_Basic01_SD.png
maid_base,05,Sprite,Ch_Maid05_Basic01_SD,.png,99856,reverse-output\assets\assetstudio-cli-data-sprite\Sprite\Ch_Maid05_Basic01_SD.png
maid_costume,01,Sprite,Cos_Maid01_Casual_SD,.png,96074,reverse-output\assets\assetstudio-cli-data-sprite\Sprite\Cos_Maid01_Casual_SD.png
maid_costume,01,Sprite,Cos_Maid01_Christmas01_SD,.png,111229,reverse-output\assets\assetstudio-cli-data-sprite\Sprite\Cos_Maid01_Christmas01_SD.png
maid_costume,02,Sprite,Cos_Maid02_Christmas_SD,.png,107579,reverse-output\assets\assetstudio-cli-data-sprite\Sprite\Cos_Maid02_Christmas_SD.png
maid_costume,03,Sprite,Cos_Maid03_Casual01_SD,.png,111698,reverse-output\assets\assetstudio-cli-data-sprite\Sprite\Cos_Maid03_Casual01_SD.png
maid_costume,03,Sprite,Cos_Maid03_Christmas_SD,.png,111494,reverse-output\assets\assetstudio-cli-data-sprite\Sprite\Cos_Maid03_Christmas_SD.png
maid_costume,04,Sprite,Cos_Maid04_Christmas_SD,.png,105095,reverse-output\assets\assetstudio-cli-data-sprite\Sprite\Cos_Maid04_Christmas_SD.png
character_ui,,Sprite,Coupon_Costume,.png,3486,reverse-output\assets\assetstudio-cli-data-sprite\Sprite\Coupon_Costume.png
character_ui,,Sprite,CustomerEp_Kenta1,.png,519146,reverse-output\assets\assetstudio-cli-data-sprite\Sprite\CustomerEp_Kenta1.png
character_ui,,Sprite,CustomerEp_Risa1,.png,500894,reverse-output\assets\assetstudio-cli-data-sprite\Sprite\CustomerEp_Risa1.png
character_ui,,Sprite,CustomerEp_Takeru1,.png,501014,reverse-output\assets\assetstudio-cli-data-sprite\Sprite\CustomerEp_Takeru1.png
character_ui,,Sprite,Icon_MaidMark,.png,27700,reverse-output\assets\assetstudio-cli-data-sprite\Sprite\Icon_MaidMark.png
character_ui,,Sprite,Icon_MaidMark_NoLine,.png,24481,reverse-output\assets\assetstudio-cli-data-sprite\Sprite\Icon_MaidMark_NoLine.png
character_ui,,Sprite,Icon_MaidMark_off,.png,24552,reverse-output\assets\assetstudio-cli-data-sprite\Sprite\Icon_MaidMark_off.png
character_ui,,Sprite,Icon_ProfileDecoItem,.png,22017,reverse-output\assets\assetstudio-cli-data-sprite\Sprite\Icon_ProfileDecoItem.png
character_ui,,Sprite,IngameSkin_BGIcon_0000,.png,41643,reverse-output\assets\assetstudio-cli-data-sprite\Sprite\IngameSkin_BGIcon_0000.png
character_ui,,Sprite,IngameSkin_BGIcon_0001,.png,62180,reverse-output\assets\assetstudio-cli-data-sprite\Sprite\IngameSkin_BGIcon_0001.png
character_ui,,Sprite,IngameSkin_BGIcon_0002,.png,43519,reverse-output\assets\assetstudio-cli-data-sprite\Sprite\IngameSkin_BGIcon_0002.png
character_ui,,Sprite,IngameSkin_BGIcon_0003,.png,61190,reverse-output\assets\assetstudio-cli-data-sprite\Sprite\IngameSkin_BGIcon_0003.png
character_ui,,Sprite,IngameSkin_BGIcon_0004,.png,48392,reverse-output\assets\assetstudio-cli-data-sprite\Sprite\IngameSkin_BGIcon_0004.png
character_ui,,Sprite,InGameSkin_Board_0000,.png,1109,reverse-output\assets\assetstudio-cli-data-sprite\Sprite\InGameSkin_Board_0000.png
character_ui,,Sprite,InGameSkin_Board_0001,.png,3306,reverse-output\assets\assetstudio-cli-data-sprite\Sprite\InGameSkin_Board_0001.png
character_ui,,Sprite,InGameSkin_Board_0002,.png,3364,reverse-output\assets\assetstudio-cli-data-sprite\Sprite\InGameSkin_Board_0002.png
character_ui,,Sprite,InGameSkin_Board_0003,.png,3829,reverse-output\assets\assetstudio-cli-data-sprite\Sprite\InGameSkin_Board_0003.png
character_ui,,Sprite,InGameSkin_Board_0004,.png,3331,reverse-output\assets\assetstudio-cli-data-sprite\Sprite\InGameSkin_Board_0004.png
character_ui,,Sprite,InGameSkin_Board_0005,.png,3246,reverse-output\assets\assetstudio-cli-data-sprite\Sprite\InGameSkin_Board_0005.png
character_ui,,Sprite,InGameSkin_Board_0006,.png,21667,reverse-output\assets\assetstudio-cli-data-sprite\Sprite\InGameSkin_Board_0006.png
character_ui,,Sprite,InGameSkin_Board_0007,.png,10105,reverse-output\assets\assetstudio-cli-data-sprite\Sprite\InGameSkin_Board_0007.png
character_ui,,Sprite,InGameSkin_Board_0008,.png,1804,reverse-output\assets\assetstudio-cli-data-sprite\Sprite\InGameSkin_Board_0008.png
character_ui,,Sprite,InGameSkin_DeskA_0000,.png,2068,reverse-output\assets\assetstudio-cli-data-sprite\Sprite\InGameSkin_DeskA_0000.png
character_ui,,Sprite,InGameSkin_DeskA_0001,.png,7868,reverse-output\assets\assetstudio-cli-data-sprite\Sprite\InGameSkin_DeskA_0001.png
character_ui,,Sprite,InGameSkin_DeskA_0002,.png,2743,reverse-output\assets\assetstudio-cli-data-sprite\Sprite\InGameSkin_DeskA_0002.png
character_ui,,Sprite,InGameSkin_DeskA_0003,.png,2678,reverse-output\assets\assetstudio-cli-data-sprite\Sprite\InGameSkin_DeskA_0003.png
character_ui,,Sprite,InGameSkin_DeskA_0004,.png,4904,reverse-output\assets\assetstudio-cli-data-sprite\Sprite\InGameSkin_DeskA_0004.png
character_ui,,Sprite,InGameSkin_DeskA_0005,.png,2900,reverse-output\assets\assetstudio-cli-data-sprite\Sprite\InGameSkin_DeskA_0005.png
character_ui,,Sprite,InGameSkin_DeskA_0006,.png,7838,reverse-output\assets\assetstudio-cli-data-sprite\Sprite\InGameSkin_DeskA_0006.png
character_ui,,Sprite,InGameSkin_DeskA_0007,.png,3781,reverse-output\assets\assetstudio-cli-data-sprite\Sprite\InGameSkin_DeskA_0007.png
character_ui,,Sprite,InGameSkin_DeskA_0008,.png,3350,reverse-output\assets\assetstudio-cli-data-sprite\Sprite\InGameSkin_DeskA_0008.png
character_ui,,Sprite,InGameSkin_DeskB_0000,.png,329,reverse-output\assets\assetstudio-cli-data-sprite\Sprite\InGameSkin_DeskB_0000.png
character_ui,,Sprite,InGameSkin_DeskB_0001,.png,241,reverse-output\assets\assetstudio-cli-data-sprite\Sprite\InGameSkin_DeskB_0001.png
character_ui,,Sprite,InGameSkin_DeskB_0002,.png,272,reverse-output\assets\assetstudio-cli-data-sprite\Sprite\InGameSkin_DeskB_0002.png
character_ui,,Sprite,InGameSkin_DeskB_0003,.png,251,reverse-output\assets\assetstudio-cli-data-sprite\Sprite\InGameSkin_DeskB_0003.png
character_ui,,Sprite,InGameSkin_DeskB_0004,.png,303,reverse-output\assets\assetstudio-cli-data-sprite\Sprite\InGameSkin_DeskB_0004.png
character_ui,,Sprite,InGameSkin_DeskB_0005,.png,264,reverse-output\assets\assetstudio-cli-data-sprite\Sprite\InGameSkin_DeskB_0005.png
character_ui,,Sprite,InGameSkin_DeskB_0006,.png,337,reverse-output\assets\assetstudio-cli-data-sprite\Sprite\InGameSkin_DeskB_0006.png
character_ui,,Sprite,InGameSkin_DeskB_0007,.png,232,reverse-output\assets\assetstudio-cli-data-sprite\Sprite\InGameSkin_DeskB_0007.png
character_ui,,Sprite,InGameSkin_DeskB_0008,.png,238,reverse-output\assets\assetstudio-cli-data-sprite\Sprite\InGameSkin_DeskB_0008.png
maid_chat,,Sprite,MaiChatPopUp_AikoFirst,.png,465828,reverse-output\assets\assetstudio-cli-data-sprite\Sprite\MaiChatPopUp_AikoFirst.png
character_ui,,Sprite,MaidCafe_Logo_Broken,.png,101704,reverse-output\assets\assetstudio-cli-data-sprite\Sprite\MaidCafe_Logo_Broken.png
character_ui,,Sprite,MaidCafe_Logo_Kr,.png,79355,reverse-output\assets\assetstudio-cli-data-sprite\Sprite\MaidCafe_Logo_Kr.png
character_ui,,Sprite,MaidNote_Page,.png,16104,reverse-output\assets\assetstudio-cli-data-sprite\Sprite\MaidNote_Page.png
character_ui,,Sprite,MaidNote_Ring,.png,8819,reverse-output\assets\assetstudio-cli-data-sprite\Sprite\MaidNote_Ring.png
character_ui,,Sprite,MaidUnlock,.png,808327,reverse-output\assets\assetstudio-cli-data-sprite\Sprite\MaidUnlock.png
character_ui,,Sprite,MaidUnlock_Door,.png,342927,reverse-output\assets\assetstudio-cli-data-sprite\Sprite\MaidUnlock_Door.png
character_ui,,Sprite,MainRoom_MaidManual,.png,152174,reverse-output\assets\assetstudio-cli-data-sprite\Sprite\MainRoom_MaidManual.png
character_ui,,Sprite,ProfileFrame_000,.png,13864,reverse-output\assets\assetstudio-cli-data-sprite\Sprite\ProfileFrame_000.png
character_ui,,Sprite,ProfileFrame_001,.png,13364,reverse-output\assets\assetstudio-cli-data-sprite\Sprite\ProfileFrame_001.png
character_ui,,Sprite,ProfileFrame_002,.png,13319,reverse-output\assets\assetstudio-cli-data-sprite\Sprite\ProfileFrame_002.png
character_ui,,Sprite,ProfileFrame_003,.png,12648,reverse-output\assets\assetstudio-cli-data-sprite\Sprite\ProfileFrame_003.png
character_ui,,Sprite,ProfileFrame_004,.png,12907,reverse-output\assets\assetstudio-cli-data-sprite\Sprite\ProfileFrame_004.png
character_ui,,Sprite,ProfileFrame_005,.png,13615,reverse-output\assets\assetstudio-cli-data-sprite\Sprite\ProfileFrame_005.png
character_ui,,Sprite,ProfileFrame_006,.png,26048,reverse-output\assets\assetstudio-cli-data-sprite\Sprite\ProfileFrame_006.png
character_ui,,Sprite,ProfileFrame_007,.png,14415,reverse-output\assets\assetstudio-cli-data-sprite\Sprite\ProfileFrame_007.png
character_ui,,Sprite,ProfileFrame_008,.png,12393,reverse-output\assets\assetstudio-cli-data-sprite\Sprite\ProfileFrame_008.png
character_ui,,Sprite,ProfileFrame_009,.png,26905,reverse-output\assets\assetstudio-cli-data-sprite\Sprite\ProfileFrame_009.png
character_ui,,Sprite,ProfileImg_001,.png,69003,reverse-output\assets\assetstudio-cli-data-sprite\Sprite\ProfileImg_001.png
character_ui,,Sprite,ProfileImg_002,.png,64220,reverse-output\assets\assetstudio-cli-data-sprite\Sprite\ProfileImg_002.png
character_ui,,Sprite,ProfileImg_003,.png,67202,reverse-output\assets\assetstudio-cli-data-sprite\Sprite\ProfileImg_003.png
character_ui,,Sprite,ProfileImg_004,.png,64973,reverse-output\assets\assetstudio-cli-data-sprite\Sprite\ProfileImg_004.png
character_ui,,Sprite,ProfileImg_005,.png,63657,reverse-output\assets\assetstudio-cli-data-sprite\Sprite\ProfileImg_005.png
character_ui,,Sprite,ProfileImg_006,.png,64091,reverse-output\assets\assetstudio-cli-data-sprite\Sprite\ProfileImg_006.png
character_ui,,Sprite,ProfileImg_007,.png,72591,reverse-output\assets\assetstudio-cli-data-sprite\Sprite\ProfileImg_007.png
character_ui,,Sprite,ProfileImg_Akane,.png,250012,reverse-output\assets\assetstudio-cli-data-sprite\Sprite\ProfileImg_Akane.png
character_ui,,Sprite,ProfileImg_Aku,.png,155561,reverse-output\assets\assetstudio-cli-data-sprite\Sprite\ProfileImg_Aku.png
character_ui,,Sprite,ProfileImg_Christmas_001,.png,61856,reverse-output\assets\assetstudio-cli-data-sprite\Sprite\ProfileImg_Christmas_001.png
character_ui,,Sprite,ProfileImg_Christmas_002,.png,59849,reverse-output\assets\assetstudio-cli-data-sprite\Sprite\ProfileImg_Christmas_002.png
character_ui,,Sprite,ProfileImg_Christmas_003,.png,66627,reverse-output\assets\assetstudio-cli-data-sprite\Sprite\ProfileImg_Christmas_003.png
character_ui,,Sprite,ProfileImg_Christmas_004,.png,66519,reverse-output\assets\assetstudio-cli-data-sprite\Sprite\ProfileImg_Christmas_004.png
character_ui,,Sprite,ProfileImg_Christmas_005,.png,70737,reverse-output\assets\assetstudio-cli-data-sprite\Sprite\ProfileImg_Christmas_005.png
character_ui,,Sprite,ProfileImg_Kaede,.png,178576,reverse-output\assets\assetstudio-cli-data-sprite\Sprite\ProfileImg_Kaede.png
character_ui,,Sprite,ProfileImg_Kokomi,.png,169542,reverse-output\assets\assetstudio-cli-data-sprite\Sprite\ProfileImg_Kokomi.png
maid_chat,,Sprite,ProfileImg_QuestionMaiChat,.png,10238,reverse-output\assets\assetstudio-cli-data-sprite\Sprite\ProfileImg_QuestionMaiChat.png
character_ui,,Sprite,ProfileImg_QuestionMaid,.png,11934,reverse-output\assets\assetstudio-cli-data-sprite\Sprite\ProfileImg_QuestionMaid.png
character_ui,,Sprite,ProfileImg_Yuki,.png,224390,reverse-output\assets\assetstudio-cli-data-sprite\Sprite\ProfileImg_Yuki.png
character_ui,,Sprite,UserProfileHolder_0,.png,6495,reverse-output\assets\assetstudio-cli-data-sprite\Sprite\UserProfileHolder_0.png
character_ui,,Sprite,UserProfileHolder_1,.png,5562,reverse-output\assets\assetstudio-cli-data-sprite\Sprite\UserProfileHolder_1.png
character_ui,,Sprite,UserProfileHolder_2,.png,3929,reverse-output\assets\assetstudio-cli-data-sprite\Sprite\UserProfileHolder_2.png
customer,01,TextAsset,Ch_Customer01_SD.atlas,.dat,1272,reverse-output\assets\assetstudio-cli-data-textasset\TextAsset\Ch_Customer01_SD.atlas.dat
customer,02,TextAsset,Ch_Customer02_SD.atlas,.dat,1020,reverse-output\assets\assetstudio-cli-data-textasset\TextAsset\Ch_Customer02_SD.atlas.dat
customer,02,TextAsset,Ch_Customer02_SD.skel,.dat,86480,reverse-output\assets\assetstudio-cli-data-textasset\TextAsset\Ch_Customer02_SD.skel.dat
customer,02,TextAsset,Ch_Customer02_Summer2025Event_01_SD.atlas,.dat,1164,reverse-output\assets\assetstudio-cli-data-textasset\TextAsset\Ch_Customer02_Summer2025Event_01_SD.atlas.dat
customer,02,TextAsset,Ch_Customer02_Summer2025Event_01_SD.skel,.dat,126136,reverse-output\assets\assetstudio-cli-data-textasset\TextAsset\Ch_Customer02_Summer2025Event_01_SD.skel.dat
customer,03,TextAsset,Ch_Customer03_SD.atlas,.dat,1508,reverse-output\assets\assetstudio-cli-data-textasset\TextAsset\Ch_Customer03_SD.atlas.dat
customer,03,TextAsset,Ch_Customer03_SD.skel,.dat,92952,reverse-output\assets\assetstudio-cli-data-textasset\TextAsset\Ch_Customer03_SD.skel.dat
customer,04,TextAsset,Ch_Customer04_SD.atlas,.dat,1160,reverse-output\assets\assetstudio-cli-data-textasset\TextAsset\Ch_Customer04_SD.atlas.dat
customer,04,TextAsset,Ch_Customer04_Summer2025Event_01_SD.atlas,.dat,1152,reverse-output\assets\assetstudio-cli-data-textasset\TextAsset\Ch_Customer04_Summer2025Event_01_SD.atlas.dat
customer,05,TextAsset,Ch_Customer05_SD.atlas,.dat,1444,reverse-output\assets\assetstudio-cli-data-textasset\TextAsset\Ch_Customer05_SD.atlas.dat
customer,05,TextAsset,Ch_Customer05_SD.skel,.dat,104064,reverse-output\assets\assetstudio-cli-data-textasset\TextAsset\Ch_Customer05_SD.skel.dat
customer,06,TextAsset,Ch_Customer06_SD.atlas,.dat,1836,reverse-output\assets\assetstudio-cli-data-textasset\TextAsset\Ch_Customer06_SD.atlas.dat
customer,07,TextAsset,Ch_Customer07_Summer2025Event_01_SD.atlas,.dat,1248,reverse-output\assets\assetstudio-cli-data-textasset\TextAsset\Ch_Customer07_Summer2025Event_01_SD.atlas.dat
customer,07,TextAsset,Ch_Customer07_Summer2025Event_01_SD.skel,.dat,70576,reverse-output\assets\assetstudio-cli-data-textasset\TextAsset\Ch_Customer07_Summer2025Event_01_SD.skel.dat
customer,08,TextAsset,Ch_Customer08_Summer2025Event_01_SD.atlas,.dat,1376,reverse-output\assets\assetstudio-cli-data-textasset\TextAsset\Ch_Customer08_Summer2025Event_01_SD.atlas.dat
customer,08,TextAsset,Ch_Customer08_Summer2025Event_01_SD.skel,.dat,110436,reverse-output\assets\assetstudio-cli-data-textasset\TextAsset\Ch_Customer08_Summer2025Event_01_SD.skel.dat
customer,09,TextAsset,Ch_Customer09_SD.atlas,.dat,1144,reverse-output\assets\assetstudio-cli-data-textasset\TextAsset\Ch_Customer09_SD.atlas.dat
customer,09,TextAsset,Ch_Customer09_SD.skel,.dat,72392,reverse-output\assets\assetstudio-cli-data-textasset\TextAsset\Ch_Customer09_SD.skel.dat
customer,11,TextAsset,Ch_Customer11_Summer2025Event_01_SD.atlas,.dat,1092,reverse-output\assets\assetstudio-cli-data-textasset\TextAsset\Ch_Customer11_Summer2025Event_01_SD.atlas.dat
customer,11,TextAsset,Ch_Customer11_Summer2025Event_01_SD.skel,.dat,65572,reverse-output\assets\assetstudio-cli-data-textasset\TextAsset\Ch_Customer11_Summer2025Event_01_SD.skel.dat
customer,12,TextAsset,Ch_Customer12_SD.atlas,.dat,1180,reverse-output\assets\assetstudio-cli-data-textasset\TextAsset\Ch_Customer12_SD.atlas.dat
customer,13,TextAsset,Ch_Customer13_SD.atlas,.dat,1552,reverse-output\assets\assetstudio-cli-data-textasset\TextAsset\Ch_Customer13_SD.atlas.dat
customer,13,TextAsset,Ch_Customer13_SD.skel,.dat,137832,reverse-output\assets\assetstudio-cli-data-textasset\TextAsset\Ch_Customer13_SD.skel.dat
customer,13,TextAsset,Ch_Customer13_Summer2025Event_01_SD.atlas,.dat,1540,reverse-output\assets\assetstudio-cli-data-textasset\TextAsset\Ch_Customer13_Summer2025Event_01_SD.atlas.dat
customer,13,TextAsset,Ch_Customer13_Summer2025Event_01_SD.skel,.dat,119320,reverse-output\assets\assetstudio-cli-data-textasset\TextAsset\Ch_Customer13_Summer2025Event_01_SD.skel.dat
customer,14,TextAsset,Ch_Customer14_SD.atlas,.dat,1324,reverse-output\assets\assetstudio-cli-data-textasset\TextAsset\Ch_Customer14_SD.atlas.dat
customer,14,TextAsset,Ch_Customer14_SD.skel,.dat,88928,reverse-output\assets\assetstudio-cli-data-textasset\TextAsset\Ch_Customer14_SD.skel.dat
customer,15,TextAsset,Ch_Customer15_SD.atlas,.dat,1376,reverse-output\assets\assetstudio-cli-data-textasset\TextAsset\Ch_Customer15_SD.atlas.dat
customer,15,TextAsset,Ch_Customer15_SD.skel,.dat,64508,reverse-output\assets\assetstudio-cli-data-textasset\TextAsset\Ch_Customer15_SD.skel.dat
character_ui,,TextAsset,Ch_CustomerSilhouette_LD_Idle.atlas,.dat,164,reverse-output\assets\assetstudio-cli-data-textasset\TextAsset\Ch_CustomerSilhouette_LD_Idle.atlas.dat
character_ui,,TextAsset,Ch_CustomerSilhouette_LD_Idle,.dat,552,reverse-output\assets\assetstudio-cli-data-textasset\TextAsset\Ch_CustomerSilhouette_LD_Idle.dat
maid_base,01,TextAsset,Ch_Maid01_Basic01_SD.atlas,.dat,1488,reverse-output\assets\assetstudio-cli-data-textasset\TextAsset\Ch_Maid01_Basic01_SD.atlas.dat
maid_base,01,TextAsset,Ch_Maid01_Basic01_SD.skel,.dat,78948,reverse-output\assets\assetstudio-cli-data-textasset\TextAsset\Ch_Maid01_Basic01_SD.skel.dat
maid_base,01,TextAsset,Ch_Maid01_Basic01_SD_UI.atlas,.dat,1496,reverse-output\assets\assetstudio-cli-data-textasset\TextAsset\Ch_Maid01_Basic01_SD_UI.atlas.dat
maid_base,02,TextAsset,Ch_Maid02_Basic01_SD.atlas,.dat,1612,reverse-output\assets\assetstudio-cli-data-textasset\TextAsset\Ch_Maid02_Basic01_SD.atlas.dat
maid_base,02,TextAsset,Ch_Maid02_Basic01_SD.skel,.dat,196984,reverse-output\assets\assetstudio-cli-data-textasset\TextAsset\Ch_Maid02_Basic01_SD.skel.dat
maid_base,03,TextAsset,Ch_Maid03_Basic01_LD.atlas,.dat,3760,reverse-output\assets\assetstudio-cli-data-textasset\TextAsset\Ch_Maid03_Basic01_LD.atlas.dat
maid_base,03,TextAsset,Ch_Maid03_Basic01_SD.atlas,.dat,1352,reverse-output\assets\assetstudio-cli-data-textasset\TextAsset\Ch_Maid03_Basic01_SD.atlas.dat
maid_base,03,TextAsset,Ch_Maid03_Basic01_SD.skel,.dat,98132,reverse-output\assets\assetstudio-cli-data-textasset\TextAsset\Ch_Maid03_Basic01_SD.skel.dat
maid_base,04,TextAsset,Ch_Maid04_Basic01_SD.atlas,.dat,1476,reverse-output\assets\assetstudio-cli-data-textasset\TextAsset\Ch_Maid04_Basic01_SD.atlas.dat
maid_base,04,TextAsset,Ch_Maid04_Basic01_SD.skel,.dat,114464,reverse-output\assets\assetstudio-cli-data-textasset\TextAsset\Ch_Maid04_Basic01_SD.skel.dat
maid_base,05,TextAsset,Ch_Maid05_Basic01_LD.atlas,.dat,3404,reverse-output\assets\assetstudio-cli-data-textasset\TextAsset\Ch_Maid05_Basic01_LD.atlas.dat
maid_base,05,TextAsset,Ch_Maid05_Basic01_SD.atlas,.dat,1548,reverse-output\assets\assetstudio-cli-data-textasset\TextAsset\Ch_Maid05_Basic01_SD.atlas.dat
maid_base,06,TextAsset,Ch_Maid06_Basic01_LD.atlas,.dat,5072,reverse-output\assets\assetstudio-cli-data-textasset\TextAsset\Ch_Maid06_Basic01_LD.atlas.dat
maid_base,06,TextAsset,Ch_Maid06_Basic01_LD2.atlas,.dat,1292,reverse-output\assets\assetstudio-cli-data-textasset\TextAsset\Ch_Maid06_Basic01_LD2.atlas.dat
maid_base,06,TextAsset,Ch_Maid06_Basic01_LD2.skel,.dat,53716,reverse-output\assets\assetstudio-cli-data-textasset\TextAsset\Ch_Maid06_Basic01_LD2.skel.dat
maid_base,06,TextAsset,Ch_Maid06_Basic01_SD.atlas,.dat,2672,reverse-output\assets\assetstudio-cli-data-textasset\TextAsset\Ch_Maid06_Basic01_SD.atlas.dat
maid_base,06,TextAsset,Ch_Maid06_Basic01_SD.skel,.dat,125292,reverse-output\assets\assetstudio-cli-data-textasset\TextAsset\Ch_Maid06_Basic01_SD.skel.dat
maid_base,07,TextAsset,Ch_Maid07_Basic01_SD.atlas,.dat,1372,reverse-output\assets\assetstudio-cli-data-textasset\TextAsset\Ch_Maid07_Basic01_SD.atlas.dat
maid_costume,01,TextAsset,Cos_Maid01_Band01_LD.atlas,.dat,5912,reverse-output\assets\assetstudio-cli-data-textasset\TextAsset\Cos_Maid01_Band01_LD.atlas.dat
maid_costume,01,TextAsset,Cos_Maid01_Band01_SD.atlas,.dat,1652,reverse-output\assets\assetstudio-cli-data-textasset\TextAsset\Cos_Maid01_Band01_SD.atlas.dat
maid_costume,01,TextAsset,Cos_Maid01_Band01_SD.skel,.dat,98024,reverse-output\assets\assetstudio-cli-data-textasset\TextAsset\Cos_Maid01_Band01_SD.skel.dat
maid_costume,01,TextAsset,Cos_Maid01_Casual01_LD.atlas,.dat,2632,reverse-output\assets\assetstudio-cli-data-textasset\TextAsset\Cos_Maid01_Casual01_LD.atlas.dat
maid_costume,01,TextAsset,Cos_Maid01_Casual01_SD.atlas,.dat,1608,reverse-output\assets\assetstudio-cli-data-textasset\TextAsset\Cos_Maid01_Casual01_SD.atlas.dat
maid_costume,01,TextAsset,Cos_Maid01_Casual01_SD.skel,.dat,54452,reverse-output\assets\assetstudio-cli-data-textasset\TextAsset\Cos_Maid01_Casual01_SD.skel.dat
maid_costume,01,TextAsset,Cos_Maid01_Christmas01_LD.atlas,.dat,4332,reverse-output\assets\assetstudio-cli-data-textasset\TextAsset\Cos_Maid01_Christmas01_LD.atlas.dat
maid_costume,01,TextAsset,Cos_Maid01_Christmas01_SD.atlas,.dat,1376,reverse-output\assets\assetstudio-cli-data-textasset\TextAsset\Cos_Maid01_Christmas01_SD.atlas.dat
maid_costume,01,TextAsset,Cos_Maid01_Christmas01_SD.skel,.dat,103184,reverse-output\assets\assetstudio-cli-data-textasset\TextAsset\Cos_Maid01_Christmas01_SD.skel.dat
maid_costume,01,TextAsset,Cos_Maid01_Summer01_LD.atlas,.dat,3788,reverse-output\assets\assetstudio-cli-data-textasset\TextAsset\Cos_Maid01_Summer01_LD.atlas.dat
maid_costume,01,TextAsset,Cos_Maid01_Summer01_LD.skel,.dat,270228,reverse-output\assets\assetstudio-cli-data-textasset\TextAsset\Cos_Maid01_Summer01_LD.skel.dat
maid_costume,01,TextAsset,Cos_Maid01_Summer01_SD.atlas,.dat,1612,reverse-output\assets\assetstudio-cli-data-textasset\TextAsset\Cos_Maid01_Summer01_SD.atlas.dat
maid_costume,02,TextAsset,Cos_Maid02_Casual01_LD.atlas,.dat,2872,reverse-output\assets\assetstudio-cli-data-textasset\TextAsset\Cos_Maid02_Casual01_LD.atlas.dat
maid_costume,02,TextAsset,Cos_Maid02_Casual01_LD.skel,.dat,535324,reverse-output\assets\assetstudio-cli-data-textasset\TextAsset\Cos_Maid02_Casual01_LD.skel.dat
maid_costume,02,TextAsset,Cos_Maid02_Casual01_SD.atlas,.dat,1644,reverse-output\assets\assetstudio-cli-data-textasset\TextAsset\Cos_Maid02_Casual01_SD.atlas.dat
maid_costume,02,TextAsset,Cos_Maid02_Casual01_SD.skel,.dat,100260,reverse-output\assets\assetstudio-cli-data-textasset\TextAsset\Cos_Maid02_Casual01_SD.skel.dat
maid_costume,02,TextAsset,Cos_Maid02_Christmas01_LD.atlas,.dat,2252,reverse-output\assets\assetstudio-cli-data-textasset\TextAsset\Cos_Maid02_Christmas01_LD.atlas.dat
maid_costume,02,TextAsset,Cos_Maid02_Christmas01_SD.atlas,.dat,1476,reverse-output\assets\assetstudio-cli-data-textasset\TextAsset\Cos_Maid02_Christmas01_SD.atlas.dat
maid_costume,02,TextAsset,Cos_Maid02_Halloween01_SD.atlas,.dat,1576,reverse-output\assets\assetstudio-cli-data-textasset\TextAsset\Cos_Maid02_Halloween01_SD.atlas.dat
maid_costume,02,TextAsset,Cos_Maid02_Halloween01_SD.skel,.dat,96672,reverse-output\assets\assetstudio-cli-data-textasset\TextAsset\Cos_Maid02_Halloween01_SD.skel.dat
maid_costume,02,TextAsset,Cos_Maid02_Summer01_LD.skel,.dat,203032,reverse-output\assets\assetstudio-cli-data-textasset\TextAsset\Cos_Maid02_Summer01_LD.skel.dat
maid_costume,02,TextAsset,Cos_Maid02_Summer01_SD.atlas,.dat,1820,reverse-output\assets\assetstudio-cli-data-textasset\TextAsset\Cos_Maid02_Summer01_SD.atlas.dat
maid_costume,02,TextAsset,Cos_Maid02_Summer01_SD.skel,.dat,74912,reverse-output\assets\assetstudio-cli-data-textasset\TextAsset\Cos_Maid02_Summer01_SD.skel.dat
maid_costume,03,TextAsset,Cos_Maid03_Casual01_SD.atlas,.dat,1060,reverse-output\assets\assetstudio-cli-data-textasset\TextAsset\Cos_Maid03_Casual01_SD.atlas.dat
maid_costume,03,TextAsset,Cos_Maid03_Casual01_SD.skel,.dat,40824,reverse-output\assets\assetstudio-cli-data-textasset\TextAsset\Cos_Maid03_Casual01_SD.skel.dat
maid_costume,03,TextAsset,Cos_Maid03_Casual_LD.atlas,.dat,2052,reverse-output\assets\assetstudio-cli-data-textasset\TextAsset\Cos_Maid03_Casual_LD.atlas.dat
maid_costume,03,TextAsset,Cos_Maid03_Casual_LD.skel,.dat,228220,reverse-output\assets\assetstudio-cli-data-textasset\TextAsset\Cos_Maid03_Casual_LD.skel.dat
maid_costume,03,TextAsset,Cos_Maid03_Christmas01_LD.atlas,.dat,4192,reverse-output\assets\assetstudio-cli-data-textasset\TextAsset\Cos_Maid03_Christmas01_LD.atlas.dat
maid_costume,03,TextAsset,Cos_Maid03_Christmas01_LD.skel,.dat,548408,reverse-output\assets\assetstudio-cli-data-textasset\TextAsset\Cos_Maid03_Christmas01_LD.skel.dat
maid_costume,03,TextAsset,Cos_Maid03_Christmas01_SD.atlas,.dat,1732,reverse-output\assets\assetstudio-cli-data-textasset\TextAsset\Cos_Maid03_Christmas01_SD.atlas.dat
maid_costume,03,TextAsset,Cos_Maid03_Christmas01_SD.skel,.dat,145712,reverse-output\assets\assetstudio-cli-data-textasset\TextAsset\Cos_Maid03_Christmas01_SD.skel.dat
maid_costume,03,TextAsset,Cos_Maid03_Halloween01_LD.atlas,.dat,5136,reverse-output\assets\assetstudio-cli-data-textasset\TextAsset\Cos_Maid03_Halloween01_LD.atlas.dat
maid_costume,03,TextAsset,Cos_Maid03_Halloween01_LD.skel,.dat,493136,reverse-output\assets\assetstudio-cli-data-textasset\TextAsset\Cos_Maid03_Halloween01_LD.skel.dat
maid_costume,03,TextAsset,Cos_Maid03_Halloween01_SD.atlas,.dat,1740,reverse-output\assets\assetstudio-cli-data-textasset\TextAsset\Cos_Maid03_Halloween01_SD.atlas.dat
maid_costume,03,TextAsset,Cos_Maid03_SchoolUniform01_LD.atlas,.dat,5940,reverse-output\assets\assetstudio-cli-data-textasset\TextAsset\Cos_Maid03_SchoolUniform01_LD.atlas.dat
maid_costume,03,TextAsset,Cos_Maid03_SchoolUniform01_LD.skel,.dat,245976,reverse-output\assets\assetstudio-cli-data-textasset\TextAsset\Cos_Maid03_SchoolUniform01_LD.skel.dat
maid_costume,03,TextAsset,Cos_Maid03_SchoolUniform01_SD.atlas,.dat,2288,reverse-output\assets\assetstudio-cli-data-textasset\TextAsset\Cos_Maid03_SchoolUniform01_SD.atlas.dat
maid_costume,03,TextAsset,Cos_Maid03_SchoolUniform01_SD.skel,.dat,116672,reverse-output\assets\assetstudio-cli-data-textasset\TextAsset\Cos_Maid03_SchoolUniform01_SD.skel.dat
maid_costume,03,TextAsset,Cos_Maid03_Summer01_LD.atlas,.dat,5432,reverse-output\assets\assetstudio-cli-data-textasset\TextAsset\Cos_Maid03_Summer01_LD.atlas.dat
maid_costume,03,TextAsset,Cos_Maid03_Summer01_SD.atlas,.dat,2192,reverse-output\assets\assetstudio-cli-data-textasset\TextAsset\Cos_Maid03_Summer01_SD.atlas.dat
maid_costume,04,TextAsset,Cos_Maid04_Band01_LD.atlas,.dat,4432,reverse-output\assets\assetstudio-cli-data-textasset\TextAsset\Cos_Maid04_Band01_LD.atlas.dat
maid_costume,04,TextAsset,Cos_Maid04_Band01_SD.atlas,.dat,2000,reverse-output\assets\assetstudio-cli-data-textasset\TextAsset\Cos_Maid04_Band01_SD.atlas.dat
maid_costume,04,TextAsset,Cos_Maid04_Casual01_LD.atlas,.dat,2572,reverse-output\assets\assetstudio-cli-data-textasset\TextAsset\Cos_Maid04_Casual01_LD.atlas.dat
maid_costume,04,TextAsset,Cos_Maid04_Casual01_SD.skel,.dat,96760,reverse-output\assets\assetstudio-cli-data-textasset\TextAsset\Cos_Maid04_Casual01_SD.skel.dat
maid_costume,04,TextAsset,Cos_Maid04_Christmas01_LD.atlas,.dat,3768,reverse-output\assets\assetstudio-cli-data-textasset\TextAsset\Cos_Maid04_Christmas01_LD.atlas.dat
maid_costume,04,TextAsset,Cos_Maid04_Christmas01_LD.skel,.dat,718908,reverse-output\assets\assetstudio-cli-data-textasset\TextAsset\Cos_Maid04_Christmas01_LD.skel.dat
maid_costume,04,TextAsset,Cos_Maid04_Christmas01_SD.atlas,.dat,2128,reverse-output\assets\assetstudio-cli-data-textasset\TextAsset\Cos_Maid04_Christmas01_SD.atlas.dat
maid_costume,04,TextAsset,Cos_Maid04_Christmas01_SD.skel,.dat,136268,reverse-output\assets\assetstudio-cli-data-textasset\TextAsset\Cos_Maid04_Christmas01_SD.skel.dat
maid_costume,04,TextAsset,Cos_Maid04_SchoolUniform01_LD.atlas,.dat,5220,reverse-output\assets\assetstudio-cli-data-textasset\TextAsset\Cos_Maid04_SchoolUniform01_LD.atlas.dat
maid_costume,04,TextAsset,Cos_Maid04_SchoolUniform01_LD.skel,.dat,119036,reverse-output\assets\assetstudio-cli-data-textasset\TextAsset\Cos_Maid04_SchoolUniform01_LD.skel.dat
maid_costume,04,TextAsset,Cos_Maid04_SchoolUniform01_SD.atlas,.dat,1792,reverse-output\assets\assetstudio-cli-data-textasset\TextAsset\Cos_Maid04_SchoolUniform01_SD.atlas.dat
maid_costume,04,TextAsset,Cos_Maid04_SchoolUniform01_SD.skel,.dat,75716,reverse-output\assets\assetstudio-cli-data-textasset\TextAsset\Cos_Maid04_SchoolUniform01_SD.skel.dat
maid_costume,04,TextAsset,Cos_Maid04_Summer01_LD.atlas,.dat,4124,reverse-output\assets\assetstudio-cli-data-textasset\TextAsset\Cos_Maid04_Summer01_LD.atlas.dat
maid_costume,04,TextAsset,Cos_Maid04_Summer01_LD.skel,.dat,202652,reverse-output\assets\assetstudio-cli-data-textasset\TextAsset\Cos_Maid04_Summer01_LD.skel.dat
maid_costume,04,TextAsset,Cos_Maid04_Summer01_SD.atlas,.dat,1808,reverse-output\assets\assetstudio-cli-data-textasset\TextAsset\Cos_Maid04_Summer01_SD.atlas.dat
maid_costume,05,TextAsset,Cos_Maid05_Casual01_LD.atlas,.dat,3480,reverse-output\assets\assetstudio-cli-data-textasset\TextAsset\Cos_Maid05_Casual01_LD.atlas.dat
maid_costume,05,TextAsset,Cos_Maid05_Casual01_SD.atlas,.dat,1800,reverse-output\assets\assetstudio-cli-data-textasset\TextAsset\Cos_Maid05_Casual01_SD.atlas.dat
maid_costume,05,TextAsset,Cos_Maid05_Casual01_SD.skel,.dat,76836,reverse-output\assets\assetstudio-cli-data-textasset\TextAsset\Cos_Maid05_Casual01_SD.skel.dat
maid_costume,05,TextAsset,Cos_Maid05_Christmas01_LD.atlas,.dat,6296,reverse-output\assets\assetstudio-cli-data-textasset\TextAsset\Cos_Maid05_Christmas01_LD.atlas.dat
maid_costume,05,TextAsset,Cos_Maid05_Christmas01_LD.skel,.dat,284400,reverse-output\assets\assetstudio-cli-data-textasset\TextAsset\Cos_Maid05_Christmas01_LD.skel.dat
maid_costume,05,TextAsset,Cos_Maid05_Christmas01_SD.atlas,.dat,1800,reverse-output\assets\assetstudio-cli-data-textasset\TextAsset\Cos_Maid05_Christmas01_SD.atlas.dat
maid_costume,05,TextAsset,Cos_Maid05_Christmas01_SD.skel,.dat,93788,reverse-output\assets\assetstudio-cli-data-textasset\TextAsset\Cos_Maid05_Christmas01_SD.skel.dat
maid_costume,05,TextAsset,Cos_Maid05_Halloween01_LD.atlas,.dat,4924,reverse-output\assets\assetstudio-cli-data-textasset\TextAsset\Cos_Maid05_Halloween01_LD.atlas.dat
maid_costume,05,TextAsset,Cos_Maid05_Halloween01_SD.skel,.dat,126844,reverse-output\assets\assetstudio-cli-data-textasset\TextAsset\Cos_Maid05_Halloween01_SD.skel.dat
maid_costume,05,TextAsset,Cos_Maid05_Summer01_LD.atlas,.dat,4088,reverse-output\assets\assetstudio-cli-data-textasset\TextAsset\Cos_Maid05_Summer01_LD.atlas.dat
maid_costume,05,TextAsset,Cos_Maid05_Summer01_SD.atlas,.dat,1860,reverse-output\assets\assetstudio-cli-data-textasset\TextAsset\Cos_Maid05_Summer01_SD.atlas.dat
maid_costume,05,TextAsset,Cos_Maid05_Summer01_SD.skel,.dat,87936,reverse-output\assets\assetstudio-cli-data-textasset\TextAsset\Cos_Maid05_Summer01_SD.skel.dat
maid_costume,06,TextAsset,Cos_Maid06_Casual01_LD.atlas,.dat,5292,reverse-output\assets\assetstudio-cli-data-textasset\TextAsset\Cos_Maid06_Casual01_LD.atlas.dat
maid_costume,06,TextAsset,Cos_Maid06_Casual01_LD.skel,.dat,254220,reverse-output\assets\assetstudio-cli-data-textasset\TextAsset\Cos_Maid06_Casual01_LD.skel.dat
maid_costume,06,TextAsset,Cos_Maid06_Casual01_SD.atlas,.dat,2224,reverse-output\assets\assetstudio-cli-data-textasset\TextAsset\Cos_Maid06_Casual01_SD.atlas.dat
maid_costume,06,TextAsset,Cos_Maid06_Summer01_LD.atlas,.dat,4828,reverse-output\assets\assetstudio-cli-data-textasset\TextAsset\Cos_Maid06_Summer01_LD.atlas.dat
maid_costume,06,TextAsset,Cos_Maid06_Summer01_SD.atlas,.dat,1564,reverse-output\assets\assetstudio-cli-data-textasset\TextAsset\Cos_Maid06_Summer01_SD.atlas.dat
maid_costume,06,TextAsset,Cos_Maid06_Summer01_SD.skel,.dat,121040,reverse-output\assets\assetstudio-cli-data-textasset\TextAsset\Cos_Maid06_Summer01_SD.skel.dat
maid_costume,07,TextAsset,Cos_Maid07_Casual01_LD.atlas,.dat,4872,reverse-output\assets\assetstudio-cli-data-textasset\TextAsset\Cos_Maid07_Casual01_LD.atlas.dat
maid_costume,07,TextAsset,Cos_Maid07_Casual01_LD.skel,.dat,148432,reverse-output\assets\assetstudio-cli-data-textasset\TextAsset\Cos_Maid07_Casual01_LD.skel.dat
maid_costume,07,TextAsset,Cos_Maid07_Casual01_SD.atlas,.dat,1488,reverse-output\assets\assetstudio-cli-data-textasset\TextAsset\Cos_Maid07_Casual01_SD.atlas.dat
maid_costume,07,TextAsset,Cos_Maid07_SchoolUniform01_LD.atlas,.dat,5740,reverse-output\assets\assetstudio-cli-data-textasset\TextAsset\Cos_Maid07_SchoolUniform01_LD.atlas.dat
maid_costume,07,TextAsset,Cos_Maid07_SchoolUniform01_SD.atlas,.dat,2248,reverse-output\assets\assetstudio-cli-data-textasset\TextAsset\Cos_Maid07_SchoolUniform01_SD.atlas.dat
maid_costume,07,TextAsset,Cos_Maid07_SchoolUniform01_SD.skel,.dat,98132,reverse-output\assets\assetstudio-cli-data-textasset\TextAsset\Cos_Maid07_SchoolUniform01_SD.skel.dat
maid_costume,07,TextAsset,Cos_Maid07_Summer01_LD.atlas,.dat,5440,reverse-output\assets\assetstudio-cli-data-textasset\TextAsset\Cos_Maid07_Summer01_LD.atlas.dat
maid_costume,07,TextAsset,Cos_Maid07_Summer01_SD.atlas,.dat,2564,reverse-output\assets\assetstudio-cli-data-textasset\TextAsset\Cos_Maid07_Summer01_SD.atlas.dat
maid_costume,07,TextAsset,Cos_Maid07_Summer01_SD.skel,.dat,111116,reverse-output\assets\assetstudio-cli-data-textasset\TextAsset\Cos_Maid07_Summer01_SD.skel.dat
character_ui,,TextAsset,Customer07_SD.atlas,.dat,1368,reverse-output\assets\assetstudio-cli-data-textasset\TextAsset\Customer07_SD.atlas.dat
character_ui,,TextAsset,Customer07_SD.skel,.dat,48248,reverse-output\assets\assetstudio-cli-data-textasset\TextAsset\Customer07_SD.skel.dat
character_ui,,TextAsset,Customer08_SD.atlas,.dat,1220,reverse-output\assets\assetstudio-cli-data-textasset\TextAsset\Customer08_SD.atlas.dat
character_ui,,TextAsset,Customer08_SD.skel,.dat,100828,reverse-output\assets\assetstudio-cli-data-textasset\TextAsset\Customer08_SD.skel.dat
character_ui,,TextAsset,Customer10_SD.atlas,.dat,644,reverse-output\assets\assetstudio-cli-data-textasset\TextAsset\Customer10_SD.atlas.dat
character_ui,,TextAsset,Customer10_SD.skel,.dat,43744,reverse-output\assets\assetstudio-cli-data-textasset\TextAsset\Customer10_SD.skel.dat
character_ui,,TextAsset,Customer11_SD_Store.atlas,.dat,1096,reverse-output\assets\assetstudio-cli-data-textasset\TextAsset\Customer11_SD_Store.atlas.dat
character_ui,,TextAsset,LineBreaking Following Characters,.dat,316,reverse-output\assets\assetstudio-cli-data-textasset\TextAsset\LineBreaking Following Characters.dat
character_ui,,TextAsset,LineBreaking Leading Characters,.dat,136,reverse-output\assets\assetstudio-cli-data-textasset\TextAsset\LineBreaking Leading Characters.dat
character_ui,,TextAsset,Maid01_LD_ad.atlas,.dat,3164,reverse-output\assets\assetstudio-cli-data-textasset\TextAsset\Maid01_LD_ad.atlas.dat
character_ui,,TextAsset,Maid01_LD_ad,.dat,696896,reverse-output\assets\assetstudio-cli-data-textasset\TextAsset\Maid01_LD_ad.dat
character_ui,,TextAsset,Maid01_LD_Idle.atlas,.dat,2972,reverse-output\assets\assetstudio-cli-data-textasset\TextAsset\Maid01_LD_Idle.atlas.dat
character_ui,,TextAsset,Maid02_LD_Idle.atlas,.dat,2248,reverse-output\assets\assetstudio-cli-data-textasset\TextAsset\Maid02_LD_Idle.atlas.dat
character_ui,,TextAsset,Maid04_LD.atlas,.dat,3404,reverse-output\assets\assetstudio-cli-data-textasset\TextAsset\Maid04_LD.atlas.dat
character_ui,,TextAsset,MaidCafe_Logo_Eg.atlas,.dat,264,reverse-output\assets\assetstudio-cli-data-textasset\TextAsset\MaidCafe_Logo_Eg.atlas.dat
character_ui,,TextAsset,MaidCafe_Logo_Eg.skel,.dat,8704,reverse-output\assets\assetstudio-cli-data-textasset\TextAsset\MaidCafe_Logo_Eg.skel.dat
character_ui,,TextAsset,MaidCafe_Logo_Jp.atlas,.dat,276,reverse-output\assets\assetstudio-cli-data-textasset\TextAsset\MaidCafe_Logo_Jp.atlas.dat
character_ui,,TextAsset,MaidCafe_Logo_Jp.skel,.dat,7856,reverse-output\assets\assetstudio-cli-data-textasset\TextAsset\MaidCafe_Logo_Jp.skel.dat
character_ui,,TextAsset,MaidSkill_Effect_SD.atlas,.dat,408,reverse-output\assets\assetstudio-cli-data-textasset\TextAsset\MaidSkill_Effect_SD.atlas.dat
character_ui,,TextAsset,MaidSkill_Effect_SD.skel,.dat,4672,reverse-output\assets\assetstudio-cli-data-textasset\TextAsset\MaidSkill_Effect_SD.skel.dat
character_ui,,TextAsset,Maid_1001_LD_Child.atlas,.dat,1316,reverse-output\assets\assetstudio-cli-data-textasset\TextAsset\Maid_1001_LD_Child.atlas.dat
character_ui,,TextAsset,MergeMaid LOGO_Ch.atlas,.dat,276,reverse-output\assets\assetstudio-cli-data-textasset\TextAsset\MergeMaid LOGO_Ch.atlas.dat
character_ui,,TextAsset,MergeMaid LOGO_Ch.skel,.dat,8192,reverse-output\assets\assetstudio-cli-data-textasset\TextAsset\MergeMaid LOGO_Ch.skel.dat
character_ui,,TextAsset,MergeMaid LOGO_Ch2.atlas,.dat,276,reverse-output\assets\assetstudio-cli-data-textasset\TextAsset\MergeMaid LOGO_Ch2.atlas.dat
character_ui,,TextAsset,MergeMaid LOGO_Ch2.skel,.dat,8192,reverse-output\assets\assetstudio-cli-data-textasset\TextAsset\MergeMaid LOGO_Ch2.skel.dat
character_ui,,TextAsset,MugeMaidcafe Logo.atlas,.dat,268,reverse-output\assets\assetstudio-cli-data-textasset\TextAsset\MugeMaidcafe Logo.atlas.dat
character_ui,,TextAsset,MugeMaidcafe Logo.skel,.dat,21788,reverse-output\assets\assetstudio-cli-data-textasset\TextAsset\MugeMaidcafe Logo.skel.dat
character_ui,,TextAsset,NPC_100104_LD.atlas,.dat,3048,reverse-output\assets\assetstudio-cli-data-textasset\TextAsset\NPC_100104_LD.atlas.dat
character_ui,,TextAsset,NPC_100105_LD_Spine.atlas,.dat,2600,reverse-output\assets\assetstudio-cli-data-textasset\TextAsset\NPC_100105_LD_Spine.atlas.dat
character_ui,,TextAsset,NPC_100106_LD.atlas,.dat,544,reverse-output\assets\assetstudio-cli-data-textasset\TextAsset\NPC_100106_LD.atlas.dat
character_ui,,TextAsset,NPC_100106_LD.skel,.dat,33248,reverse-output\assets\assetstudio-cli-data-textasset\TextAsset\NPC_100106_LD.skel.dat
character_ui,,TextAsset,NPC_100107_LD.atlas,.dat,2884,reverse-output\assets\assetstudio-cli-data-textasset\TextAsset\NPC_100107_LD.atlas.dat
