asset_key,path,kind,has_atlas,has_skel,width,height,region_count,sample_regions
Ch_Customer01_SD,res://assets/characters/customer/Ch_Customer01_SD.png,spine_atlas_page_no_skel,True,False,318,490,34,Idle eye L|Idle eye R|Idle eye white L|Idle eye white R|Idle eyebrow L|Idle eyebrow R|Idle eyelash L|Idle eyelash R|Idle mouth|Smile eyebrow L|Smile eyebrow R|Smile eyelash L
Ch_Customer02_SD,res://assets/characters/customer/Ch_Customer02_SD.png,spine_atlas_page_with_skel,True,True,296,497,29,Idle eye L|Idle eye R|Idle eye white L|Idle eye white R|Idle eyebrow L|Idle eyebrow R|Idle eyelash L|Idle eyelash R|Idle mouth|Smile eyebrow L|Smile eyebrow R|Smile eyelash L
Ch_Customer02_Summer2025Event_01_SD,res://assets/characters/customer/Ch_Customer02_Summer2025Event_01_SD.png,spine_atlas_page_with_skel,True,True,512,512,31,Idle eye L|Idle eye R|Idle eye white L|Idle eye white R|Idle eyebrow L|Idle eyebrow R|Idle eyelash L|Idle eyelash R|Idle mouth|Smile eyebrow L|Smile eyebrow R|Smile eyelash L
Ch_Customer02_Summer2025Event_SD,res://assets/characters/customer/Ch_Customer02_Summer2025Event_SD.png,static_png_only,False,False,230,390,0,
Ch_Customer03_SD,res://assets/characters/customer/Ch_Customer03_SD.png,spine_atlas_page_with_skel,True,True,378,488,36,Customer03_mouth|Idle_eyeblow_L|Idle_eyeblow_R|Idle_eyelashes_L 0|Idle_eyelashes_L 1|Idle_eyelashes_L 2|Idle_eyelashes_R 0|Idle_eyelashes_R 1|Idle_eyelashes_R 2|Idle_mouth|Idle_pupil_ L|Idle_pupil_ R
Ch_Customer04_SD,res://assets/characters/customer/Ch_Customer04_SD.png,spine_atlas_page_no_skel,True,False,351,490,29,Customer04_mouth|Idle_ mouth|Idle_eyeblow L|Idle_eyeblow R|Idle_eyelashe L|Idle_eyelashe R|Idle_pupil L|Idle_pupil R|Idle_sclera L|Idle_sclera R|Smile_eyeblow L|Smile_eyeblow R
Ch_Customer04_Summer2025Event_01_SD,res://assets/characters/customer/Ch_Customer04_Summer2025Event_01_SD.png,spine_atlas_page_no_skel,True,False,512,512,28,Idle_ mouth|Idle_eyeblow L|Idle_eyeblow R|Idle_eyelashe L|Idle_eyelashe R|Idle_pupil L|Idle_pupil R|Idle_sclera L|Idle_sclera R|Smile_eyeblow L|Smile_eyeblow R|Smile_eyelashes  L
Ch_Customer04_Summer2025Event_SD,res://assets/characters/customer/Ch_Customer04_Summer2025Event_SD.png,static_png_only,False,False,348,506,0,
Ch_Customer05_SD,res://assets/characters/customer/Ch_Customer05_SD.png,spine_atlas_page_with_skel,True,True,309,498,32,Arm L|Arm R1|Arm R2|Body|Cloth L1|Cloth R3|Hair Mid|Hair back|Hair front|Hair front side L1|Hair front side R1|Hair side L1
Ch_Customer06_SD,res://assets/characters/customer/Ch_Customer06_SD.png,spine_atlas_page_no_skel,True,False,364,494,44,Arm L1|Arm L2|Arm R|Body|Cloth L1|Cloth L2|Cloth L4|Cloth R1|Hair back|Hair big L|Hair big R|Hair front
Ch_Customer07_SD,res://assets/characters/customer/Ch_Customer07_SD.png,static_png_only,False,False,325,512,0,
Ch_Customer07_Summer2025Event_01_SD,res://assets/characters/customer/Ch_Customer07_Summer2025Event_01_SD.png,spine_atlas_page_with_skel,True,True,512,512,31,B_S_hair|B_hair|B_hair_2|Body_1|Body_2|C_eye_L|Eyeblow_H|F_M_hair|F_S_hair|Face|Leg_L|Leg_R
Ch_Customer07_Summer2025Event_SD,res://assets/characters/customer/Ch_Customer07_Summer2025Event_SD.png,static_png_only,False,False,325,512,0,
Ch_Customer08_SD,res://assets/characters/customer/Ch_Customer08_SD.png,static_png_only,False,False,346,500,0,
Ch_Customer08_Summer2025Event_01_SD,res://assets/characters/customer/Ch_Customer08_Summer2025Event_01_SD.png,spine_atlas_page_with_skel,True,True,512,512,33,Arm_L|Arm_L2|Arm_R|Body|Eye_L|Eye_R|Eye_back_L|Eye_back_R|Eye_pupil_L|Eye_pupil_R|Eyebrow_L|Eyebrow_R
Ch_Customer08_Summer2025Event_SD,res://assets/characters/customer/Ch_Customer08_Summer2025Event_SD.png,static_png_only,False,False,354,512,0,
Ch_Customer09_SD,res://assets/characters/customer/Ch_Customer09_SD.png,spine_atlas_page_with_skel,True,True,319,498,30,Arm_L|Arm_R1|Arm_R2|Back_hair|Body|Effect|Eyebrow L|Eyebrow R|Eyelashes L|Eyelashes R|Face_shadow|Front_hair_2
Ch_Customer10_SD,res://assets/characters/customer/Ch_Customer10_SD.png,static_png_only,False,False,396,462,0,
Ch_Customer11_SD,res://assets/characters/customer/Ch_Customer11_SD.png,static_png_only,False,False,333,494,0,
Ch_Customer11_SD_Summer,res://assets/characters/customer/Ch_Customer11_SD_Summer.png,static_png_only,False,False,333,494,0,
Ch_Customer11_Summer2025Event_01_SD,res://assets/characters/customer/Ch_Customer11_Summer2025Event_01_SD.png,spine_atlas_page_with_skel,True,True,512,512,28,Arm_L|Arm_R1|Arm_R2|Back_hair|Body|Ear_R|Effect|Eye_L|Eye_R|Eyeback_L|Eyeback_R|Eyebrow_L
Ch_Customer12_SD,res://assets/characters/customer/Ch_Customer12_SD.png,spine_atlas_page_no_skel,True,False,318,498,29,Idle eye L|Idle eye R|Idle eye white L|Idle eye white R|Idle eyelash L|Idle eyelash R|Idle mouth|arm L|arm R|back hair|earing back|earing front
Ch_Customer13_SD,res://assets/characters/customer/Ch_Customer13_SD.png,spine_atlas_page_with_skel,True,True,371,497,40,Face_shadow|Idle eye L|Idle eye R|Idle eye white L|Idle eye white R|Idle eyebrow L|Idle eyebrow R|Idle eyelash L|Idle eyelash L_sub|Idle eyelash R|Idle eyelash R_sub|Idle mouth
Ch_Customer13_Summer2025Event_01_SD,res://assets/characters/customer/Ch_Customer13_Summer2025Event_01_SD.png,spine_atlas_page_with_skel,True,True,512,512,37,Arm_L|Arm_R|Ch_Customer13_SD_Festival|Face_shadow|Hairpin|Ice_L|Ice_R|Idle eye L|Idle eye R|Idle eye white L|Idle eye white R|Idle eyebrow L
Ch_Customer13_Summer2025Event_SD,res://assets/characters/customer/Ch_Customer13_Summer2025Event_SD.png,static_png_only,False,False,377,509,0,
Ch_Customer14_SD,res://assets/characters/customer/Ch_Customer14_SD.png,spine_atlas_page_with_skel,True,True,400,485,37,arm L|arm R|bell|cat eye whie L|cat eye whie R|coin|ear L|ear R|emote|eye open_L|eye_open_R|flower
Ch_Customer15_SD,res://assets/characters/customer/Ch_Customer15_SD.png,spine_atlas_page_with_skel,True,True,368,494,36,Idle eye white L|Idle eye white R|Idle eyelash L|Idle eyelash R|arm_L|arm_L2|arm_R|arm_R2|eyeholeL|eyeholeR|finger|flower
Ch_Maid01_Basic01_SD,res://assets/characters/maid_base/Ch_Maid01_Basic01_SD.png,spine_atlas_page_with_skel,True,True,301,459,40,Idle eye white L|Idle eye white R|Smile|arm L|arm R|arm_L_ribbon_b|arm_R_ribbon_b|body|eye L|eye R|eyeblow L|eyeblow R
Ch_Maid01_Basic01_SD_UI,res://assets/characters/maid_base/Ch_Maid01_Basic01_SD_UI.png,spine_atlas_page_no_skel,True,False,512,512,40,Idle eye white L|Idle eye white R|Smile|arm L|arm R|arm_L_ribbon_b|arm_R_ribbon_b|body|eye L|eye R|eyeblow L|eyeblow R
Ch_Maid02_Basic01_SD,res://assets/characters/maid_base/Ch_Maid02_Basic01_SD.png,spine_atlas_page_with_skel,True,True,325,456,39,Idle eyelashes L1|Idle eyelashes L2|Idle eyelashes R1|Idle eyelashes R2|Idle mouth|Idle pupil L|Idle pupil R|Idle sclera L|Idle sclera R|arm_L1|arm_L2|arm_acc L1
Ch_Maid03_Basic01_LD,res://assets/characters/maid_base/Ch_Maid03_Basic01_LD.png,spine_atlas_page_no_skel,True,False,2048,2048,58,Embarrassing|Halo|Sigh|Signature|angry_eyelid_R|arm L 1|arm R 1|arm R 2|arm_R|basic _eyelid_L|basic_eyebrow_L|basic_eyebrow_R
Ch_Maid03_Basic01_SD,res://assets/characters/maid_base/Ch_Maid03_Basic01_SD.png,spine_atlas_page_with_skel,True,True,267,484,35,Arm L|Arm R1|Arm R2|Body|Face|Hair back|Hair band|Hair front 1|Hair front 2|Hair ribbon|Hair ribbon cotton|Hair side L
Ch_Maid04_Basic01_SD,res://assets/characters/maid_base/Ch_Maid04_Basic01_SD.png,spine_atlas_page_with_skel,True,True,272,450,39,Arm L1|Arm L2|Arm R1|Arm R2|Face|Frill L|Frill R|Hair back|Hair band|Hair big L|Hair big R|Hair front
Ch_Maid05_Basic01_LD,res://assets/characters/maid_base/Ch_Maid05_Basic01_LD.png,spine_atlas_page_no_skel,True,False,2048,2048,74,Angry|Angry_sub|Embarrassing|F_hair|F_hair_sub|F_skirt|Face_Embarrassing|Face_blush_O|Face_blush_X|L_forarm|L_horn|L_leg_Down
Ch_Maid05_Basic01_SD,res://assets/characters/maid_base/Ch_Maid05_Basic01_SD.png,spine_atlas_page_no_skel,True,False,298,455,37,Arm L1|Arm R1|Arm R2|Arm_L_1|Chain|Frill R|Hair Front L|Hair Front R|Hair back|Hair band|Hair side L|Hair side R
Ch_Maid06_Basic01_LD,res://assets/characters/maid_base/Ch_Maid06_Basic01_LD.png,spine_atlas_page_no_skel,True,False,2048,2048,126,Happy_eb_L|Happy_eb_R|Happy_eye_R|Happy_eye_RL|ahoge|angry_eb_L|angry_eb_R|angry_eye_L|angry_eye_R|angry_mouth|angry_surprise head|april
Ch_Maid06_Basic01_LD2,res://assets/characters/maid_base/Ch_Maid06_Basic01_LD2.png,spine_atlas_page_with_skel,True,True,1024,1024,26,Acc/Katyusha|Acc/Summer_HairPin|Acc/Summer_Hairband|Acc/hair_pin|Body/Ahoge|Body/AngryFace|Body/BackLeg_L|Body/BackLeg_R|Body/Body|Body/Ear_L|Body/Ear_R|Body/FrontFur
Ch_Maid06_Basic01_LD2_2,res://assets/characters/maid_base/Ch_Maid06_Basic01_LD2_2.png,static_png_only,False,False,1024,1024,0,
Ch_Maid06_Basic01_SD,res://assets/characters/maid_base/Ch_Maid06_Basic01_SD.png,spine_atlas_page_with_skel,True,True,512,512,61,Dog/Cloud_Smoke_01|Dog/D_Ahoge|Dog/D_Body|Dog/D_Ear_L|Dog/D_Ear_R|Dog/D_Hair_F|Dog/D_Idle_Mouth|Dog/D_Katyusha|Dog/D_Leg_B_L|Dog/D_Leg_B_R|Dog/D_Leg_F_L|Dog/D_Leg_F_R
Ch_Maid06_Basic01_SD_2,res://assets/characters/maid_base/Ch_Maid06_Basic01_SD_2.png,static_png_only,False,False,512,512,0,
Ch_Maid07_Basic01_SD,res://assets/characters/maid_base/Ch_Maid07_Basic01_SD.png,spine_atlas_page_no_skel,True,False,512,512,39,Arm_L|Arm_R|Body|Chest|EF_1|EF_2|EF_3|EF_4|EF_5|EF_6|Ear|Eye_L
AIChatIcon_AmusementPark,res://assets/characters/maid_chat/AIChatIcon_AmusementPark.png,static_png_only,False,False,256,256,0,
AIChatIcon_BookCafe,res://assets/characters/maid_chat/AIChatIcon_BookCafe.png,static_png_only,False,False,256,256,0,
AIChatIcon_Dormitory,res://assets/characters/maid_chat/AIChatIcon_Dormitory.png,static_png_only,False,False,256,256,0,
AIChatIcon_ReadingRoom,res://assets/characters/maid_chat/AIChatIcon_ReadingRoom.png,static_png_only,False,False,256,256,0,
AIChatIcon_Shopping,res://assets/characters/maid_chat/AIChatIcon_Shopping.png,static_png_only,False,False,256,256,0,
Appicon_MaidChatBot,res://assets/characters/maid_chat/Appicon_MaidChatBot.png,static_png_only,False,False,200,200,0,
BG_MaidChatPackage,res://assets/characters/maid_chat/BG_MaidChatPackage.png,static_png_only,False,False,736,1024,0,
ChatFrmae_03_White3,res://assets/characters/maid_chat/ChatFrmae_03_White3.png,static_png_only,False,False,32,38,0,
MaiChatPopUp_AikoFirst,res://assets/characters/maid_chat/MaiChatPopUp_AikoFirst.png,static_png_only,False,False,1024,1024,0,
ProfileImg_QuestionMaiChat,res://assets/characters/maid_chat/ProfileImg_QuestionMaiChat.png,static_png_only,False,False,512,512,0,
Cos_Maid01_Band01_LD,res://assets/characters/maid_costume/Cos_Maid01_Band01_LD.png,spine_atlas_page_no_skel,True,False,2048,2048,143,1|2|3|4|5|6|Head_Idle|arm_L_1|arm_L_2|arm_L_inner|arm_R_2|arm_R_3
Cos_Maid01_Band01_SD,res://assets/characters/maid_costume/Cos_Maid01_Band01_SD.png,spine_atlas_page_with_skel,True,True,512,512,43,Arm_L|Arm_R|Beads_1|Beads_2|Beret|Beret_Acc|Beret_Ribbon_1|Beret_Ribbon_2|Body_Upper|Body_lower|Check_Shirts|Check_Shirts2
Cos_Maid01_Casual01_LD,res://assets/characters/maid_costume/Cos_Maid01_Casual01_LD.png,spine_atlas_page_no_skel,True,False,2048,2048,60,Back hair top|Back hair under|Effect|L Leg|L arm|L arm under|L face side hair|L front hair|L headphone|R Leg|R arm|R arm skin
Cos_Maid01_Casual01_SD,res://assets/characters/maid_costume/Cos_Maid01_Casual01_SD.png,spine_atlas_page_with_skel,True,True,512,512,43,Arm_L|Arm_L_Acc|Arm_R_1|Arm_R_2|Bag|Bag_Acc|Body|Ear|Effect|HairPin|Hair_Back_1|Hair_Back_2
Cos_Maid01_Casual_SD,res://assets/characters/maid_costume/Cos_Maid01_Casual_SD.png,static_png_only,False,False,299,462,0,
Cos_Maid01_Christmas01_LD,res://assets/characters/maid_costume/Cos_Maid01_Christmas01_LD.png,spine_atlas_page_no_skel,True,False,2048,2048,94,Arm|Arm bell 1|Arm bell 2|Arm bell 3|Arm bell ribbon top|Arm bell ribbon under|Arm_L|Arm_L 1|Arm_L 2|Arm_R|Belt|HairRibbon_L top
Cos_Maid01_Christmas01_SD,res://assets/characters/maid_costume/Cos_Maid01_Christmas01_SD.png,spine_atlas_page_with_skel,True,True,346,462,35,Arm_L|Arm_R|Cape L|Cape R|Cape_B|Collar|Collar_Bell|HairRibbon_L|HairRibbon_R|Hairtail_L|Hairtail_R|Hand L
Cos_Maid01_Summer01_LD,res://assets/characters/maid_costume/Cos_Maid01_Summer01_LD.png,spine_atlas_page_with_skel,True,True,2048,2048,91,Arm_Down_L|Arm_R|Arm_Up_L|Body|Ear_L|Ear_R|EyeLine_Angry|Eye_Happy|Eye_Highlight_L|Eye_Highlight_R|Eye_L|Eye_R
Cos_Maid01_Summer01_SD,res://assets/characters/maid_costume/Cos_Maid01_Summer01_SD.png,spine_atlas_page_no_skel,True,False,512,512,41,Idle eye white L|Idle eye white R|L_Hand|R_arm1|R_arm2|Smile|arm L1|arm L2|body|body_ribbon|body_ribbon2|eye L
Cos_Maid02_Casual01_LD,res://assets/characters/maid_costume/Cos_Maid02_Casual01_LD.png,spine_atlas_page_with_skel,True,True,2048,2048,65,L arm|L arm skin|L ear|L ear ring|L face side hair|L leg|L side hair|L side hair ribbon L|L side hair ribbon R|L side long hair|Layer 3|R arm
Cos_Maid02_Casual01_SD,res://assets/characters/maid_costume/Cos_Maid02_Casual01_SD.png,spine_atlas_page_with_skel,True,True,512,512,45,Arm L|Arm R1|Arm R2|Body|Dark L|Dark R|Dot|Ear L|Ear R|Ear ring|Eyeblow L|Eyeblow R
Cos_Maid02_Christmas01_LD,res://assets/characters/maid_costume/Cos_Maid02_Christmas01_LD.png,spine_atlas_page_no_skel,True,False,2048,2048,55,Arm_L|Arm_R top|Arm_R under|Clothes|Ear_L|Earing_L|Earing_R|HairRibbon|HairSide_L|HairSide_R|HairSide_RB|Hair_F
Cos_Maid02_Christmas01_SD,res://assets/characters/maid_costume/Cos_Maid02_Christmas01_SD.png,spine_atlas_page_no_skel,True,False,512,512,39,Acc|Acc_B|Arm_L|Arm_R1|Arm_R2|Body|Clothes|Dot|Earing_L|Earing_R|Eyelashes L|Eyelashes R
Cos_Maid02_Christmas_SD,res://assets/characters/maid_costume/Cos_Maid02_Christmas_SD.png,static_png_only,False,False,280,482,0,
Cos_Maid02_Halloween01_LD,res://assets/characters/maid_costume/Cos_Maid02_Halloween01_LD.png,static_png_only,False,False,2048,2048,0,
Cos_Maid02_Halloween01_SD,res://assets/characters/maid_costume/Cos_Maid02_Halloween01_SD.png,spine_atlas_page_with_skel,True,True,512,512,40,Idle eyelashes L1|Idle eyelashes L2|Idle eyelashes R1|Idle eyelashes R2|Idle mouth|Idle pupil L|Idle pupil R|Idle sclera L|Idle sclera R|arm_L_1|arm_L_2|arm_R_1
Cos_Maid02_Summer01_LD,res://assets/characters/maid_costume/Cos_Maid02_Summer01_LD.png,static_png_only,False,True,2048,2048,0,
Cos_Maid02_Summer01_SD,res://assets/characters/maid_costume/Cos_Maid02_Summer01_SD.png,spine_atlas_page_with_skel,True,True,512,512,46,Idle eyelashes L1|Idle eyelashes L2|Idle eyelashes L3|Idle eyelashes R1|Idle eyelashes R2|Idle eyelashes R3|Idle mouth|Idle pupil L|Idle pupil R|Idle sclera L|Idle sclera R|arm_Acc_B
Cos_Maid03_Casual01_SD,res://assets/characters/maid_costume/Cos_Maid03_Casual01_SD.png,spine_atlas_page_with_skel,True,True,294,487,28,Arm L1|Arm R1|Bag|Bag 1|Bag2|Body|Eyeblow_R|Eyebrow L|Eyelashes L|Eyelashes R|Hair Front|Hair Side R2
Cos_Maid03_Casual_LD,res://assets/characters/maid_costume/Cos_Maid03_Casual_LD.png,spine_atlas_page_with_skel,True,True,2048,2048,53,Angry|Arm_L|Arm_R1|Arm_R2|Arm_R3|Arm_R3 back|BadMood|Bag|BagStrap_2|Bra|Collar|Collar_B
Cos_Maid03_Christmas01_LD,res://assets/characters/maid_costume/Cos_Maid03_Christmas01_LD.png,spine_atlas_page_with_skel,True,True,2048,2048,92,Embar EF M|Happy|Sad|Sigh|angry eyes b|angry mouth|back hair 1|back hair 10|back hair 2|back hair 3|back hair 4|back hair 5
Cos_Maid03_Christmas01_SD,res://assets/characters/maid_costume/Cos_Maid03_Christmas01_SD.png,spine_atlas_page_with_skel,True,True,512,512,45,Acc green1|Acc red|Acc1|Arm L1|Arm L2|Arm R1_2|Arm R2|Belt1|Belt2|Body|Chest|Eyelashes L
Cos_Maid03_Christmas_SD,res://assets/characters/maid_costume/Cos_Maid03_Christmas_SD.png,static_png_only,False,False,290,488,0,
Cos_Maid03_Halloween01_LD,res://assets/characters/maid_costume/Cos_Maid03_Halloween01_LD.png,spine_atlas_page_with_skel,True,True,2048,2048,126,Halo|amulet|angry face|arm fur_L|arm fur_R|arm_L_1|arm_L_2|arm_L_3|arm_L_4|arm_L_5|arm_R_1|arm_R_2
Cos_Maid03_Halloween01_SD,res://assets/characters/maid_costume/Cos_Maid03_Halloween01_SD.png,spine_atlas_page_no_skel,True,False,512,512,46,Arm_L_Kongkong|Arm_R_kongkong|Breasts_L|Breasts_R|Ear|Eyebrow_Color_R|Eyebrow_L|Eyelash_L|Hand_L_Kongkong|Idle eye white L|Idle eye white R|Leg_L
Cos_Maid03_SchoolUniform01_LD,res://assets/characters/maid_costume/Cos_Maid03_SchoolUniform01_LD.png,spine_atlas_page_with_skel,True,True,2048,2048,136,Arm_L_Down|Arm_L_Down2_New|Arm_L_Down_New|Arm_L_Up|Arm_R_Down|Arm_R_Down_Back|Arm_R_Up|Bag|Bag_Heart|Bag_Heart_Ring|Bag_Mate|Bag_Mate_Ring
Cos_Maid03_SchoolUniform01_SD,res://assets/characters/maid_costume/Cos_Maid03_SchoolUniform01_SD.png,spine_atlas_page_with_skel,True,True,512,512,58,Arm_L_Down|Arm_L_Up|Arm_R_Down|Arm_R_Up|Backhair|Bag|Bag_Handle|Bag_Heart|Bag_Mate|Bag_Mate_back|Bag_Omamori|Bag_Omamori_Rope
Cos_Maid03_Summer01_LD,res://assets/characters/maid_costume/Cos_Maid03_Summer01_LD.png,spine_atlas_page_no_skel,True,False,2048,2048,125,Arm_L_1|Arm_L_2|Arm_L_Ring_1|Arm_L_Ring_2|Arm_R_2|Arm_R_Ring_1_1|Arm_R_Ring_1_2|Arm_R_Ring_2_1|Arm_R_Ring_2_2|Arn_R_1|Body|Breast_L
Cos_Maid03_Summer01_SD,res://assets/characters/maid_costume/Cos_Maid03_Summer01_SD.png,spine_atlas_page_no_skel,True,False,512,512,57,Arm_L_1|Arm_L_2|Arm_L_Ring_1|Arm_L_Ring_2|Arm_R_1|Arm_R_1_ring|Arm_R_1_ring_Back|Arm_R_2|Bikini_String_R|Body_Lower|Body_Upper|Breast_Ribbon_1
Cos_Maid04_Band01_LD,res://assets/characters/maid_costume/Cos_Maid04_Band01_LD.png,spine_atlas_page_no_skel,True,False,2048,2048,100,Arm_L|Arm_R|Bandana|Bandana_Ribbon_1|Bandana_Ribbon_2|Bass|Belt_1|Belt_1_2|Belt_2|Chair|Crash|DrumStick
Cos_Maid04_Band01_SD,res://assets/characters/maid_costume/Cos_Maid04_Band01_SD.png,spine_atlas_page_no_skel,True,False,512,512,52,Arm_L_1|Arm_L_2|Arm_L_3|Arm_R_1|Arm_R_2|Arm_R_2_1|Bandana|Bandana_Ribbon_1|Bandana_Ribbon_2|Belt_1|Belt_2|Belt_3
Cos_Maid04_Casual01_LD,res://assets/characters/maid_costume/Cos_Maid04_Casual01_LD.png,spine_atlas_page_no_skel,True,False,2048,2048,56,L Leg|L arm|L arm top|L arm under|L back hair|L hair ribbon|L hand|L ribbon|L sh belt|L side hair|L wing|R Leg
Cos_Maid04_Casual01_SD,res://assets/characters/maid_costume/Cos_Maid04_Casual01_SD.png,static_png_only,False,True,512,512,0,
Cos_Maid04_Christmas01_LD,res://assets/characters/maid_costume/Cos_Maid04_Christmas01_LD.png,spine_atlas_page_with_skel,True,True,2048,2048,71,Bell1|Bell2|Bell3|Sigh|Surprise|Tsunderer_Eyebrows|angry left eyelids|angry mouth|angry right eyelids|angry_Eyebrows|angry_emote|chest ribbon 1
Cos_Maid04_Christmas01_SD,res://assets/characters/maid_costume/Cos_Maid04_Christmas01_SD.png,spine_atlas_page_with_skel,True,True,512,512,52,Arm 1 L|Arm 1 R|Bell1|Bell2|Bell3|Body|Effect|Eyeblow L|Eyeblow R|Eyelashes L|Eyelashes R|Face
Cos_Maid04_Christmas_SD,res://assets/characters/maid_costume/Cos_Maid04_Christmas_SD.png,static_png_only,False,False,274,470,0,
Cos_Maid04_SchoolUniform01_LD,res://assets/characters/maid_costume/Cos_Maid04_SchoolUniform01_LD.png,spine_atlas_page_with_skel,True,True,2048,2048,114,Angry_Eye|Angry_Tsundere_Mouth|Arm_L|Arm_R|Bag_1|Bag_Strap_1|Blush_Base|Blush_Line|Blush_Strong|Book|Book_Postit_1|Book_Postit_2
Cos_Maid04_SchoolUniform01_SD,res://assets/characters/maid_costume/Cos_Maid04_SchoolUniform01_SD.png,spine_atlas_page_with_skel,True,True,512,512,47,Bag|Bag_Acc_1|Bag_Acc_2|Bag_Acc_3|Bag_Strap|Book|Cardigan|Ear|Eyebrow_L|Eyebrow_R|Hair_Acc|Hair_Back_1
Cos_Maid04_Summer01_LD,res://assets/characters/maid_costume/Cos_Maid04_Summer01_LD.png,spine_atlas_page_with_skel,True,True,2048,2048,96,Arm_Bottom|Arm_Bottom_R|Arm_Top_L|Arm_Top_R|Body|Body_Top|Duck_Head|Duck_Head_Opacity|Duck_Tube|Duck_Tube_Back|Duck_Tube_Opacity|Ear_L
Cos_Maid04_Summer01_SD,res://assets/characters/maid_costume/Cos_Maid04_Summer01_SD.png,spine_atlas_page_no_skel,True,False,512,512,45,Arm_Bottom_L|Arm_Bottom_R|Arm_Top_L|Arm_Top_R|Back_Hair|Body|Duck_Head|Duck_Head_Light|Duck_Head_Opacity|Duck_Tube|Duck_Tube_Bottom|Duck_Tube_Opacity
Cos_Maid05_Casual01_LD,res://assets/characters/maid_costume/Cos_Maid05_Casual01_LD.png,spine_atlas_page_no_skel,True,False,2048,2048,75,Arm_L|Arm_R|Belly_Clothes|Belt_1|Body_Belly|Body_Lower|Body_Upper_1|Body_Upper_2|Choker_1|Choker_2|Dragon_tail|Ear
Cos_Maid05_Casual01_SD,res://assets/characters/maid_costume/Cos_Maid05_Casual01_SD.png,spine_atlas_page_with_skel,True,True,512,512,45,Guitar_Bag|Guitar_Bagline|Hair Front L|Hair Front R|Hair side L|Hair side R|Hair top|Hood_string_L|Hood_string_R|Horn L|Horn R|Idle eyelashes L
Cos_Maid05_Christmas01_LD,res://assets/characters/maid_costume/Cos_Maid05_Christmas01_LD.png,spine_atlas_page_with_skel,True,True,2048,2048,143,Angry_Mouth|Arm_L|Arm_L_2|Arm_L_Bell|Arm_L_Ribbon_1|Arm_L_Ribbon_2|Arm_R_1|Arm_R_2|Arm_R_3|Arm_R_Ribbon_1|Arm_R_Ribbon_2|Arm_R_Ribbon_3
Cos_Maid05_Christmas01_SD,res://assets/characters/maid_costume/Cos_Maid05_Christmas01_SD.png,spine_atlas_page_with_skel,True,True,512,512,46,Arm_L|Arm_R_1|Arm_R_2|Arm_R_ribbon|Belt|Eye_Highlight_L|Eye_Highlight_R|Hair Front R|Hair Front R2|Hair back_L|Hair side L|Hair top
Cos_Maid05_Halloween01_LD,res://assets/characters/maid_costume/Cos_Maid05_Halloween01_LD.png,spine_atlas_page_no_skel,True,False,2048,2048,104,Arm_L|Arm_R_1|Arm_R_1_2|Arm_R_2|Body_Torso|Breast_L|Breast_R|Chain_Acc_1|Chain_Acc_2|Chain_Acc_3|Chain_Acc_4|Chain_Acc_5
Cos_Maid05_Halloween01_SD,res://assets/characters/maid_costume/Cos_Maid05_Halloween01_SD.png,static_png_only,False,True,512,512,0,
Cos_Maid05_Summer01_LD,res://assets/characters/maid_costume/Cos_Maid05_Summer01_LD.png,spine_atlas_page_no_skel,True,False,2048,2048,95,Ahoge_1|Ahoge_2|Angry_face|Angry_mouse|Ankle_ring|Arm_L|Arm_L_1|Arm_R_1|Arm_R_2|Arm_raise_1|Arm_raise_2|Body
Cos_Maid05_Summer01_SD,res://assets/characters/maid_costume/Cos_Maid05_Summer01_SD.png,spine_atlas_page_with_skel,True,True,512,512,50,Ahoge|Arm_L_1|Arm_L_2|Arm_R|Body|Chin_star|EF_1|EF_2|EF_3|EF_4|EF_5|EF_6
Cos_Maid06_Casual01_LD,res://assets/characters/maid_costume/Cos_Maid06_Casual01_LD.png,spine_atlas_page_with_skel,True,True,2048,2048,125,Arm_Down L|Arm_Down R|Arm_Down_In L|Arm_Down_In R|Arm_Up L|Arm_Up R|Bag|BagLine_Back|BagLine_Up|Choker|Doll|DollChain
Cos_Maid06_Casual01_SD,res://assets/characters/maid_costume/Cos_Maid06_Casual01_SD.png,spine_atlas_page_no_skel,True,False,512,512,58,Arm_L_Back|Arm_L_Down|Arm_L_Up|Arm_R_Down|Arm_R_Down_In|Arm_R_Up|BackHair|Bag|BagLine_Down|Body|Choker|Darkcircle_L
Cos_Maid06_Summer01_LD,res://assets/characters/maid_costume/Cos_Maid06_Summer01_LD.png,spine_atlas_page_no_skel,True,False,2048,2048,104,Arm_L_Down|Arm_L_Down_2|Arm_L_Up|Arm_L_Up2|Arm_R_Under|Arm_R_Up|Ball|Ball_light|Chest|Finger_L_1|Finger_L_2.3|Finger_L_4
Cos_Maid06_Summer01_SD,res://assets/characters/maid_costume/Cos_Maid06_Summer01_SD.png,spine_atlas_page_with_skel,True,True,512,512,42,Ahoge|Arm_L_Down_Shadow|Arm_R_Down_Shadow|Arm_R_Up|BackHair|Ball_Light|Body|Collar|Darkcircle_L|Darkcircle_R|Ear_L|Ear_R
Cos_Maid07_Casual01_LD,res://assets/characters/maid_costume/Cos_Maid07_Casual01_LD.png,spine_atlas_page_with_skel,True,True,2048,2048,106,Arm_L_Down|Arm_L_Up|Arm_R_Down|Arm_R_Up|Bag|BagLine|BagLine2|BagLine_Back|Cardigan_L|Cardigan_L_Back|Cardigan_R|Cardigan_R_Bac_sholder
Cos_Maid07_Casual01_SD,res://assets/characters/maid_costume/Cos_Maid07_Casual01_SD.png,spine_atlas_page_no_skel,True,False,512,512,40,Arm_L|Arm_L 2|Arm_R|Arm_R 2|Bag|Bag_Handle|Bag_Handle_Back|Belt|Belt_Drop|Cardigan_L|Cardigan_R|Chest
Cos_Maid07_SchoolUniform01_LD,res://assets/characters/maid_costume/Cos_Maid07_SchoolUniform01_LD.png,spine_atlas_page_no_skel,True,False,2048,2048,131,Arm_Down_L|Arm_Down_L2|Arm_Down_R|Arm_L_Up_New|Arm_Up_R|Bag|Bag_GreeBear|Bag_GreeBear_Rope|Bag_GreeBear_Rope_Back|Bag_Mate|Bag_Mate_Rope|Bag_Mate_RopeBack
Cos_Maid07_SchoolUniform01_SD,res://assets/characters/maid_costume/Cos_Maid07_SchoolUniform01_SD.png,spine_atlas_page_with_skel,True,True,512,512,59,Arm_L Down|Arm_L Up_Cardigan|Arm_L Up_Shirts|Arm_R Down|Arm_R Up|Bag|Bag_GreenBear|Bag_GreenBear_Back|Bag_Mate|Bag_PinkPlush|Bag_PinkPlush_Back|Bag_Riborn
Cos_Maid07_Summer01_LD,res://assets/characters/maid_costume/Cos_Maid07_Summer01_LD.png,spine_atlas_page_no_skel,True,False,2048,2048,121,Arm_Down|Arm_L_Up|Arm_R_Down_New|Arm_R_Up|Arm_R_Up_New|Bag|Bag_Back|Bag_Back_Handle|Bag_Book|Bag_Flower|Bag_Jellyfish|Bag_Jellyfish_Leg1
Cos_Maid07_Summer01_SD,res://assets/characters/maid_costume/Cos_Maid07_Summer01_SD.png,spine_atlas_page_with_skel,True,True,512,512,69,Arm_L_Down|Arm_L_Up|Arm_R_Down|Arm_R_Up|Bag|Bag_Flpwer|Bag_Handle|Bag_Handle_Back|Bag_Riborn_L|Bag_Riborn_L_Down|Bag_Riborn_R|Bag_Riborn_R_Down
