id,bundleName,fileName,hashFileName,fileHash,fileCRC,fileSize,physicalPath,physicalSize,physicalExists,physicalSizeMatches,dependBundleIDs
122,assets_game_rawassets_prefabs_3d_hero_021q_attack.bundle,assets_game_rawassets_prefabs_3d_hero_021q_attack.bundle,afcd3e03f927234d5a3936558b967d6d.bundle,afcd3e03f927234d5a3936558b967d6d,c8ff7fc1,31209,resources\assets\yoo\Default\afcd3e03f927234d5a3936558b967d6d.bundle,31209,True,True,7|5015|6010|6146|6614|6616|6618|6625|6626|6627|6629|6630|6636|6637|6647|6648|6743|6748|6752|6786|6833|6840|6873
123,assets_game_rawassets_prefabs_3d_hero_021q_attack1_dandao.bundle,assets_game_rawassets_prefabs_3d_hero_021q_attack1_dandao.bundle,0838feda2593634c31b9c5822310182d.bundle,0838feda2593634c31b9c5822310182d,34f1ce5a,32029,resources\assets\yoo\Default\0838feda2593634c31b9c5822310182d.bundle,32029,True,True,7|5015|6010|6146|6616|6625|6626|6629|6630|6636|6637|6647|6648|6743|6748|6752|6786|6833|6840|6873
124,assets_game_rawassets_prefabs_3d_hero_021q_attack1_hit.bundle,assets_game_rawassets_prefabs_3d_hero_021q_attack1_hit.bundle,e4c383a0330240607f0419cd998c8d45.bundle,e4c383a0330240607f0419cd998c8d45,b9ca45d6,30992,resources\assets\yoo\Default\e4c383a0330240607f0419cd998c8d45.bundle,30992,True,True,7|5015|6010|6146|6616|6625|6626|6629|6630|6633|6634|6636|6637|6638|6639|6647|6648|6743|6748|6752|6786|6833|6840|6873
125,assets_game_rawassets_prefabs_3d_hero_021q_attack1_hit_afk.bundle,assets_game_rawassets_prefabs_3d_hero_021q_attack1_hit_afk.bundle,30b4fb6d48048e4264ad5647a7f3e60c.bundle,30b4fb6d48048e4264ad5647a7f3e60c,b6181d97,30920,resources\assets\yoo\Default\30b4fb6d48048e4264ad5647a7f3e60c.bundle,30920,True,True,7|5015|6010|6146|6616|6625|6626|6629|6630|6633|6634|6636|6637|6638|6639|6647|6648|6743|6748|6752|6786|6833|6840|6873
126,assets_game_rawassets_prefabs_3d_hero_021q_attack1_shifa.bundle,assets_game_rawassets_prefabs_3d_hero_021q_attack1_shifa.bundle,9f73735282763135c6a10da2f93b8f6e.bundle,9f73735282763135c6a10da2f93b8f6e,418dcb84,29660,resources\assets\yoo\Default\9f73735282763135c6a10da2f93b8f6e.bundle,29660,True,True,7|5015|6010|6146|6616|6625|6626|6629|6630|6633|6634|6636|6637|6638|6639|6647|6648|6743|6748|6752|6786|6833|6840|6873
127,assets_game_rawassets_prefabs_3d_hero_021q_skill_1.bundle,assets_game_rawassets_prefabs_3d_hero_021q_skill_1.bundle,1f3c7dda0b3020dd9cb025f4882b856e.bundle,1f3c7dda0b3020dd9cb025f4882b856e,3f3c6343,54854,resources\assets\yoo\Default\1f3c7dda0b3020dd9cb025f4882b856e.bundle,54854,True,True,7|5015|6010|6146|6614|6616|6618|6625|6626|6627|6629|6630|6636|6637|6647|6648|6743|6748|6752|6786|6833|6840|6873
128,assets_game_rawassets_prefabs_3d_hero_021q_skill_2.bundle,assets_game_rawassets_prefabs_3d_hero_021q_skill_2.bundle,6364c4a32665547c37644cab154a0055.bundle,6364c4a32665547c37644cab154a0055,99f922ea,42555,resources\assets\yoo\Default\6364c4a32665547c37644cab154a0055.bundle,42555,True,True,7|5015|6010|6146|6614|6616|6618|6625|6626|6627|6629|6630|6633|6634|6636|6637|6638|6639|6647|6648|6743|6748|6752|6786|6833|6840|6873
155,assets_game_rawassets_prefabs_3d_hero_026q_attack.bundle,assets_game_rawassets_prefabs_3d_hero_026q_attack.bundle,546dbfbeac69219bcb278793478ca74d.bundle,546dbfbeac69219bcb278793478ca74d,a3be0574,31276,resources\assets\yoo\Default\546dbfbeac69219bcb278793478ca74d.bundle,31276,True,True,7|5015|6010|6146|6614|6616|6618|6625|6626|6627|6629|6630|6636|6637|6647|6648|6743|6748|6752|6786|6833|6840|6873
156,assets_game_rawassets_prefabs_3d_hero_026q_attack1_dandao.bundle,assets_game_rawassets_prefabs_3d_hero_026q_attack1_dandao.bundle,420f0e1e9bb0cab1acc68781746363de.bundle,420f0e1e9bb0cab1acc68781746363de,c692661f,29850,resources\assets\yoo\Default\420f0e1e9bb0cab1acc68781746363de.bundle,29850,True,True,7|5015|6010|6146|6616|6625|6626|6629|6630|6636|6637|6647|6648|6743|6748|6752|6786|6833|6840|6873
157,assets_game_rawassets_prefabs_3d_hero_026q_attack1_hit.bundle,assets_game_rawassets_prefabs_3d_hero_026q_attack1_hit.bundle,ac9994c21d804a8e96185530b92a3f51.bundle,ac9994c21d804a8e96185530b92a3f51,8ebec487,29584,resources\assets\yoo\Default\ac9994c21d804a8e96185530b92a3f51.bundle,29584,True,True,7|5015|6010|6146|6616|6618|6625|6626|6627|6629|6630|6636|6637|6647|6648|6743|6748|6752|6786|6833|6840|6873
158,assets_game_rawassets_prefabs_3d_hero_026q_attack1_hit_afk.bundle,assets_game_rawassets_prefabs_3d_hero_026q_attack1_hit_afk.bundle,a625b90385b7a1db4ebde19b40dac003.bundle,a625b90385b7a1db4ebde19b40dac003,4bf12ba6,29541,resources\assets\yoo\Default\a625b90385b7a1db4ebde19b40dac003.bundle,29541,True,True,7|5015|6010|6146|6616|6618|6625|6626|6627|6629|6630|6636|6637|6647|6648|6743|6748|6752|6786|6833|6840|6873
159,assets_game_rawassets_prefabs_3d_hero_026q_attack1_shifa.bundle,assets_game_rawassets_prefabs_3d_hero_026q_attack1_shifa.bundle,bc46502ac596a284a6fea6944c4ad8c7.bundle,bc46502ac596a284a6fea6944c4ad8c7,482e02c7,29928,resources\assets\yoo\Default\bc46502ac596a284a6fea6944c4ad8c7.bundle,29928,True,True,7|5015|6010|6146|6616|6618|6625|6626|6627|6629|6630|6636|6637|6647|6648|6743|6748|6752|6786|6833|6840|6873
160,assets_game_rawassets_prefabs_3d_hero_026q_skill_1.bundle,assets_game_rawassets_prefabs_3d_hero_026q_skill_1.bundle,945a0dfa7cdb2310d154e0c8372673af.bundle,945a0dfa7cdb2310d154e0c8372673af,de5a0a56,33038,resources\assets\yoo\Default\945a0dfa7cdb2310d154e0c8372673af.bundle,33038,True,True,7|5015|6010|6146|6614|6616|6618|6625|6626|6627|6629|6630|6636|6637|6647|6648|6743|6748|6752|6786|6833|6840|6873
161,assets_game_rawassets_prefabs_3d_hero_026q_skill_1_start.bundle,assets_game_rawassets_prefabs_3d_hero_026q_skill_1_start.bundle,cd1c6cafc71dcd649cb4323f1935c3c5.bundle,cd1c6cafc71dcd649cb4323f1935c3c5,8116b51e,29326,resources\assets\yoo\Default\cd1c6cafc71dcd649cb4323f1935c3c5.bundle,29326,True,True,7|5015|6010|6146|6614|6616|6618|6625|6626|6627|6629|6630|6636|6637|6647|6648|6743|6748|6752|6786|6833|6840|6873
162,assets_game_rawassets_prefabs_3d_hero_026q_skill_2.bundle,assets_game_rawassets_prefabs_3d_hero_026q_skill_2.bundle,66a5b7b9e7753705cf7085f8a6363038.bundle,66a5b7b9e7753705cf7085f8a6363038,f36812fd,43303,resources\assets\yoo\Default\66a5b7b9e7753705cf7085f8a6363038.bundle,43303,True,True,7|5015|6010|6146|6614|6616|6618|6622|6623|6625|6626|6627|6629|6630|6633|6634|6636|6637|6638|6639|6647|6648|6743|6748|6752|6786|6833|6840|6873
234,assets_game_rawassets_prefabs_3d_hero_037q_attack.bundle,assets_game_rawassets_prefabs_3d_hero_037q_attack.bundle,8aae24f06db4f935e894b6b1c4cfb092.bundle,8aae24f06db4f935e894b6b1c4cfb092,8fc8a47b,42768,resources\assets\yoo\Default\8aae24f06db4f935e894b6b1c4cfb092.bundle,42768,True,True,7|5015|6010|6146|6614|6616|6618|6625|6626|6627|6629|6630|6636|6637|6647|6648|6743|6748|6752|6786|6833|6840|6873
235,assets_game_rawassets_prefabs_3d_hero_037q_attack1_dandao.bundle,assets_game_rawassets_prefabs_3d_hero_037q_attack1_dandao.bundle,08e88c60981a9d69ed93bdd051c23f26.bundle,08e88c60981a9d69ed93bdd051c23f26,a0fb734a,39350,resources\assets\yoo\Default\08e88c60981a9d69ed93bdd051c23f26.bundle,39350,True,True,7|5015|6010|6146|6616|6618|6625|6626|6627|6629|6630|6636|6637|6647|6648|6743|6748|6752|6786|6833|6840|6873
236,assets_game_rawassets_prefabs_3d_hero_037q_attack1_hit.bundle,assets_game_rawassets_prefabs_3d_hero_037q_attack1_hit.bundle,01ee617ab47029034a2f99d01e68de4c.bundle,01ee617ab47029034a2f99d01e68de4c,02cfefc8,39556,resources\assets\yoo\Default\01ee617ab47029034a2f99d01e68de4c.bundle,39556,True,True,7|5015|6010|6146|6616|6618|6625|6626|6627|6629|6630|6636|6637|6647|6648|6743|6748|6752|6786|6833|6840|6873
237,assets_game_rawassets_prefabs_3d_hero_037q_attack1_hit_afk.bundle,assets_game_rawassets_prefabs_3d_hero_037q_attack1_hit_afk.bundle,93f504fae6a586a67821fa48cef6d899.bundle,93f504fae6a586a67821fa48cef6d899,ba26fa90,39560,resources\assets\yoo\Default\93f504fae6a586a67821fa48cef6d899.bundle,39560,True,True,7|5015|6010|6146|6616|6618|6625|6626|6627|6629|6630|6636|6637|6647|6648|6743|6748|6752|6786|6833|6840|6873
238,assets_game_rawassets_prefabs_3d_hero_037q_attack1_shifa.bundle,assets_game_rawassets_prefabs_3d_hero_037q_attack1_shifa.bundle,2f7cac1e638778a83e0f250cc35e2917.bundle,2f7cac1e638778a83e0f250cc35e2917,d411fd2f,37759,resources\assets\yoo\Default\2f7cac1e638778a83e0f250cc35e2917.bundle,37759,True,True,7|5015|6010|6146|6616|6618|6625|6626|6627|6629|6630|6636|6637|6647|6648|6743|6748|6752|6786|6833|6840|6873
239,assets_game_rawassets_prefabs_3d_hero_037q_skill_1.bundle,assets_game_rawassets_prefabs_3d_hero_037q_skill_1.bundle,042962e18c656a1cf929c22cbbf50fad.bundle,042962e18c656a1cf929c22cbbf50fad,c2f65ff5,74257,resources\assets\yoo\Default\042962e18c656a1cf929c22cbbf50fad.bundle,74257,True,True,7|5015|6010|6146|6614|6616|6618|6625|6626|6627|6628|6629|6630|6633|6634|6636|6637|6638|6639|6647|6648|6743|6748|6752|6786|6833|6840|6873
240,assets_game_rawassets_prefabs_3d_hero_037q_skill_2.bundle,assets_game_rawassets_prefabs_3d_hero_037q_skill_2.bundle,4153e8a7d1067462341f8ddf0f5e6aac.bundle,4153e8a7d1067462341f8ddf0f5e6aac,d63dface,61938,resources\assets\yoo\Default\4153e8a7d1067462341f8ddf0f5e6aac.bundle,61938,True,True,7|5015|6010|6146|6614|6616|6618|6625|6626|6627|6628|6629|6630|6633|6634|6636|6637|6638|6639|6647|6648|6743|6748|6752|6786|6833|6840|6873
595,assets_game_rawassets_prefabs_3d_monster_021q_attack.bundle,assets_game_rawassets_prefabs_3d_monster_021q_attack.bundle,20b181b38de2e8cac2f4f68f5d053bd7.bundle,20b181b38de2e8cac2f4f68f5d053bd7,09638de5,38532,resources\assets\yoo\Default\20b181b38de2e8cac2f4f68f5d053bd7.bundle,38532,True,True,7|5015|6010|6146|6614|6616|6618|6622|6623|6625|6626|6627|6629|6630|6633|6634|6636|6637|6638|6639|6647|6648|6743|6748|6752|6786|6833|6840|6873
596,assets_game_rawassets_prefabs_3d_monster_021q_attack1_dandao.bundle,assets_game_rawassets_prefabs_3d_monster_021q_attack1_dandao.bundle,0a855107ff78371e7d1fa5fce7cc1026.bundle,0a855107ff78371e7d1fa5fce7cc1026,f3359e7c,33219,resources\assets\yoo\Default\0a855107ff78371e7d1fa5fce7cc1026.bundle,33219,True,True,4158|4637|5273|5342|5391|5902|5997|6624|6625|6626|6629|6633|6634|6637|6638|6639|6648|6748|6749|6786|6833|6873
597,assets_game_rawassets_prefabs_3d_monster_021q_attack1_hit.bundle,assets_game_rawassets_prefabs_3d_monster_021q_attack1_hit.bundle,90fe579f3504a3bf23a939da74da8e35.bundle,90fe579f3504a3bf23a939da74da8e35,68cde9a7,32466,resources\assets\yoo\Default\90fe579f3504a3bf23a939da74da8e35.bundle,32466,True,True,7|5015|6010|6146|6616|6622|6623|6625|6626|6629|6630|6636|6637|6647|6648|6743|6748|6752|6786|6833|6840|6873
598,assets_game_rawassets_prefabs_3d_monster_021q_attack1_shifa.bundle,assets_game_rawassets_prefabs_3d_monster_021q_attack1_shifa.bundle,35c887b117ecae4b7e5ccc6d665ee1e5.bundle,35c887b117ecae4b7e5ccc6d665ee1e5,92c0f9ce,32365,resources\assets\yoo\Default\35c887b117ecae4b7e5ccc6d665ee1e5.bundle,32365,True,True,4158|4637|5273|5342|5391|5902|5997|6614|6618|6624|6625|6626|6627|6629|6637|6648|6748|6749|6786|6833|6873
599,assets_game_rawassets_prefabs_3d_monster_021q_skill_1.bundle,assets_game_rawassets_prefabs_3d_monster_021q_skill_1.bundle,8dd67208cad4afea7e3802918e329171.bundle,8dd67208cad4afea7e3802918e329171,d770c9b7,63061,resources\assets\yoo\Default\8dd67208cad4afea7e3802918e329171.bundle,63061,True,True,7|5015|6010|6146|6614|6616|6618|6622|6623|6625|6626|6627|6628|6629|6630|6633|6634|6636|6637|6638|6639|6647|6648|6743|6748|6752|6786|6833|6840|6873
600,assets_game_rawassets_prefabs_3d_monster_021q_skill_2.bundle,assets_game_rawassets_prefabs_3d_monster_021q_skill_2.bundle,799673edfa1ab9ad94aacd9e18cb5393.bundle,799673edfa1ab9ad94aacd9e18cb5393,dc1aa738,65454,resources\assets\yoo\Default\799673edfa1ab9ad94aacd9e18cb5393.bundle,65454,True,True,7|5015|6010|6146|6614|6616|6618|6622|6623|6625|6626|6627|6628|6629|6630|6633|6634|6636|6637|6638|6639|6647|6648|6743|6748|6752|6786|6833|6840|6873
680,assets_game_rawassets_prefabs_3d_slug_026q_skill1.bundle,assets_game_rawassets_prefabs_3d_slug_026q_skill1.bundle,5c20191e20b83a82752dfdc7d0c983ce.bundle,5c20191e20b83a82752dfdc7d0c983ce,e113dde7,38022,resources\assets\yoo\Default\5c20191e20b83a82752dfdc7d0c983ce.bundle,38022,True,True,7|5015|6010|6146|6614|6616|6622|6623|6625|6626|6629|6630|6633|6634|6636|6637|6638|6639|6647|6648|6743|6748|6752|6786|6833|6840|6873
681,assets_game_rawassets_prefabs_3d_slug_026q_skill1_dandao.bundle,assets_game_rawassets_prefabs_3d_slug_026q_skill1_dandao.bundle,61fd84d3b235a2b1049a11f3d4c50a24.bundle,61fd84d3b235a2b1049a11f3d4c50a24,0c99f4ce,32891,resources\assets\yoo\Default\61fd84d3b235a2b1049a11f3d4c50a24.bundle,32891,True,True,7|5015|6010|6146|6614|6616|6625|6626|6629|6630|6633|6634|6636|6637|6638|6639|6647|6648|6743|6748|6752|6786|6833|6840|6873
682,assets_game_rawassets_prefabs_3d_slug_026q_skill1_hit.bundle,assets_game_rawassets_prefabs_3d_slug_026q_skill1_hit.bundle,5479f73ae1dc76080c321a6e0271ea01.bundle,5479f73ae1dc76080c321a6e0271ea01,a572045b,35001,resources\assets\yoo\Default\5479f73ae1dc76080c321a6e0271ea01.bundle,35001,True,True,7|5015|6010|6146|6614|6616|6622|6623|6625|6626|6629|6630|6636|6637|6647|6648|6743|6748|6752|6786|6833|6840|6873
685,assets_game_rawassets_prefabs_3d_slug_037q_skill1_dandao.bundle,assets_game_rawassets_prefabs_3d_slug_037q_skill1_dandao.bundle,f20db46b1d5bf4f667c285770cf0619a.bundle,f20db46b1d5bf4f667c285770cf0619a,b133cdc0,32157,resources\assets\yoo\Default\f20db46b1d5bf4f667c285770cf0619a.bundle,32157,True,True,7|5015|6010|6146|6616|6625|6626|6629|6630|6636|6637|6647|6648|6743|6748|6752|6786|6833|6840|6873
686,assets_game_rawassets_prefabs_3d_slug_037q_skill1_hit.bundle,assets_game_rawassets_prefabs_3d_slug_037q_skill1_hit.bundle,b7c7d77e07f3e7b27c71fa25acc299bd.bundle,b7c7d77e07f3e7b27c71fa25acc299bd,7b1730f1,33780,resources\assets\yoo\Default\b7c7d77e07f3e7b27c71fa25acc299bd.bundle,33780,True,True,7|5015|6010|6146|6614|6616|6618|6625|6626|6627|6629|6630|6633|6634|6636|6637|6638|6639|6647|6648|6743|6748|6752|6786|6833|6840|6873
732,assets_game_rawassets_prefabs_3d_slug_chuansong_01.bundle,assets_game_rawassets_prefabs_3d_slug_chuansong_01.bundle,6393fe31eb4b6c8fdcf69a76ccb98934.bundle,6393fe31eb4b6c8fdcf69a76ccb98934,a8e84c19,31516,resources\assets\yoo\Default\6393fe31eb4b6c8fdcf69a76ccb98934.bundle,31516,True,True,7|5015|6010|6146|6614|6616|6622|6623|6625|6626|6629|6630|6633|6634|6636|6637|6638|6639|6647|6648|6743|6748|6752|6786|6833|6840|6873
734,assets_game_rawassets_prefabs_afkmap_prefabs_battletip.bundle,assets_game_rawassets_prefabs_afkmap_prefabs_battletip.bundle,589f2e8b2f977dbe2394da686743778a.bundle,589f2e8b2f977dbe2394da686743778a,8908edde,7218,resources\assets\yoo\Default\589f2e8b2f977dbe2394da686743778a.bundle,7218,True,True,6873
737,assets_game_rawassets_prefabs_afkmap_prefabs_bullet.bundle,assets_game_rawassets_prefabs_afkmap_prefabs_bullet.bundle,670d7091a50b5f0d9c2d6aae56e1c5d4.bundle,670d7091a50b5f0d9c2d6aae56e1c5d4,fc5d1747,3635,resources\assets\yoo\Default\670d7091a50b5f0d9c2d6aae56e1c5d4.bundle,3635,True,True,
745,assets_game_rawassets_prefabs_afkmap_prefabs_monsterfsm.bundle,assets_game_rawassets_prefabs_afkmap_prefabs_monsterfsm.bundle,6067660e20a44d52066ed16555d715c5.bundle,6067660e20a44d52066ed16555d715c5,6732aefa,28078,resources\assets\yoo\Default\6067660e20a44d52066ed16555d715c5.bundle,28078,True,True,4100|4334|5902|6873
748,assets_game_rawassets_prefabs_afkmap_prefabs_playercamera.bundle,assets_game_rawassets_prefabs_afkmap_prefabs_playercamera.bundle,a76ab3c10594189fe2b88b8252d22dcd.bundle,a76ab3c10594189fe2b88b8252d22dcd,3f375b2f,3908,resources\assets\yoo\Default\a76ab3c10594189fe2b88b8252d22dcd.bundle,3908,True,True,
751,assets_game_rawassets_prefabs_afkmap_prefabs_playerfsm.bundle,assets_game_rawassets_prefabs_afkmap_prefabs_playerfsm.bundle,193e83a4fe03f327e4d1684c6603846c.bundle,193e83a4fe03f327e4d1684c6603846c,54c41d93,27900,resources\assets\yoo\Default\193e83a4fe03f327e4d1684c6603846c.bundle,27900,True,True,4100|6873
756,assets_game_rawassets_prefabs_afkmap_prefabs_spine.bundle,assets_game_rawassets_prefabs_afkmap_prefabs_spine.bundle,74a3335a482f9b2118064e13542da7d4.bundle,74a3335a482f9b2118064e13542da7d4,4826050d,4479,resources\assets\yoo\Default\74a3335a482f9b2118064e13542da7d4.bundle,4479,True,True,
1249,assets_game_rawassets_prefabs_gamebattle.bundle,assets_game_rawassets_prefabs_gamebattle.bundle,866d27f7b5484985a69991c687a36915.bundle,866d27f7b5484985a69991c687a36915,de837adb,24346,resources\assets\yoo\Default\866d27f7b5484985a69991c687a36915.bundle,24346,True,True,5455|6640|6822|6873
1317,assets_game_rawassets_prefabs_skill_guide_finger02.bundle,assets_game_rawassets_prefabs_skill_guide_finger02.bundle,1c56a30adbde384b8b61d6aa111f4ff8.bundle,1c56a30adbde384b8b61d6aa111f4ff8,9a51d3f6,5620,resources\assets\yoo\Default\1c56a30adbde384b8b61d6aa111f4ff8.bundle,5620,True,True,7|5015|5408|6010|6146|6454|6609|6616|6625|6626|6629|6630|6636|6637|6647|6648|6743|6748|6752|6786|6833|6840|6873
1365,assets_game_rawassets_prefabs_skill_hero_021q_attack.bundle,assets_game_rawassets_prefabs_skill_hero_021q_attack.bundle,b39770211801d4aa0d66b5dd440bbe21.bundle,b39770211801d4aa0d66b5dd440bbe21,55806a71,34337,resources\assets\yoo\Default\b39770211801d4aa0d66b5dd440bbe21.bundle,34337,True,True,4158|4637|5273|5342|5391|5902|5997|6609|6624|6625|6626|6629|6637|6638|6639|6648|6748|6749|6786|6833|6873
1366,assets_game_rawassets_prefabs_skill_hero_021q_fx.bundle,assets_game_rawassets_prefabs_skill_hero_021q_fx.bundle,cd99ab05eacc83297dbdd25299066468.bundle,cd99ab05eacc83297dbdd25299066468,c8f49c60,32095,resources\assets\yoo\Default\cd99ab05eacc83297dbdd25299066468.bundle,32095,True,True,4158|4637|5273|5342|5391|5902|5997|6609|6624|6625|6626|6629|6633|6634|6637|6638|6639|6644|6648|6748|6749|6786|6833|6873
1367,assets_game_rawassets_prefabs_skill_hero_021q_fx_2.bundle,assets_game_rawassets_prefabs_skill_hero_021q_fx_2.bundle,b373d70da988e0220c0aa020b6bb8939.bundle,b373d70da988e0220c0aa020b6bb8939,60769bc5,34237,resources\assets\yoo\Default\b373d70da988e0220c0aa020b6bb8939.bundle,34237,True,True,4158|4637|5273|5342|5391|5902|5997|6609|6624|6625|6626|6629|6637|6638|6639|6648|6748|6749|6786|6833|6873
1376,assets_game_rawassets_prefabs_skill_hero_026q_fx.bundle,assets_game_rawassets_prefabs_skill_hero_026q_fx.bundle,843d4204e1d0d9add576806ee6b8bda8.bundle,843d4204e1d0d9add576806ee6b8bda8,38998bf6,34741,resources\assets\yoo\Default\843d4204e1d0d9add576806ee6b8bda8.bundle,34741,True,True,4158|4637|5273|5342|5391|5902|5997|6609|6622|6623|6624|6625|6626|6629|6633|6634|6635|6637|6638|6639|6644|6648|6748|6749|6786|6833|6873
1377,assets_game_rawassets_prefabs_skill_hero_026q_fx_2.bundle,assets_game_rawassets_prefabs_skill_hero_026q_fx_2.bundle,1fcce63b85a9a56d2feb21884f3493b5.bundle,1fcce63b85a9a56d2feb21884f3493b5,5e7274aa,35505,resources\assets\yoo\Default\1fcce63b85a9a56d2feb21884f3493b5.bundle,35505,True,True,4158|4637|5273|5342|5391|5902|5997|6609|6624|6625|6626|6629|6633|6634|6635|6637|6638|6639|6648|6748|6749|6786|6833|6873
1394,assets_game_rawassets_prefabs_skill_hero_037q_fx.bundle,assets_game_rawassets_prefabs_skill_hero_037q_fx.bundle,3c8510d58a1d23b61fdca0f042a4161b.bundle,3c8510d58a1d23b61fdca0f042a4161b,a76f4830,44935,resources\assets\yoo\Default\3c8510d58a1d23b61fdca0f042a4161b.bundle,44935,True,True,4158|4637|5273|5342|5391|5902|5997|6609|6624|6625|6626|6629|6633|6634|6635|6637|6638|6639|6641|6644|6648|6748|6749|6786|6833|6873
1904,assets_game_rawassets_prefabs_ui_battle_battlemaskview.bundle,assets_game_rawassets_prefabs_ui_battle_battlemaskview.bundle,7a2757c6e7779b39f9767ec4984ad58f.bundle,7a2757c6e7779b39f9767ec4984ad58f,560d7210,37940,resources\assets\yoo\Default\7a2757c6e7779b39f9767ec4984ad58f.bundle,37940,True,True,4158|4637|5273|5342|5391|5434|5436|5437|5438|5439|5902|5997|6624|6625|6626|6629|6637|6648|6748|6749|6786|6833|6873
1905,assets_game_rawassets_prefabs_ui_battle_battleresultview.bundle,assets_game_rawassets_prefabs_ui_battle_battleresultview.bundle,b3d7abc5922b809b19c30799a6206e45.bundle,b3d7abc5922b809b19c30799a6206e45,f6ac470e,33515,resources\assets\yoo\Default\b3d7abc5922b809b19c30799a6206e45.bundle,33515,True,True,4158|4502|4637|5273|5342|5391|5434|5442|5443|5445|5447|5448|5449|5450|5451|5452|5500|5902|5984|5997|6609|6624|6625|6626|6629|6637|6640|6648|6748|6749|6770|6786|6815|6816|6822|6833|6873
1909,assets_game_rawassets_prefabs_ui_battle_battleview.bundle,assets_game_rawassets_prefabs_ui_battle_battleview.bundle,30cf9c9ce2deccf7bda6b89d6c9a1414.bundle,30cf9c9ce2deccf7bda6b89d6c9a1414,df5254e7,51785,resources\assets\yoo\Default\30cf9c9ce2deccf7bda6b89d6c9a1414.bundle,51785,True,True,7|5015|5434|5435|5453|5891|6010|6146|6609|6616|6625|6626|6629|6630|6636|6637|6640|6647|6648|6743|6748|6752|6786|6816|6833|6840|6873
1913,assets_game_rawassets_prefabs_ui_changetoother_changetoother.bundle,assets_game_rawassets_prefabs_ui_changetoother_changetoother.bundle,7c1d96b23a858f155a8c615a35784335.bundle,7c1d96b23a858f155a8c615a35784335,849657d0,42157,resources\assets\yoo\Default\7c1d96b23a858f155a8c615a35784335.bundle,42157,True,True,7|4158|4637|5015|5273|5342|5391|5475|5476|5478|5479|5480|5481|5482|5483|5484|5485|5486|5487|5490|5491|5902|5997|6010|6146|6609|6616|6624|6625|6626|6629|6630|6636|6637|6647|6648|6743|6748|6749|6752|6786|6816|6833|6840|6873
1914,assets_game_rawassets_prefabs_ui_changetoother_cloundmaskview.bundle,assets_game_rawassets_prefabs_ui_changetoother_cloundmaskview.bundle,febf07cf9296b4551f34988cbf6b120e.bundle,febf07cf9296b4551f34988cbf6b120e,079c8efb,42166,resources\assets\yoo\Default\febf07cf9296b4551f34988cbf6b120e.bundle,42166,True,True,7|4158|4637|5015|5273|5342|5391|5475|5476|5478|5479|5480|5481|5482|5483|5484|5485|5486|5487|5490|5491|5902|5997|6010|6146|6609|6616|6624|6625|6626|6629|6630|6636|6637|6647|6648|6743|6748|6749|6752|6786|6816|6833|6840|6873
1947,assets_game_rawassets_prefabs_ui_common_alterview.bundle,assets_game_rawassets_prefabs_ui_common_alterview.bundle,cbdc8a721a4351cf1c8a7a7b7b349c9b.bundle,cbdc8a721a4351cf1c8a7a7b7b349c9b,6718a801,8901,resources\assets\yoo\Default\cbdc8a721a4351cf1c8a7a7b7b349c9b.bundle,8901,True,True,5173|5500|6640|6873
1954,assets_game_rawassets_prefabs_ui_common_chatentrypanel.bundle,assets_game_rawassets_prefabs_ui_common_chatentrypanel.bundle,ddbee7d8dba93cfb2d15fe46a7833872.bundle,ddbee7d8dba93cfb2d15fe46a7833872,a7f4d05c,7342,resources\assets\yoo\Default\ddbee7d8dba93cfb2d15fe46a7833872.bundle,7342,True,True,6040|6640|6873
1968,assets_game_rawassets_prefabs_ui_common_commonwebview.bundle,assets_game_rawassets_prefabs_ui_common_commonwebview.bundle,19ca232d5f27ea357020baf62b6848af.bundle,19ca232d5f27ea357020baf62b6848af,a979691f,6458,resources\assets\yoo\Default\19ca232d5f27ea357020baf62b6848af.bundle,6458,True,True,5080|5500|6640|6873
1971,assets_game_rawassets_prefabs_ui_common_explainview.bundle,assets_game_rawassets_prefabs_ui_common_explainview.bundle,25475fba845034b4561eb00f087f0f9f.bundle,25475fba845034b4561eb00f087f0f9f,ef760aaf,11592,resources\assets\yoo\Default\25475fba845034b4561eb00f087f0f9f.bundle,11592,True,True,5174|5500|6640|6873
1975,assets_game_rawassets_prefabs_ui_common_gridscrollercell.bundle,assets_game_rawassets_prefabs_ui_common_gridscrollercell.bundle,40d91fd31f069444f1070085dca47641.bundle,40d91fd31f069444f1070085dca47641,f988c36a,2627,resources\assets\yoo\Default\40d91fd31f069444f1070085dca47641.bundle,2627,True,True,
1977,assets_game_rawassets_prefabs_ui_common_interactiverole.bundle,assets_game_rawassets_prefabs_ui_common_interactiverole.bundle,95a1b39e27ffd870822c4fd0499f2f1f.bundle,95a1b39e27ffd870822c4fd0499f2f1f,3f2b2db2,13530,resources\assets\yoo\Default\95a1b39e27ffd870822c4fd0499f2f1f.bundle,13530,True,True,5893|5931|6640|6822|6873
1981,assets_game_rawassets_prefabs_ui_common_itemgrid.bundle,assets_game_rawassets_prefabs_ui_common_itemgrid.bundle,c6ecced984112d887b031aaf1cbfbed1.bundle,c6ecced984112d887b031aaf1cbfbed1,6d538b2e,41930,resources\assets\yoo\Default\c6ecced984112d887b031aaf1cbfbed1.bundle,41930,True,True,7|5015|5500|5892|6010|6146|6616|6625|6626|6629|6630|6636|6637|6640|6641|6647|6648|6743|6748|6752|6786|6816|6833|6840|6873
1988,assets_game_rawassets_prefabs_ui_common_pnllefttop.bundle,assets_game_rawassets_prefabs_ui_common_pnllefttop.bundle,b24563bc1cedf93005e8e2d8c2778eed.bundle,b24563bc1cedf93005e8e2d8c2778eed,91605bc6,6033,resources\assets\yoo\Default\b24563bc1cedf93005e8e2d8c2778eed.bundle,6033,True,True,5500|6640|6873
1996,assets_game_rawassets_prefabs_ui_common_resourcebar.bundle,assets_game_rawassets_prefabs_ui_common_resourcebar.bundle,2b71267b775c39bc86faee75607192c4.bundle,2b71267b775c39bc86faee75607192c4,10798394,9613,resources\assets\yoo\Default\2b71267b775c39bc86faee75607192c4.bundle,9613,True,True,
1997,assets_game_rawassets_prefabs_ui_common_rewardgrid.bundle,assets_game_rawassets_prefabs_ui_common_rewardgrid.bundle,70a7db643fc8859f5f35754b2718513b.bundle,70a7db643fc8859f5f35754b2718513b,b22091c9,49241,resources\assets\yoo\Default\70a7db643fc8859f5f35754b2718513b.bundle,49241,True,True,7|5015|5500|5892|6010|6146|6616|6625|6626|6629|6630|6636|6637|6640|6641|6647|6648|6743|6748|6752|6786|6816|6833|6840|6873
2006,assets_game_rawassets_prefabs_ui_common_toggle.bundle,assets_game_rawassets_prefabs_ui_common_toggle.bundle,bf3a7535764292f0c123f3c9cbb9a897.bundle,bf3a7535764292f0c123f3c9cbb9a897,4bca759b,5298,resources\assets\yoo\Default\bf3a7535764292f0c123f3c9cbb9a897.bundle,5298,True,True,5500
2007,assets_game_rawassets_prefabs_ui_common_topbar.bundle,assets_game_rawassets_prefabs_ui_common_topbar.bundle,06e4c9977f98680cb99ff47108d249e5.bundle,06e4c9977f98680cb99ff47108d249e5,96b687c2,13483,resources\assets\yoo\Default\06e4c9977f98680cb99ff47108d249e5.bundle,13483,True,True,5500|6609|6640|6873
2008,assets_game_rawassets_prefabs_ui_common_topresgrid.bundle,assets_game_rawassets_prefabs_ui_common_topresgrid.bundle,b23b6d9847109cf0f7aa85ad748645e6.bundle,b23b6d9847109cf0f7aa85ad748645e6,e97fe733,6404,resources\assets\yoo\Default\b23b6d9847109cf0f7aa85ad748645e6.bundle,6404,True,True,5500|5984|6640|6873
2010,assets_game_rawassets_prefabs_ui_common_waitview.bundle,assets_game_rawassets_prefabs_ui_common_waitview.bundle,f499ec422a3d5a69abade64804ef0c19.bundle,f499ec422a3d5a69abade64804ef0c19,8a819548,3941,resources\assets\yoo\Default\f499ec422a3d5a69abade64804ef0c19.bundle,3941,True,True,5500
2062,assets_game_rawassets_prefabs_ui_expedition_expeditionmainview.bundle,assets_game_rawassets_prefabs_ui_expedition_expeditionmainview.bundle,8a5c9682df42110e77b870aaaee97b81.bundle,8a5c9682df42110e77b870aaaee97b81,d38e9814,45142,resources\assets\yoo\Default\8a5c9682df42110e77b870aaaee97b81.bundle,45142,True,True,7|5015|5622|5984|6010|6146|6609|6616|6625|6626|6629|6630|6636|6637|6640|6647|6648|6743|6748|6752|6786|6833|6840|6873
2079,assets_game_rawassets_prefabs_ui_gal_components_galdormitorypaneltopbtns.bundle,assets_game_rawassets_prefabs_ui_gal_components_galdormitorypaneltopbtns.bundle,2a874ed00da216228fb290ae4fd0fa41.bundle,2a874ed00da216228fb290ae4fd0fa41,ae9e490e,6288,resources\assets\yoo\Default\2a874ed00da216228fb290ae4fd0fa41.bundle,6288,True,True,5695
2132,assets_game_rawassets_prefabs_ui_gal_galspecialtouchview.bundle,assets_game_rawassets_prefabs_ui_gal_galspecialtouchview.bundle,c3143120fcff5fee497c40fe6e98537f.bundle,c3143120fcff5fee497c40fe6e98537f,bd694e02,9421,resources\assets\yoo\Default\c3143120fcff5fee497c40fe6e98537f.bundle,9421,True,True,5695|6822|6873
2137,assets_game_rawassets_prefabs_ui_gal_spinetouch_spinedrageffect01.bundle,assets_game_rawassets_prefabs_ui_gal_spinetouch_spinedrageffect01.bundle,6978e72a150ef211b3ce1307d460a9d5.bundle,6978e72a150ef211b3ce1307d460a9d5,62abef84,31767,resources\assets\yoo\Default\6978e72a150ef211b3ce1307d460a9d5.bundle,31767,True,True,7|5015|5695|6010|6146|6616|6625|6626|6629|6630|6636|6637|6647|6648|6743|6748|6752|6786|6833|6840|6873
2138,assets_game_rawassets_prefabs_ui_gal_spinetouch_teach_spinetouchteachpanel.bundle,assets_game_rawassets_prefabs_ui_gal_spinetouch_teach_spinetouchteachpanel.bundle,3d3dd9c2b5fbc97840d5b40b410d2834.bundle,3d3dd9c2b5fbc97840d5b40b410d2834,a6360299,6164,resources\assets\yoo\Default\3d3dd9c2b5fbc97840d5b40b410d2834.bundle,6164,True,True,7|6640|6873
2254,assets_game_rawassets_prefabs_ui_login_loadingview.bundle,assets_game_rawassets_prefabs_ui_login_loadingview.bundle,3eda611616b92cfdb2af7f8c183b1e50.bundle,3eda611616b92cfdb2af7f8c183b1e50,29aa859d,6988,resources\assets\yoo\Default\3eda611616b92cfdb2af7f8c183b1e50.bundle,6988,True,True,5296|5989|5990|5991|6640|6873
2255,assets_game_rawassets_prefabs_ui_login_loginview.bundle,assets_game_rawassets_prefabs_ui_login_loginview.bundle,7996b01a22fa6b87d3cf865ec438316b.bundle,7996b01a22fa6b87d3cf865ec438316b,c1185b38,17814,resources\assets\yoo\Default\7996b01a22fa6b87d3cf865ec438316b.bundle,17814,True,True,5298|5500|5992|5994|6640|6649|6816|6873
2256,assets_game_rawassets_prefabs_ui_login_servergrid.bundle,assets_game_rawassets_prefabs_ui_login_servergrid.bundle,264634db9b3787d9c8326b3db9e411fc.bundle,264634db9b3787d9c8326b3db9e411fc,11bc37c1,6877,resources\assets\yoo\Default\264634db9b3787d9c8326b3db9e411fc.bundle,6877,True,True,5992|6640|6873
2257,assets_game_rawassets_prefabs_ui_login_serverneargrid.bundle,assets_game_rawassets_prefabs_ui_login_serverneargrid.bundle,e6c8f095f5c40a21196201c57204c604.bundle,e6c8f095f5c40a21196201c57204c604,41cdee06,11842,resources\assets\yoo\Default\e6c8f095f5c40a21196201c57204c604.bundle,11842,True,True,5500|5891|5992|6640|6873
2258,assets_game_rawassets_prefabs_ui_login_serverselectview.bundle,assets_game_rawassets_prefabs_ui_login_serverselectview.bundle,ca11fba2d03eb0717dcac57dfdc47951.bundle,ca11fba2d03eb0717dcac57dfdc47951,e1160dda,15148,resources\assets\yoo\Default\ca11fba2d03eb0717dcac57dfdc47951.bundle,15148,True,True,5178|5500|5992|5993|6640|6873
2259,assets_game_rawassets_prefabs_ui_login_servertypegrid.bundle,assets_game_rawassets_prefabs_ui_login_servertypegrid.bundle,73cab27fc44f062a911f06b8c7c1be87.bundle,73cab27fc44f062a911f06b8c7c1be87,775dc641,6073,resources\assets\yoo\Default\73cab27fc44f062a911f06b8c7c1be87.bundle,6073,True,True,5992|6640|6873
2262,assets_game_rawassets_prefabs_ui_lotterydraw_lotterydrawfinishview.bundle,assets_game_rawassets_prefabs_ui_lotterydraw_lotterydrawfinishview.bundle,86c05702d8a8a6410d5a48ddc7449de4.bundle,86c05702d8a8a6410d5a48ddc7449de4,f49f0596,114728,resources\assets\yoo\Default\86c05702d8a8a6410d5a48ddc7449de4.bundle,114728,True,True,7|5015|5307|6010|6037|6146|6614|6616|6625|6626|6629|6630|6636|6637|6647|6648|6743|6748|6752|6786|6833|6840|6873
2267,assets_game_rawassets_prefabs_ui_lotterydraw_lotterydrawmainview.bundle,assets_game_rawassets_prefabs_ui_lotterydraw_lotterydrawmainview.bundle,1918525995d5a5ed05fce5506c55ca0d.bundle,1918525995d5a5ed05fce5506c55ca0d,6786e6ac,60657,resources\assets\yoo\Default\1918525995d5a5ed05fce5506c55ca0d.bundle,60657,True,True,4138|4158|4637|5273|5299|5342|5391|5500|5893|5902|5931|5997|6001|6002|6003|6609|6624|6625|6626|6629|6637|6640|6648|6748|6749|6786|6816|6822|6833|6873
2268,assets_game_rawassets_prefabs_ui_lotterydraw_lotterydrawnewstageview.bundle,assets_game_rawassets_prefabs_ui_lotterydraw_lotterydrawnewstageview.bundle,eb29a3f2afe63586af98537addc6cb12.bundle,eb29a3f2afe63586af98537addc6cb12,5179ebd6,40925,resources\assets\yoo\Default\eb29a3f2afe63586af98537addc6cb12.bundle,40925,True,True,4158|4637|5273|5342|5391|5902|5997|5998|5999|6002|6023|6024|6026|6027|6028|6029|6030|6609|6624|6625|6626|6629|6633|6634|6637|6638|6639|6648|6748|6749|6786|6833|6873
2281,assets_game_rawassets_prefabs_ui_mainui_limiticonview.bundle,assets_game_rawassets_prefabs_ui_mainui_limiticonview.bundle,6b8f874902e73eb622fb54a3d1ec03c3.bundle,6b8f874902e73eb622fb54a3d1ec03c3,21ec5dcc,7020,resources\assets\yoo\Default\6b8f874902e73eb622fb54a3d1ec03c3.bundle,7020,True,True,6040|6640|6816|6873
2282,assets_game_rawassets_prefabs_ui_mainui_maintestview.bundle,assets_game_rawassets_prefabs_ui_mainui_maintestview.bundle,1a38c1838a05a5bf38ba07b86622ba44.bundle,1a38c1838a05a5bf38ba07b86622ba44,c1afe69f,11830,resources\assets\yoo\Default\1a38c1838a05a5bf38ba07b86622ba44.bundle,11830,True,True,5174|5500|6640|6873
2289,assets_game_rawassets_prefabs_ui_mainui_mainuiview.bundle,assets_game_rawassets_prefabs_ui_mainui_mainuiview.bundle,550a7cadacd941b64b750257fc8891d0.bundle,550a7cadacd941b64b750257fc8891d0,c70cb57e,91116,resources\assets\yoo\Default\550a7cadacd941b64b750257fc8891d0.bundle,91116,True,True,7|2423|5015|5500|5893|5931|6010|6040|6042|6044|6146|6525|6609|6616|6625|6626|6629|6630|6636|6637|6640|6647|6648|6743|6748|6752|6786|6816|6822|6833|6840|6873
2290,assets_game_rawassets_prefabs_ui_mainui_mainuiview01.bundle,assets_game_rawassets_prefabs_ui_mainui_mainuiview01.bundle,42815d91331cd4a839928ff12f3909cd.bundle,42815d91331cd4a839928ff12f3909cd,92625fe8,9884,resources\assets\yoo\Default\42815d91331cd4a839928ff12f3909cd.bundle,9884,True,True,
2360,assets_game_rawassets_prefabs_ui_reddot_reddotbadgeicon.bundle,assets_game_rawassets_prefabs_ui_reddot_reddotbadgeicon.bundle,be61f05f132a70ad59dc049f0d99e19f.bundle,be61f05f132a70ad59dc049f0d99e19f,e1e5b8c3,3923,resources\assets\yoo\Default\be61f05f132a70ad59dc049f0d99e19f.bundle,3923,True,True,5500
2534,assets_game_rawassets_prefabs_ui_story_guidechangenameview.bundle,assets_game_rawassets_prefabs_ui_story_guidechangenameview.bundle,253ca671fa165333150a35f25f23f348.bundle,253ca671fa165333150a35f25f23f348,fe1b2f3f,8867,resources\assets\yoo\Default\253ca671fa165333150a35f25f23f348.bundle,8867,True,True,5407|5500|6454|6640|6873
2535,assets_game_rawassets_prefabs_ui_story_storyinsertcartridge.bundle,assets_game_rawassets_prefabs_ui_story_storyinsertcartridge.bundle,b67641bf7cae40974a31895522db3d2d.bundle,b67641bf7cae40974a31895522db3d2d,9f5e626f,13178,resources\assets\yoo\Default\b67641bf7cae40974a31895522db3d2d.bundle,13178,True,True,7|5015|5408|6010|6146|6454|6609|6616|6625|6626|6629|6630|6636|6637|6647|6648|6743|6748|6752|6786|6833|6840|6873
2536,assets_game_rawassets_prefabs_ui_story_storyroom.bundle,assets_game_rawassets_prefabs_ui_story_storyroom.bundle,054ead7b4aa8937e25d45c1e3159439a.bundle,054ead7b4aa8937e25d45c1e3159439a,37ffbd58,38757,resources\assets\yoo\Default\054ead7b4aa8937e25d45c1e3159439a.bundle,38757,True,True,7|5015|5409|6010|6146|6609|6616|6625|6626|6629|6630|6636|6637|6647|6648|6743|6748|6752|6786|6833|6840|6873
2579,assets_game_rawassets_prefabs_ui_update_silentupdateview.bundle,assets_game_rawassets_prefabs_ui_update_silentupdateview.bundle,4d0cd8653798641cbd83bf0db5a77439.bundle,4d0cd8653798641cbd83bf0db5a77439,b093ca3b,9088,resources\assets\yoo\Default\4d0cd8653798641cbd83bf0db5a77439.bundle,9088,True,True,5180|5500|6501|6640|6873
2599,assets_game_rawassets_prefabs_ui_userinfo_userlevelupdategrid.bundle,assets_game_rawassets_prefabs_ui_userinfo_userlevelupdategrid.bundle,babaf29517d1c18458cd4f61ca12f610.bundle,babaf29517d1c18458cd4f61ca12f610,95260165,5193,resources\assets\yoo\Default\babaf29517d1c18458cd4f61ca12f610.bundle,5193,True,True,5500|5893|6640|6873
2600,assets_game_rawassets_prefabs_ui_userinfo_userlevelupdateview.bundle,assets_game_rawassets_prefabs_ui_userinfo_userlevelupdateview.bundle,b7e6e47cd6fe406123963f3ba485a048.bundle,b7e6e47cd6fe406123963f3ba485a048,993e0c91,8825,resources\assets\yoo\Default\b7e6e47cd6fe406123963f3ba485a048.bundle,8825,True,True,5281|5893|5923|6640|6873
2609,assets_game_rawassets_prefabs_ui_wallpaper_wallpaperpanel.bundle,assets_game_rawassets_prefabs_ui_wallpaper_wallpaperpanel.bundle,9f4fdc8b20d79619a0befea1dd8f9870.bundle,9f4fdc8b20d79619a0befea1dd8f9870,8ff75207,16165,resources\assets\yoo\Default\9f4fdc8b20d79619a0befea1dd8f9870.bundle,16165,True,True,5893|5931|6525|6640|6822|6873
2636,assets_game_rawassets_scriptbytes.bundle,assets_game_rawassets_scriptbytes.bundle,82d640fc6bf946d4bac8d265200fa793.bundle,82d640fc6bf946d4bac8d265200fa793,6abaf89b,3165150,resources\assets\yoo\Default\82d640fc6bf946d4bac8d265200fa793.bundle,3165150,True,True,
2637,assets_game_rawassets_scriptbytes_patch.bundle,assets_game_rawassets_scriptbytes_patch.bundle,ec57b38f548d8b2c2f6222ee738c4983.bundle,ec57b38f548d8b2c2f6222ee738c4983,1a8c9128,2813729,resources\assets\yoo\Default\ec57b38f548d8b2c2f6222ee738c4983.bundle,2813729,True,True,
2871,assets_game_rawassets_sound_battle_hero_021q_attack.bundle,assets_game_rawassets_sound_battle_hero_021q_attack.bundle,aa2bd159cb7490e2646cd726c6f3c94a.bundle,aa2bd159cb7490e2646cd726c6f3c94a,934cf9ec,7174,resources\assets\yoo\Default\aa2bd159cb7490e2646cd726c6f3c94a.bundle,7174,True,True,
2872,assets_game_rawassets_sound_battle_hero_021q_attack1.bundle,assets_game_rawassets_sound_battle_hero_021q_attack1.bundle,6e20258459b16e6197453f36e53045e7.bundle,6e20258459b16e6197453f36e53045e7,abc883f7,7839,resources\assets\yoo\Default\6e20258459b16e6197453f36e53045e7.bundle,7839,True,True,
2873,assets_game_rawassets_sound_battle_hero_021q_skill_1.bundle,assets_game_rawassets_sound_battle_hero_021q_skill_1.bundle,c007354291d4fffea60ecfb19ba10a00.bundle,c007354291d4fffea60ecfb19ba10a00,fccb08be,26852,resources\assets\yoo\Default\c007354291d4fffea60ecfb19ba10a00.bundle,26852,True,True,
2874,assets_game_rawassets_sound_battle_hero_021q_skill_2.bundle,assets_game_rawassets_sound_battle_hero_021q_skill_2.bundle,0784ed21a39326344cb73ae0005aedb2.bundle,0784ed21a39326344cb73ae0005aedb2,926e9b5c,16220,resources\assets\yoo\Default\0784ed21a39326344cb73ae0005aedb2.bundle,16220,True,True,
2891,assets_game_rawassets_sound_battle_hero_026q_attack.bundle,assets_game_rawassets_sound_battle_hero_026q_attack.bundle,8677d06fb1c8736bb121dde21e2caba5.bundle,8677d06fb1c8736bb121dde21e2caba5,a9aac992,7246,resources\assets\yoo\Default\8677d06fb1c8736bb121dde21e2caba5.bundle,7246,True,True,
2892,assets_game_rawassets_sound_battle_hero_026q_attack1.bundle,assets_game_rawassets_sound_battle_hero_026q_attack1.bundle,41ede72e3300e18a1f0fcc04b78b59a3.bundle,41ede72e3300e18a1f0fcc04b78b59a3,7b73412a,7471,resources\assets\yoo\Default\41ede72e3300e18a1f0fcc04b78b59a3.bundle,7471,True,True,
2893,assets_game_rawassets_sound_battle_hero_026q_skill_1.bundle,assets_game_rawassets_sound_battle_hero_026q_skill_1.bundle,6bfbe9b2cf43d422505229a5f6818097.bundle,6bfbe9b2cf43d422505229a5f6818097,50137736,23395,resources\assets\yoo\Default\6bfbe9b2cf43d422505229a5f6818097.bundle,23395,True,True,
2894,assets_game_rawassets_sound_battle_hero_026q_skill_2.bundle,assets_game_rawassets_sound_battle_hero_026q_skill_2.bundle,a86bf2fd17ff3edccd91452b952f96c3.bundle,a86bf2fd17ff3edccd91452b952f96c3,245da6cf,12120,resources\assets\yoo\Default\a86bf2fd17ff3edccd91452b952f96c3.bundle,12120,True,True,
2929,assets_game_rawassets_sound_battle_hero_037q_attack.bundle,assets_game_rawassets_sound_battle_hero_037q_attack.bundle,60475b9f04cab36322036b8294e5cb3f.bundle,60475b9f04cab36322036b8294e5cb3f,078622d4,5564,resources\assets\yoo\Default\60475b9f04cab36322036b8294e5cb3f.bundle,5564,True,True,
2930,assets_game_rawassets_sound_battle_hero_037q_attack1.bundle,assets_game_rawassets_sound_battle_hero_037q_attack1.bundle,dde9b2eacf79a811dbdd380f909e961b.bundle,dde9b2eacf79a811dbdd380f909e961b,9d49c151,8682,resources\assets\yoo\Default\dde9b2eacf79a811dbdd380f909e961b.bundle,8682,True,True,
2931,assets_game_rawassets_sound_battle_hero_037q_skill_1.bundle,assets_game_rawassets_sound_battle_hero_037q_skill_1.bundle,c2303a557434ddec992c99827b138cf4.bundle,c2303a557434ddec992c99827b138cf4,99f896bb,11533,resources\assets\yoo\Default\c2303a557434ddec992c99827b138cf4.bundle,11533,True,True,
2932,assets_game_rawassets_sound_battle_hero_037q_skill_2.bundle,assets_game_rawassets_sound_battle_hero_037q_skill_2.bundle,544e7d8e2a3d15fdb4adffbd2ae625f8.bundle,544e7d8e2a3d15fdb4adffbd2ae625f8,362a28a5,9999,resources\assets\yoo\Default\544e7d8e2a3d15fdb4adffbd2ae625f8.bundle,9999,True,True,
3097,assets_game_rawassets_sound_battle_monster_021q_attack.bundle,assets_game_rawassets_sound_battle_monster_021q_attack.bundle,01b1a4170f59c29bf30802c54df63a5a.bundle,01b1a4170f59c29bf30802c54df63a5a,4b0f8385,8364,resources\assets\yoo\Default\01b1a4170f59c29bf30802c54df63a5a.bundle,8364,True,True,
3098,assets_game_rawassets_sound_battle_monster_021q_skill_1.bundle,assets_game_rawassets_sound_battle_monster_021q_skill_1.bundle,53ffe7294b9640d4ca4ecfec9009491a.bundle,53ffe7294b9640d4ca4ecfec9009491a,bee0dac9,17463,resources\assets\yoo\Default\53ffe7294b9640d4ca4ecfec9009491a.bundle,17463,True,True,
3099,assets_game_rawassets_sound_battle_monster_021q_skill_2.bundle,assets_game_rawassets_sound_battle_monster_021q_skill_2.bundle,89ddbd96f34e1dc8dfef679805354f88.bundle,89ddbd96f34e1dc8dfef679805354f88,d898882c,21787,resources\assets\yoo\Default\89ddbd96f34e1dc8dfef679805354f88.bundle,21787,True,True,
3119,assets_game_rawassets_sound_battle_slug_026q_skill1.bundle,assets_game_rawassets_sound_battle_slug_026q_skill1.bundle,6a016d5e45f23816e50fa9d3e211aff4.bundle,6a016d5e45f23816e50fa9d3e211aff4,25bbc832,9842,resources\assets\yoo\Default\6a016d5e45f23816e50fa9d3e211aff4.bundle,9842,True,True,
3122,assets_game_rawassets_sound_battle_slug_037q_skill1.bundle,assets_game_rawassets_sound_battle_slug_037q_skill1.bundle,6959caca3fe75c2420cd802a84f25437.bundle,6959caca3fe75c2420cd802a84f25437,5b5b30ab,8751,resources\assets\yoo\Default\6959caca3fe75c2420cd802a84f25437.bundle,8751,True,True,
3151,assets_game_rawassets_sound_bg_battle.bundle,assets_game_rawassets_sound_bg_battle.bundle,0a3a9d75103aba8a676be7d9d9dc7b47.bundle,0a3a9d75103aba8a676be7d9d9dc7b47,796d3182,364912,resources\assets\yoo\Default\0a3a9d75103aba8a676be7d9d9dc7b47.bundle,364912,True,True,
3153,assets_game_rawassets_sound_bg_bg_1.bundle,assets_game_rawassets_sound_bg_bg_1.bundle,d2f53cff45cec91f4b2f0c3573e99d27.bundle,d2f53cff45cec91f4b2f0c3573e99d27,ada7bf31,264169,resources\assets\yoo\Default\d2f53cff45cec91f4b2f0c3573e99d27.bundle,264169,True,True,
3177,assets_game_rawassets_sound_bg_gal_bg_room_3.bundle,assets_game_rawassets_sound_bg_gal_bg_room_3.bundle,e3dddb0cf7fcfb92134c0e82ed17ebee.bundle,e3dddb0cf7fcfb92134c0e82ed17ebee,4a344e92,483185,resources\assets\yoo\Default\e3dddb0cf7fcfb92134c0e82ed17ebee.bundle,483185,True,True,
3206,assets_game_rawassets_sound_bg_login.bundle,assets_game_rawassets_sound_bg_login.bundle,5d2692588a51c9822a4abc90e2cd265d.bundle,5d2692588a51c9822a4abc90e2cd265d,ff68c62a,728721,resources\assets\yoo\Default\5d2692588a51c9822a4abc90e2cd265d.bundle,728721,True,True,
3208,assets_game_rawassets_sound_bg_main.bundle,assets_game_rawassets_sound_bg_main.bundle,2d896bd453678fe4f0f2f70cd56e2647.bundle,2d896bd453678fe4f0f2f70cd56e2647,4148c2ae,676008,resources\assets\yoo\Default\2d896bd453678fe4f0f2f70cd56e2647.bundle,676008,True,True,
3219,assets_game_rawassets_sound_bg_monopoly1.bundle,assets_game_rawassets_sound_bg_monopoly1.bundle,53c68711b81020abc6db72653d5eb40f.bundle,53c68711b81020abc6db72653d5eb40f,f0813a31,681824,resources\assets\yoo\Default\53c68711b81020abc6db72653d5eb40f.bundle,681824,True,True,
3229,assets_game_rawassets_sound_effect_pop_open.bundle,assets_game_rawassets_sound_effect_pop_open.bundle,00f2b1d61a6984047b435d767777d109.bundle,00f2b1d61a6984047b435d767777d109,b55d076d,2581,resources\assets\yoo\Default\00f2b1d61a6984047b435d767777d109.bundle,2581,True,True,
3594,assets_game_rawassets_sound_hero_hero_037_skill1.bundle,assets_game_rawassets_sound_hero_hero_037_skill1.bundle,c51f42174b1e29c1021a4bd59873a0e8.bundle,c51f42174b1e29c1021a4bd59873a0e8,dd8f7743,11570,resources\assets\yoo\Default\c51f42174b1e29c1021a4bd59873a0e8.bundle,11570,True,True,
3599,assets_game_rawassets_sound_hero_hero_037_victory.bundle,assets_game_rawassets_sound_hero_hero_037_victory.bundle,8f1f5ac7c2f03a7421263b69653c5c9f.bundle,8f1f5ac7c2f03a7421263b69653c5c9f,c67f284e,13852,resources\assets\yoo\Default\8f1f5ac7c2f03a7421263b69653c5c9f.bundle,13852,True,True,
3880,assets_game_rawassets_sound_mixer_audiomixer.bundle,assets_game_rawassets_sound_mixer_audiomixer.bundle,af533811efde0c231481d332905c3345.bundle,af533811efde0c231481d332905c3345,047ce83f,2939,resources\assets\yoo\Default\af533811efde0c231481d332905c3345.bundle,2939,True,True,
3881,assets_game_rawassets_sound_plot_bg_1.bundle,assets_game_rawassets_sound_plot_bg_1.bundle,0e8d092b78d7a6bd7a140e77a29db41e.bundle,0e8d092b78d7a6bd7a140e77a29db41e,6b42e419,264174,resources\assets\yoo\Default\0e8d092b78d7a6bd7a140e77a29db41e.bundle,264174,True,True,
3882,assets_game_rawassets_sound_plot_bgm01.bundle,assets_game_rawassets_sound_plot_bgm01.bundle,8ab6b02b182e5e079bd9c18c1f9dfb06.bundle,8ab6b02b182e5e079bd9c18c1f9dfb06,4eb4eb7c,126031,resources\assets\yoo\Default\8ab6b02b182e5e079bd9c18c1f9dfb06.bundle,126031,True,True,
3949,assets_game_rawassets_sound_ui_ui_battle_victory.bundle,assets_game_rawassets_sound_ui_ui_battle_victory.bundle,25fccadd6bce750cab2781916ab2c03e.bundle,25fccadd6bce750cab2781916ab2c03e,31336917,9378,resources\assets\yoo\Default\25fccadd6bce750cab2781916ab2c03e.bundle,9378,True,True,
3952,assets_game_rawassets_sound_ui_ui_confirm.bundle,assets_game_rawassets_sound_ui_ui_confirm.bundle,d25606f024274e4d870bd8744645c6a7.bundle,d25606f024274e4d870bd8744645c6a7,b1562ddf,2580,resources\assets\yoo\Default\d25606f024274e4d870bd8744645c6a7.bundle,2580,True,True,
3954,assets_game_rawassets_sound_ui_ui_expedition.bundle,assets_game_rawassets_sound_ui_ui_expedition.bundle,f0775f2f8585c8051e587a32ab9af30f.bundle,f0775f2f8585c8051e587a32ab9af30f,2d028041,17876,resources\assets\yoo\Default\f0775f2f8585c8051e587a32ab9af30f.bundle,17876,True,True,
3967,assets_game_rawassets_spine_hero_hero_000.bundle,assets_game_rawassets_spine_hero_hero_000.bundle,c7fdce8dd8e9e2f53dcaaa210954d4cd.bundle,c7fdce8dd8e9e2f53dcaaa210954d4cd,2ce2671c,238663,resources\assets\yoo\Default\c7fdce8dd8e9e2f53dcaaa210954d4cd.bundle,238663,True,True,6873
3976,assets_game_rawassets_spine_hero_hero_003dh.bundle,assets_game_rawassets_spine_hero_hero_003dh.bundle,b61d633c6f7beec5301d9f48ffb87909.bundle,b61d633c6f7beec5301d9f48ffb87909,7b2f68dd,827386,resources\assets\yoo\Default\b61d633c6f7beec5301d9f48ffb87909.bundle,827386,True,True,6873
4037,assets_game_rawassets_spine_hero_hero_021h.bundle,assets_game_rawassets_spine_hero_hero_021h.bundle,d2a9c11bccdc82a28d04a0a9e0f9bfbb.bundle,d2a9c11bccdc82a28d04a0a9e0f9bfbb,9d02b4f8,392133,resources\assets\yoo\Default\d2a9c11bccdc82a28d04a0a9e0f9bfbb.bundle,392133,True,True,6873
4072,assets_game_rawassets_spine_hero_hero_037.bundle,assets_game_rawassets_spine_hero_hero_037.bundle,ed9ef197112360ff1817ab167293357b.bundle,ed9ef197112360ff1817ab167293357b,35fc47c9,467354,resources\assets\yoo\Default\ed9ef197112360ff1817ab167293357b.bundle,467354,True,True,6873
4075,assets_game_rawassets_spine_hero_hero_037_t01.bundle,assets_game_rawassets_spine_hero_hero_037_t01.bundle,3acf176471f9458049d0fc1cfc92de50.bundle,3acf176471f9458049d0fc1cfc92de50,2f073bd8,6801766,resources\assets\yoo\Default\3acf176471f9458049d0fc1cfc92de50.bundle,6801766,True,True,6873
4201,assets_game_rawassets_spine_heroq_hero_012q.bundle,assets_game_rawassets_spine_heroq_hero_012q.bundle,e6c5ac53ce4514c81bddb0d9e2a0edd4.bundle,e6c5ac53ce4514c81bddb0d9e2a0edd4,33b928a2,391413,resources\assets\yoo\Default\e6c5ac53ce4514c81bddb0d9e2a0edd4.bundle,391413,True,True,6873
4224,assets_game_rawassets_spine_heroq_hero_021q.bundle,assets_game_rawassets_spine_heroq_hero_021q.bundle,21e53c68ff1e1abc02e95ccb18bc09fe.bundle,21e53c68ff1e1abc02e95ccb18bc09fe,58ce6d2a,219344,resources\assets\yoo\Default\21e53c68ff1e1abc02e95ccb18bc09fe.bundle,219344,True,True,6873
4225,assets_game_rawassets_spine_heroq_hero_021q_hero_021q_shadow.bundle,assets_game_rawassets_spine_heroq_hero_021q_hero_021q_shadow.bundle,ba1281e0d50b660c5908eccf1fceb21b.bundle,ba1281e0d50b660c5908eccf1fceb21b,b75ea61a,152468,resources\assets\yoo\Default\ba1281e0d50b660c5908eccf1fceb21b.bundle,152468,True,True,6873
4234,assets_game_rawassets_spine_heroq_hero_026q.bundle,assets_game_rawassets_spine_heroq_hero_026q.bundle,10820497425fdd49aeecc19c67541eb8.bundle,10820497425fdd49aeecc19c67541eb8,f613aa36,201537,resources\assets\yoo\Default\10820497425fdd49aeecc19c67541eb8.bundle,201537,True,True,6873
4235,assets_game_rawassets_spine_heroq_hero_026q_hero_026q_shadow.bundle,assets_game_rawassets_spine_heroq_hero_026q_hero_026q_shadow.bundle,a36f8cac39d96661c2638bb2746ec970.bundle,a36f8cac39d96661c2638bb2746ec970,1acd6b97,161701,resources\assets\yoo\Default\a36f8cac39d96661c2638bb2746ec970.bundle,161701,True,True,6873
4255,assets_game_rawassets_spine_heroq_hero_037q.bundle,assets_game_rawassets_spine_heroq_hero_037q.bundle,fd30bae6aca1a49b90ddb78af8e840d6.bundle,fd30bae6aca1a49b90ddb78af8e840d6,6dce3619,203492,resources\assets\yoo\Default\fd30bae6aca1a49b90ddb78af8e840d6.bundle,203492,True,True,6873
4256,assets_game_rawassets_spine_heroq_hero_037q_hero_037q_shadow.bundle,assets_game_rawassets_spine_heroq_hero_037q_hero_037q_shadow.bundle,e02cbf5cb7d4c2a86236e30a00a9f292.bundle,e02cbf5cb7d4c2a86236e30a00a9f292,296f84a0,195842,resources\assets\yoo\Default\e02cbf5cb7d4c2a86236e30a00a9f292.bundle,195842,True,True,6873
4324,assets_game_rawassets_spine_monsterq_monster_001q.bundle,assets_game_rawassets_spine_monsterq_monster_001q.bundle,0c552c7c0c1eb480149466e789630acb.bundle,0c552c7c0c1eb480149466e789630acb,b64ed928,58691,resources\assets\yoo\Default\0c552c7c0c1eb480149466e789630acb.bundle,58691,True,True,6873
4325,assets_game_rawassets_spine_monsterq_monster_001q_monster_001q_shadow.bundle,assets_game_rawassets_spine_monsterq_monster_001q_monster_001q_shadow.bundle,6062a59a7c6c7f1c7dafa4c4ec361432.bundle,6062a59a7c6c7f1c7dafa4c4ec361432,3be688b1,179642,resources\assets\yoo\Default\6062a59a7c6c7f1c7dafa4c4ec361432.bundle,179642,True,True,6873
4326,assets_game_rawassets_spine_monsterq_monster_002q.bundle,assets_game_rawassets_spine_monsterq_monster_002q.bundle,66b085b814353273ff493c27c65555e3.bundle,66b085b814353273ff493c27c65555e3,a9f70140,285553,resources\assets\yoo\Default\66b085b814353273ff493c27c65555e3.bundle,285553,True,True,6873
4327,assets_game_rawassets_spine_monsterq_monster_002q_monster_002q_shadow.bundle,assets_game_rawassets_spine_monsterq_monster_002q_monster_002q_shadow.bundle,0e17667d9fe32b4d7e5089b9e88ccc94.bundle,0e17667d9fe32b4d7e5089b9e88ccc94,4d918c8b,182097,resources\assets\yoo\Default\0e17667d9fe32b4d7e5089b9e88ccc94.bundle,182097,True,True,6873
4328,assets_game_rawassets_spine_monsterq_monster_003q.bundle,assets_game_rawassets_spine_monsterq_monster_003q.bundle,b0494f0c84094d5a4c42904e2a7c0eaf.bundle,b0494f0c84094d5a4c42904e2a7c0eaf,8800bb12,73953,resources\assets\yoo\Default\b0494f0c84094d5a4c42904e2a7c0eaf.bundle,73953,True,True,6873
4329,assets_game_rawassets_spine_monsterq_monster_003q_monster_003q_shadow.bundle,assets_game_rawassets_spine_monsterq_monster_003q_monster_003q_shadow.bundle,0bcc4da62515a79e1155dcc2ffadc493.bundle,0bcc4da62515a79e1155dcc2ffadc493,82504851,139513,resources\assets\yoo\Default\0bcc4da62515a79e1155dcc2ffadc493.bundle,139513,True,True,6873
4350,assets_game_rawassets_spine_monsterq_monster_015q.bundle,assets_game_rawassets_spine_monsterq_monster_015q.bundle,ea2c266fbcf64753595663c75fe96845.bundle,ea2c266fbcf64753595663c75fe96845,72fd7b67,151761,resources\assets\yoo\Default\ea2c266fbcf64753595663c75fe96845.bundle,151761,True,True,6873
4358,assets_game_rawassets_spine_monsterq_monster_021q.bundle,assets_game_rawassets_spine_monsterq_monster_021q.bundle,10a996a3e776fd5aae56db475e049e42.bundle,10a996a3e776fd5aae56db475e049e42,07741236,367454,resources\assets\yoo\Default\10a996a3e776fd5aae56db475e049e42.bundle,367454,True,True,6873
4368,assets_game_rawassets_spine_other_hero_037q.bundle,assets_game_rawassets_spine_other_hero_037q.bundle,a1cbfa58b860bad4c45b8fba455dee6a.bundle,a1cbfa58b860bad4c45b8fba455dee6a,1c604f7f,203535,resources\assets\yoo\Default\a1cbfa58b860bad4c45b8fba455dee6a.bundle,203535,True,True,6873
4369,assets_game_rawassets_spine_other_jiantou_01.bundle,assets_game_rawassets_spine_other_jiantou_01.bundle,2e3df696605d5fa957ef65281beb54aa.bundle,2e3df696605d5fa957ef65281beb54aa,a2d576c7,7655,resources\assets\yoo\Default\2e3df696605d5fa957ef65281beb54aa.bundle,7655,True,True,6873
4415,assets_game_rawassets_spine_slug_slug_026q.bundle,assets_game_rawassets_spine_slug_slug_026q.bundle,35bb195678e6173c8d3dd94bce51461c.bundle,35bb195678e6173c8d3dd94bce51461c,0f040103,131965,resources\assets\yoo\Default\35bb195678e6173c8d3dd94bce51461c.bundle,131965,True,True,6873
4418,assets_game_rawassets_spine_slug_slug_037q.bundle,assets_game_rawassets_spine_slug_slug_037q.bundle,ab8227019a57e4d76e3988ed485683e2.bundle,ab8227019a57e4d76e3988ed485683e2,64cbfb32,41143,resources\assets\yoo\Default\ab8227019a57e4d76e3988ed485683e2.bundle,41143,True,True,6873
4445,assets_game_rawassets_spinetouchcfg_hero_037_t01.bundle,assets_game_rawassets_spinetouchcfg_hero_037_t01.bundle,07bdf537aac3b34916a1527c94f455d2.bundle,07bdf537aac3b34916a1527c94f455d2,e59b3f66,5483,resources\assets\yoo\Default\07bdf537aac3b34916a1527c94f455d2.bundle,5483,True,True,7|2270|4208|5015|5695|6010|6146|6616|6625|6626|6629|6630|6636|6637|6647|6648|6743|6748|6752|6786|6833|6840|6873
4446,assets_game_rawassets_spinetouchcfg_hero_037_t01_teach.bundle,assets_game_rawassets_spinetouchcfg_hero_037_t01_teach.bundle,e8c7c543cc96bd06138f6176c49c8685.bundle,e8c7c543cc96bd06138f6176c49c8685,2415dc21,2823,resources\assets\yoo\Default\e8c7c543cc96bd06138f6176c49c8685.bundle,2823,True,True,7|75|2270|2271|4208|4578|5015|5695|6010|6146|6616|6625|6626|6629|6630|6636|6637|6640|6647|6648|6743|6748|6752|6786|6833|6840|6873
4690,assets_game_rawassets_sprite_activity_icon.bundle,assets_game_rawassets_sprite_activity_icon.bundle,1466fced391afbb3e59d908e52cee9e0.bundle,1466fced391afbb3e59d908e52cee9e0,484acdfc,200591,resources\assets\yoo\Default\1466fced391afbb3e59d908e52cee9e0.bundle,200591,True,True,
4894,assets_game_rawassets_sprite_background_activity_a17_bg_01.bundle,assets_game_rawassets_sprite_background_activity_a17_bg_01.bundle,9f59495a5e4845bf66b3daf5fa03f3c7.bundle,9f59495a5e4845bf66b3daf5fa03f3c7,f468df0b,445981,resources\assets\yoo\Default\9f59495a5e4845bf66b3daf5fa03f3c7.bundle,445981,True,True,
4947,assets_game_rawassets_sprite_background_announcement_bg_02.bundle,assets_game_rawassets_sprite_background_announcement_bg_02.bundle,125d1c352254556c8e24518c86749f9e.bundle,125d1c352254556c8e24518c86749f9e,6971ac4a,38999,resources\assets\yoo\Default\125d1c352254556c8e24518c86749f9e.bundle,38999,True,True,
5027,assets_game_rawassets_sprite_background_comic_101.bundle,assets_game_rawassets_sprite_background_comic_101.bundle,489e078a9985e6cabf6bb10af474c736.bundle,489e078a9985e6cabf6bb10af474c736,3cf998ea,2378983,resources\assets\yoo\Default\489e078a9985e6cabf6bb10af474c736.bundle,2378983,True,True,
5028,assets_game_rawassets_sprite_background_comic_102.bundle,assets_game_rawassets_sprite_background_comic_102.bundle,b3e8fe7a262bacb53c03feffa35ae331.bundle,b3e8fe7a262bacb53c03feffa35ae331,f085da2a,2354737,resources\assets\yoo\Default\b3e8fe7a262bacb53c03feffa35ae331.bundle,2354737,True,True,
5029,assets_game_rawassets_sprite_background_comic_103.bundle,assets_game_rawassets_sprite_background_comic_103.bundle,12d688f190e439af2110ad1f5bc8cce4.bundle,12d688f190e439af2110ad1f5bc8cce4,1bd9c6b3,3494160,resources\assets\yoo\Default\12d688f190e439af2110ad1f5bc8cce4.bundle,3494160,True,True,
5030,assets_game_rawassets_sprite_background_comic_104.bundle,assets_game_rawassets_sprite_background_comic_104.bundle,8d121947e6b91edafa9205d52d810041.bundle,8d121947e6b91edafa9205d52d810041,d7632869,3234717,resources\assets\yoo\Default\8d121947e6b91edafa9205d52d810041.bundle,3234717,True,True,
5031,assets_game_rawassets_sprite_background_comic_105.bundle,assets_game_rawassets_sprite_background_comic_105.bundle,c5ca03783fe33e43c9b85f61ab8a41c9.bundle,c5ca03783fe33e43c9b85f61ab8a41c9,5ec353d0,3026861,resources\assets\yoo\Default\c5ca03783fe33e43c9b85f61ab8a41c9.bundle,3026861,True,True,
5032,assets_game_rawassets_sprite_background_comic_106.bundle,assets_game_rawassets_sprite_background_comic_106.bundle,5884dd449829d1d62a200d66aa3d8077.bundle,5884dd449829d1d62a200d66aa3d8077,764216d7,2556198,resources\assets\yoo\Default\5884dd449829d1d62a200d66aa3d8077.bundle,2556198,True,True,
5033,assets_game_rawassets_sprite_background_comic_107.bundle,assets_game_rawassets_sprite_background_comic_107.bundle,9a6e7b84c835ff62049bb65a662c859f.bundle,9a6e7b84c835ff62049bb65a662c859f,26db1e8d,2067342,resources\assets\yoo\Default\9a6e7b84c835ff62049bb65a662c859f.bundle,2067342,True,True,
5034,assets_game_rawassets_sprite_background_comic_108.bundle,assets_game_rawassets_sprite_background_comic_108.bundle,80269d0e157e00029053d7ba115b9b57.bundle,80269d0e157e00029053d7ba115b9b57,c869610d,3061040,resources\assets\yoo\Default\80269d0e157e00029053d7ba115b9b57.bundle,3061040,True,True,
5035,assets_game_rawassets_sprite_background_comic_left.bundle,assets_game_rawassets_sprite_background_comic_left.bundle,4e222bd958930baa696fd64823803560.bundle,4e222bd958930baa696fd64823803560,0844c1aa,16396,resources\assets\yoo\Default\4e222bd958930baa696fd64823803560.bundle,16396,True,True,
5036,assets_game_rawassets_sprite_background_comic_right.bundle,assets_game_rawassets_sprite_background_comic_right.bundle,7e0eabae8c4892ba86d2199030c830fe.bundle,7e0eabae8c4892ba86d2199030c830fe,3b95a036,17591,resources\assets\yoo\Default\7e0eabae8c4892ba86d2199030c830fe.bundle,17591,True,True,
5040,assets_game_rawassets_sprite_background_common_bg_02.bundle,assets_game_rawassets_sprite_background_common_bg_02.bundle,c7bc9aee6ed15ec3abe9b7000809c1ad.bundle,c7bc9aee6ed15ec3abe9b7000809c1ad,6aa0accf,11718,resources\assets\yoo\Default\c7bc9aee6ed15ec3abe9b7000809c1ad.bundle,11718,True,True,
5041,assets_game_rawassets_sprite_background_common_bg_03.bundle,assets_game_rawassets_sprite_background_common_bg_03.bundle,bb11902dbcc9ffec46423a368d36a6f5.bundle,bb11902dbcc9ffec46423a368d36a6f5,c57e7da5,11890,resources\assets\yoo\Default\bb11902dbcc9ffec46423a368d36a6f5.bundle,11890,True,True,
5045,assets_game_rawassets_sprite_background_common_bg_07.bundle,assets_game_rawassets_sprite_background_common_bg_07.bundle,134c6b09a037418ea9b7807ca337929e.bundle,134c6b09a037418ea9b7807ca337929e,5d856851,15267,resources\assets\yoo\Default\134c6b09a037418ea9b7807ca337929e.bundle,15267,True,True,
5148,assets_game_rawassets_sprite_background_hero_img_138.bundle,assets_game_rawassets_sprite_background_hero_img_138.bundle,9e771a053d670154a04b940828cd1ed5.bundle,9e771a053d670154a04b940828cd1ed5,88564553,46399,resources\assets\yoo\Default\9e771a053d670154a04b940828cd1ed5.bundle,46399,True,True,
5154,assets_game_rawassets_sprite_background_illustration_bg_2.bundle,assets_game_rawassets_sprite_background_illustration_bg_2.bundle,3044e169d2d31219bd8c93069b5c8b6a.bundle,3044e169d2d31219bd8c93069b5c8b6a,bb098a46,471113,resources\assets\yoo\Default\3044e169d2d31219bd8c93069b5c8b6a.bundle,471113,True,True,
5163,assets_game_rawassets_sprite_background_loading_bg_01.bundle,assets_game_rawassets_sprite_background_loading_bg_01.bundle,8a5fac502f72842c7f473e5d601f5ad4.bundle,8a5fac502f72842c7f473e5d601f5ad4,2f4dd785,505197,resources\assets\yoo\Default\8a5fac502f72842c7f473e5d601f5ad4.bundle,505197,True,True,
5164,assets_game_rawassets_sprite_background_loading_bg_01h.bundle,assets_game_rawassets_sprite_background_loading_bg_01h.bundle,4173d54e070db7f05264a571ed669340.bundle,4173d54e070db7f05264a571ed669340,b20b3181,505208,resources\assets\yoo\Default\4173d54e070db7f05264a571ed669340.bundle,505208,True,True,
5165,assets_game_rawassets_sprite_background_login_bg_01.bundle,assets_game_rawassets_sprite_background_login_bg_01.bundle,647bb3f8d07da0f5cd3a427cfe667d46.bundle,647bb3f8d07da0f5cd3a427cfe667d46,424737ad,545806,resources\assets\yoo\Default\647bb3f8d07da0f5cd3a427cfe667d46.bundle,545806,True,True,
5179,assets_game_rawassets_sprite_background_mainui_bg_01.bundle,assets_game_rawassets_sprite_background_mainui_bg_01.bundle,49b67212a5ba7c5e4687eac6a8a4be81.bundle,49b67212a5ba7c5e4687eac6a8a4be81,bb7e634f,531434,resources\assets\yoo\Default\49b67212a5ba7c5e4687eac6a8a4be81.bundle,531434,True,True,
5265,assets_game_rawassets_sprite_background_story_bg_01.bundle,assets_game_rawassets_sprite_background_story_bg_01.bundle,5e68b72b0ae4ab87561200b5c2cd3fe4.bundle,5e68b72b0ae4ab87561200b5c2cd3fe4,134d8a61,1150334,resources\assets\yoo\Default\5e68b72b0ae4ab87561200b5c2cd3fe4.bundle,1150334,True,True,
5266,assets_game_rawassets_sprite_background_story_bg_02.bundle,assets_game_rawassets_sprite_background_story_bg_02.bundle,bf4701484fbdf1717e917471966815ce.bundle,bf4701484fbdf1717e917471966815ce,6f0348bc,533394,resources\assets\yoo\Default\bf4701484fbdf1717e917471966815ce.bundle,533394,True,True,
5274,assets_game_rawassets_sprite_background_story_bg_10.bundle,assets_game_rawassets_sprite_background_story_bg_10.bundle,5f4ef493345cd7f582cfa02e04ac7f4f.bundle,5f4ef493345cd7f582cfa02e04ac7f4f,b2cacf54,3455918,resources\assets\yoo\Default\5f4ef493345cd7f582cfa02e04ac7f4f.bundle,3455918,True,True,
5275,assets_game_rawassets_sprite_background_story_bg_11.bundle,assets_game_rawassets_sprite_background_story_bg_11.bundle,4bcf599c0469d0dd8f91c412be02edfb.bundle,4bcf599c0469d0dd8f91c412be02edfb,2ed71343,3225171,resources\assets\yoo\Default\4bcf599c0469d0dd8f91c412be02edfb.bundle,3225171,True,True,
5276,assets_game_rawassets_sprite_background_story_bg_12.bundle,assets_game_rawassets_sprite_background_story_bg_12.bundle,fb7f3634544d2997329d5864df1047cd.bundle,fb7f3634544d2997329d5864df1047cd,bcb8c2d6,2601489,resources\assets\yoo\Default\fb7f3634544d2997329d5864df1047cd.bundle,2601489,True,True,
5277,assets_game_rawassets_sprite_background_story_bg_13.bundle,assets_game_rawassets_sprite_background_story_bg_13.bundle,1c35015de38ac5cc1ed2dc01705585df.bundle,1c35015de38ac5cc1ed2dc01705585df,e7d51480,1891873,resources\assets\yoo\Default\1c35015de38ac5cc1ed2dc01705585df.bundle,1891873,True,True,
5279,assets_game_rawassets_sprite_background_story_bg_14.bundle,assets_game_rawassets_sprite_background_story_bg_14.bundle,10727911c66d30b67bf5b43dcf6db09f.bundle,10727911c66d30b67bf5b43dcf6db09f,d5e5b35d,2668074,resources\assets\yoo\Default\10727911c66d30b67bf5b43dcf6db09f.bundle,2668074,True,True,
5301,assets_game_rawassets_sprite_battle.bundle,assets_game_rawassets_sprite_battle.bundle,e44f90bfa61131bce038b38345cfe380.bundle,e44f90bfa61131bce038b38345cfe380,3d43d452,413959,resources\assets\yoo\Default\e44f90bfa61131bce038b38345cfe380.bundle,413959,True,True,
5302,assets_game_rawassets_sprite_battle_battle_img_14.bundle,assets_game_rawassets_sprite_battle_battle_img_14.bundle,43e219a4913d87734ec9c651bd6632d8.bundle,43e219a4913d87734ec9c651bd6632d8,b006feb2,8151,resources\assets\yoo\Default\43e219a4913d87734ec9c651bd6632d8.bundle,8151,True,True,
5303,assets_game_rawassets_sprite_battle_battle_img_20.bundle,assets_game_rawassets_sprite_battle_battle_img_20.bundle,15de087d33c772517b487b8dff3c5982.bundle,15de087d33c772517b487b8dff3c5982,6ac8c082,310127,resources\assets\yoo\Default\15de087d33c772517b487b8dff3c5982.bundle,310127,True,True,
5304,assets_game_rawassets_sprite_battle_battle_img_20a.bundle,assets_game_rawassets_sprite_battle_battle_img_20a.bundle,102ab00e34bc7dd8d47fe99e698b272a.bundle,102ab00e34bc7dd8d47fe99e698b272a,2e2de580,227743,resources\assets\yoo\Default\102ab00e34bc7dd8d47fe99e698b272a.bundle,227743,True,True,
5305,assets_game_rawassets_sprite_battle_battle_img_20d.bundle,assets_game_rawassets_sprite_battle_battle_img_20d.bundle,f87cc7e56deb535a05e530eb519d82c6.bundle,f87cc7e56deb535a05e530eb519d82c6,e380396b,160991,resources\assets\yoo\Default\f87cc7e56deb535a05e530eb519d82c6.bundle,160991,True,True,
5306,assets_game_rawassets_sprite_battle_battle_img_20e.bundle,assets_game_rawassets_sprite_battle_battle_img_20e.bundle,7ac7aa340572a2a1e05ac7e1da444093.bundle,7ac7aa340572a2a1e05ac7e1da444093,c79d164e,215143,resources\assets\yoo\Default\7ac7aa340572a2a1e05ac7e1da444093.bundle,215143,True,True,
5309,assets_game_rawassets_sprite_battle_battle_img_23.bundle,assets_game_rawassets_sprite_battle_battle_img_23.bundle,bc790ddb28323fdd869eccb58555e89f.bundle,bc790ddb28323fdd869eccb58555e89f,2f0f79fa,4629,resources\assets\yoo\Default\bc790ddb28323fdd869eccb58555e89f.bundle,4629,True,True,
5310,assets_game_rawassets_sprite_battle_battle_img_24.bundle,assets_game_rawassets_sprite_battle_battle_img_24.bundle,ad8a260421d5b09b9db25a6bc7b82c73.bundle,ad8a260421d5b09b9db25a6bc7b82c73,f41d5769,4475,resources\assets\yoo\Default\ad8a260421d5b09b9db25a6bc7b82c73.bundle,4475,True,True,
5312,assets_game_rawassets_sprite_battle_battle_img_40.bundle,assets_game_rawassets_sprite_battle_battle_img_40.bundle,1c7d4ea0d6f0ef0d74fec0d96af521bd.bundle,1c7d4ea0d6f0ef0d74fec0d96af521bd,9af2d5ce,4468,resources\assets\yoo\Default\1c7d4ea0d6f0ef0d74fec0d96af521bd.bundle,4468,True,True,
5314,assets_game_rawassets_sprite_battle_battle_imglose_03_3.bundle,assets_game_rawassets_sprite_battle_battle_imglose_03_3.bundle,4a439e70c0efaa9e82e544a7edb317b2.bundle,4a439e70c0efaa9e82e544a7edb317b2,066ccb84,46045,resources\assets\yoo\Default\4a439e70c0efaa9e82e544a7edb317b2.bundle,46045,True,True,
5315,assets_game_rawassets_sprite_battle_battle_imglose_05.bundle,assets_game_rawassets_sprite_battle_battle_imglose_05.bundle,4e1654b8b5a2f999897c846dff4eaef8.bundle,4e1654b8b5a2f999897c846dff4eaef8,e13b3b69,29953,resources\assets\yoo\Default\4e1654b8b5a2f999897c846dff4eaef8.bundle,29953,True,True,
5316,assets_game_rawassets_sprite_battle_battle_imglose_06.bundle,assets_game_rawassets_sprite_battle_battle_imglose_06.bundle,e09b122e36e4cb6b70d7a935e892428a.bundle,e09b122e36e4cb6b70d7a935e892428a,cee3088f,97809,resources\assets\yoo\Default\e09b122e36e4cb6b70d7a935e892428a.bundle,97809,True,True,
5317,assets_game_rawassets_sprite_battle_battle_imgwin_03_3.bundle,assets_game_rawassets_sprite_battle_battle_imgwin_03_3.bundle,9d71a3343dd5b1f6813dce08ba805154.bundle,9d71a3343dd5b1f6813dce08ba805154,7f55a296,32577,resources\assets\yoo\Default\9d71a3343dd5b1f6813dce08ba805154.bundle,32577,True,True,
5318,assets_game_rawassets_sprite_battle_battle_imgwin_05.bundle,assets_game_rawassets_sprite_battle_battle_imgwin_05.bundle,75dffd7a845b383316c3af5525f43d8c.bundle,75dffd7a845b383316c3af5525f43d8c,4acc51f6,25450,resources\assets\yoo\Default\75dffd7a845b383316c3af5525f43d8c.bundle,25450,True,True,
5319,assets_game_rawassets_sprite_battle_battle_imgwin_06.bundle,assets_game_rawassets_sprite_battle_battle_imgwin_06.bundle,51bddfb2981994bfd47cafd7dc443c2c.bundle,51bddfb2981994bfd47cafd7dc443c2c,617f956c,63868,resources\assets\yoo\Default\51bddfb2981994bfd47cafd7dc443c2c.bundle,63868,True,True,
5320,assets_game_rawassets_sprite_battle_battleui.bundle,assets_game_rawassets_sprite_battle_battleui.bundle,3f0c8fa750adc3466d6217e09fbceb8a.bundle,3f0c8fa750adc3466d6217e09fbceb8a,7b38f1fb,26571,resources\assets\yoo\Default\3f0c8fa750adc3466d6217e09fbceb8a.bundle,26571,True,True,
5322,assets_game_rawassets_sprite_battle_bufficon.bundle,assets_game_rawassets_sprite_battle_bufficon.bundle,16370f00a5e02709a75ee1ad63ae8dee.bundle,16370f00a5e02709a75ee1ad63ae8dee,89dcca35,199625,resources\assets\yoo\Default\16370f00a5e02709a75ee1ad63ae8dee.bundle,199625,True,True,
5342,assets_game_rawassets_sprite_changetoother.bundle,assets_game_rawassets_sprite_changetoother.bundle,579be1c921f7704804687d93b5bf6ceb.bundle,579be1c921f7704804687d93b5bf6ceb,e2b7dc88,191290,resources\assets\yoo\Default\579be1c921f7704804687d93b5bf6ceb.bundle,191290,True,True,
5343,assets_game_rawassets_sprite_changetoother_img_cto_clock07.bundle,assets_game_rawassets_sprite_changetoother_img_cto_clock07.bundle,d4d40906376ced0a553775fa259b1068.bundle,d4d40906376ced0a553775fa259b1068,a6f8caa6,32636,resources\assets\yoo\Default\d4d40906376ced0a553775fa259b1068.bundle,32636,True,True,
5345,assets_game_rawassets_sprite_changetoother_img_cto_clock07b.bundle,assets_game_rawassets_sprite_changetoother_img_cto_clock07b.bundle,d09d6917cad7d8cd8cffc2716302697f.bundle,d09d6917cad7d8cd8cffc2716302697f,ea9bd79c,38129,resources\assets\yoo\Default\d09d6917cad7d8cd8cffc2716302697f.bundle,38129,True,True,
5346,assets_game_rawassets_sprite_changetoother_img_cto_clock07c.bundle,assets_game_rawassets_sprite_changetoother_img_cto_clock07c.bundle,e8445e7d9839d459774f70b3001f5d2f.bundle,e8445e7d9839d459774f70b3001f5d2f,fa935b14,19826,resources\assets\yoo\Default\e8445e7d9839d459774f70b3001f5d2f.bundle,19826,True,True,
5347,assets_game_rawassets_sprite_changetoother_img_cto_clock08.bundle,assets_game_rawassets_sprite_changetoother_img_cto_clock08.bundle,75b8d96e1a21fec468f26afb2a94b7c8.bundle,75b8d96e1a21fec468f26afb2a94b7c8,25c20cc1,105241,resources\assets\yoo\Default\75b8d96e1a21fec468f26afb2a94b7c8.bundle,105241,True,True,
5348,assets_game_rawassets_sprite_changetoother_img_cto_clock09.bundle,assets_game_rawassets_sprite_changetoother_img_cto_clock09.bundle,a0cb00756e1d4651fae2b77a3801b23b.bundle,a0cb00756e1d4651fae2b77a3801b23b,75333a1a,85297,resources\assets\yoo\Default\a0cb00756e1d4651fae2b77a3801b23b.bundle,85297,True,True,
5349,assets_game_rawassets_sprite_changetoother_img_cto_clock10.bundle,assets_game_rawassets_sprite_changetoother_img_cto_clock10.bundle,73310531778bafcde0ba4b4630e51c41.bundle,73310531778bafcde0ba4b4630e51c41,81768cc6,53553,resources\assets\yoo\Default\73310531778bafcde0ba4b4630e51c41.bundle,53553,True,True,
5350,assets_game_rawassets_sprite_changetoother_img_cto_clock11.bundle,assets_game_rawassets_sprite_changetoother_img_cto_clock11.bundle,943349f85567ee49c24f532d06c654eb.bundle,943349f85567ee49c24f532d06c654eb,7bae1532,48058,resources\assets\yoo\Default\943349f85567ee49c24f532d06c654eb.bundle,48058,True,True,
5351,assets_game_rawassets_sprite_changetoother_img_cto_clock13.bundle,assets_game_rawassets_sprite_changetoother_img_cto_clock13.bundle,381adbc6e664a94b69021ea88fb0e7aa.bundle,381adbc6e664a94b69021ea88fb0e7aa,2b9c38b6,63738,resources\assets\yoo\Default\381adbc6e664a94b69021ea88fb0e7aa.bundle,63738,True,True,
5352,assets_game_rawassets_sprite_changetoother_img_cto_clock14.bundle,assets_game_rawassets_sprite_changetoother_img_cto_clock14.bundle,5c4aa547f7e0d325196c1445224edf7f.bundle,5c4aa547f7e0d325196c1445224edf7f,ae9b5757,49211,resources\assets\yoo\Default\5c4aa547f7e0d325196c1445224edf7f.bundle,49211,True,True,
5353,assets_game_rawassets_sprite_changetoother_img_cto_dark.bundle,assets_game_rawassets_sprite_changetoother_img_cto_dark.bundle,e46b084e20e7fe516cb44bb100fe9a5c.bundle,e46b084e20e7fe516cb44bb100fe9a5c,3eee762a,216074,resources\assets\yoo\Default\e46b084e20e7fe516cb44bb100fe9a5c.bundle,216074,True,True,
5354,assets_game_rawassets_sprite_changetoother_img_cto_di.bundle,assets_game_rawassets_sprite_changetoother_img_cto_di.bundle,144ef73aa43f0e0531726dd68e92a446.bundle,144ef73aa43f0e0531726dd68e92a446,ebde8d7a,103071,resources\assets\yoo\Default\144ef73aa43f0e0531726dd68e92a446.bundle,103071,True,True,
5357,assets_game_rawassets_sprite_changetoother_img_cto_light1.bundle,assets_game_rawassets_sprite_changetoother_img_cto_light1.bundle,0567d5a4db425595ffef71ee4852cc36.bundle,0567d5a4db425595ffef71ee4852cc36,c571e375,178131,resources\assets\yoo\Default\0567d5a4db425595ffef71ee4852cc36.bundle,178131,True,True,
5358,assets_game_rawassets_sprite_changetoother_img_cto_light2.bundle,assets_game_rawassets_sprite_changetoother_img_cto_light2.bundle,5371b30d38d5f2a4f069e56df678dc0a.bundle,5371b30d38d5f2a4f069e56df678dc0a,4b27cccb,33583,resources\assets\yoo\Default\5371b30d38d5f2a4f069e56df678dc0a.bundle,33583,True,True,
5367,assets_game_rawassets_sprite_common.bundle,assets_game_rawassets_sprite_common.bundle,a06093a283eeef9c3a67926e932b542b.bundle,a06093a283eeef9c3a67926e932b542b,b2f4e2b1,1245583,resources\assets\yoo\Default\a06093a283eeef9c3a67926e932b542b.bundle,1245583,True,True,
5489,assets_game_rawassets_sprite_expedition.bundle,assets_game_rawassets_sprite_expedition.bundle,4f27a81fa17a9b104a9f70086663109d.bundle,4f27a81fa17a9b104a9f70086663109d,83034b08,154529,resources\assets\yoo\Default\4f27a81fa17a9b104a9f70086663109d.bundle,154529,True,True,
5562,assets_game_rawassets_sprite_gal.bundle,assets_game_rawassets_sprite_gal.bundle,9b3005c642f23a035f900e91974d2f1f.bundle,9b3005c642f23a035f900e91974d2f1f,c9d75e70,868292,resources\assets\yoo\Default\9b3005c642f23a035f900e91974d2f1f.bundle,868292,True,True,
5758,assets_game_rawassets_sprite_head_round.bundle,assets_game_rawassets_sprite_head_round.bundle,ed83c7f6493927f7eb32770282eb16b5.bundle,ed83c7f6493927f7eb32770282eb16b5,bb60701e,1403845,resources\assets\yoo\Default\ed83c7f6493927f7eb32770282eb16b5.bundle,1403845,True,True,
5759,assets_game_rawassets_sprite_head_square.bundle,assets_game_rawassets_sprite_head_square.bundle,c891ba87e85bf4a5fb50f9a6b4a17ec4.bundle,c891ba87e85bf4a5fb50f9a6b4a17ec4,3d0d0df7,1421011,resources\assets\yoo\Default\c891ba87e85bf4a5fb50f9a6b4a17ec4.bundle,1421011,True,True,
5760,assets_game_rawassets_sprite_hero.bundle,assets_game_rawassets_sprite_hero.bundle,dd47df4c8590a3b4328f7738890d7a8b.bundle,dd47df4c8590a3b4328f7738890d7a8b,74ae99e2,910985,resources\assets\yoo\Default\dd47df4c8590a3b4328f7738890d7a8b.bundle,910985,True,True,
5769,assets_game_rawassets_sprite_hero_cultivate.bundle,assets_game_rawassets_sprite_hero_cultivate.bundle,1b1c1c8ae975905d020572b444a62209.bundle,1b1c1c8ae975905d020572b444a62209,42962e23,360562,resources\assets\yoo\Default\1b1c1c8ae975905d020572b444a62209.bundle,360562,True,True,
5790,assets_game_rawassets_sprite_hero_hero_img_140.bundle,assets_game_rawassets_sprite_hero_hero_img_140.bundle,c358ab206805e7d20dad92d4bf076239.bundle,c358ab206805e7d20dad92d4bf076239,2f2ac21e,4580,resources\assets\yoo\Default\c358ab206805e7d20dad92d4bf076239.bundle,4580,True,True,
5798,assets_game_rawassets_sprite_hero_hero_img_219.bundle,assets_game_rawassets_sprite_hero_hero_img_219.bundle,cdac970332fe473a649ddf65ae6b4bda.bundle,cdac970332fe473a649ddf65ae6b4bda,a130d063,7449,resources\assets\yoo\Default\cdac970332fe473a649ddf65ae6b4bda.bundle,7449,True,True,
5851,assets_game_rawassets_sprite_item_itemresources.bundle,assets_game_rawassets_sprite_item_itemresources.bundle,aa342d1a31f0f689a337b82f29796699.bundle,aa342d1a31f0f689a337b82f29796699,e9d527d3,8172207,resources\assets\yoo\Default\aa342d1a31f0f689a337b82f29796699.bundle,8172207,True,True,
5856,assets_game_rawassets_sprite_loading.bundle,assets_game_rawassets_sprite_loading.bundle,77ec263894aa7c8dcd892b630e96f0da.bundle,77ec263894aa7c8dcd892b630e96f0da,4d642b3b,7629,resources\assets\yoo\Default\77ec263894aa7c8dcd892b630e96f0da.bundle,7629,True,True,
5857,assets_game_rawassets_sprite_loading_update_img_01.bundle,assets_game_rawassets_sprite_loading_update_img_01.bundle,731b76928a71b2fc932c629a8e5dcfd3.bundle,731b76928a71b2fc932c629a8e5dcfd3,f1dffe19,4335,resources\assets\yoo\Default\731b76928a71b2fc932c629a8e5dcfd3.bundle,4335,True,True,
5858,assets_game_rawassets_sprite_loading_update_img_02.bundle,assets_game_rawassets_sprite_loading_update_img_02.bundle,9b54e8daf0efe98d384e12c1827098db.bundle,9b54e8daf0efe98d384e12c1827098db,b3a58738,5078,resources\assets\yoo\Default\9b54e8daf0efe98d384e12c1827098db.bundle,5078,True,True,
5859,assets_game_rawassets_sprite_login.bundle,assets_game_rawassets_sprite_login.bundle,8cfe4e0148670640e919adc92c841d6c.bundle,8cfe4e0148670640e919adc92c841d6c,01b29688,110432,resources\assets\yoo\Default\8cfe4e0148670640e919adc92c841d6c.bundle,110432,True,True,
5860,assets_game_rawassets_sprite_login_login_img_05.bundle,assets_game_rawassets_sprite_login_login_img_05.bundle,d0fa9cd18f3d4ebd815a161298be989b.bundle,d0fa9cd18f3d4ebd815a161298be989b,76db0e82,30347,resources\assets\yoo\Default\d0fa9cd18f3d4ebd815a161298be989b.bundle,30347,True,True,
5861,assets_game_rawassets_sprite_login_login_txt_01.bundle,assets_game_rawassets_sprite_login_login_txt_01.bundle,2be32ca004b4b19562fb94d55b62e2de.bundle,2be32ca004b4b19562fb94d55b62e2de,ffe87a17,5731,resources\assets\yoo\Default\2be32ca004b4b19562fb94d55b62e2de.bundle,5731,True,True,
5907,assets_game_rawassets_sprite_mainui.bundle,assets_game_rawassets_sprite_mainui.bundle,ffa3b401f54b74b5ba41f31bb1f03c7b.bundle,ffa3b401f54b74b5ba41f31bb1f03c7b,dc6ac220,261250,resources\assets\yoo\Default\ffa3b401f54b74b5ba41f31bb1f03c7b.bundle,261250,True,True,
5909,assets_game_rawassets_sprite_mainui_mainui_img_10.bundle,assets_game_rawassets_sprite_mainui_mainui_img_10.bundle,81efe3519683f820516e21458a06ca24.bundle,81efe3519683f820516e21458a06ca24,49fbe64d,4616,resources\assets\yoo\Default\81efe3519683f820516e21458a06ca24.bundle,4616,True,True,
5911,assets_game_rawassets_sprite_mainui_mainui_img_44.bundle,assets_game_rawassets_sprite_mainui_mainui_img_44.bundle,3d78d7226b4da44d3658d0688e3a5006.bundle,3d78d7226b4da44d3658d0688e3a5006,0852591f,201447,resources\assets\yoo\Default\3d78d7226b4da44d3658d0688e3a5006.bundle,201447,True,True,
6321,assets_game_rawassets_sprite_story.bundle,assets_game_rawassets_sprite_story.bundle,f06839684c0ad8b06f38acef08c311b5.bundle,f06839684c0ad8b06f38acef08c311b5,e27927af,82165,resources\assets\yoo\Default\f06839684c0ad8b06f38acef08c311b5.bundle,82165,True,True,
6392,assets_game_rawassets_sprite_wallpaper.bundle,assets_game_rawassets_sprite_wallpaper.bundle,a0f9bdb7f216af91f5eede331f911d17.bundle,a0f9bdb7f216af91f5eede331f911d17,16b929b8,138848,resources\assets\yoo\Default\a0f9bdb7f216af91f5eede331f911d17.bundle,138848,True,True,
6412,assets_game_rawassets_video_game_start.bundle,assets_game_rawassets_video_game_start.bundle,ebb8050529584672ad314b1fba1f3b9b.bundle,ebb8050529584672ad314b1fba1f3b9b,227696f2,9502058,resources\assets\yoo\Default\ebb8050529584672ad314b1fba1f3b9b.bundle,9502058,True,True,
6438,assets_game_static.bundle,assets_game_static.bundle,324fcda729f678d13d6dea7bf868e1bc.bundle,324fcda729f678d13d6dea7bf868e1bc,cf7b2ff3,3033259,resources\assets\yoo\Default\324fcda729f678d13d6dea7bf868e1bc.bundle,3033259,True,True,
6439,assets_game_static_reddottree.bundle,assets_game_static_reddottree.bundle,d4f0f4146eea1dcc1a3bc2c221446b91.bundle,d4f0f4146eea1dcc1a3bc2c221446b91,f004acb4,12291,resources\assets\yoo\Default\d4f0f4146eea1dcc1a3bc2c221446b91.bundle,12291,True,True,
6440,assets_scene_streamedscenes_afkmap_afkmapscene01.bundle,assets_scene_streamedscenes_afkmap_afkmapscene01.bundle,220d1e586d74b57964535ed389629f66.bundle,220d1e586d74b57964535ed389629f66,bb69bf00,38469,resources\assets\yoo\Default\220d1e586d74b57964535ed389629f66.bundle,38469,True,True,6781|6782|6785|6786|6821|6837|6838|6873
6451,assets_scene_streamedscenes_battlescene_01_gcsb.bundle,assets_scene_streamedscenes_battlescene_01_gcsb.bundle,1282786c01ef41fcb7571d3774da9a8e.bundle,1282786c01ef41fcb7571d3774da9a8e,41a7ffa2,28579,resources\assets\yoo\Default\1282786c01ef41fcb7571d3774da9a8e.bundle,28579,True,True,6650|6651|6652|6653|6658|6659|6661|6736|6743|6748|6843|6867|6868|6869|6870|6871|6872|6873
6474,assets_scene_streamedscenes_mainscene.bundle,assets_scene_streamedscenes_mainscene.bundle,cd1d5d3094e730481814441a7b47f49d.bundle,cd1d5d3094e730481814441a7b47f49d,10ff0b65,4496,resources\assets\yoo\Default\cd1d5d3094e730481814441a7b47f49d.bundle,4496,True,True,
6475,assets_scene_streamedscenes_root.bundle,assets_scene_streamedscenes_root.bundle,598936f246fd5a6a4d02d59f73dafe50.bundle,598936f246fd5a6a4d02d59f73dafe50,4b3897ef,26610,resources\assets\yoo\Default\598936f246fd5a6a4d02d59f73dafe50.bundle,26610,True,True,4|5|6|7|27|4158|4167|4174|4637|5015|5168|5169|5273|5342|5391|5398|5500|5902|5997|6010|6146|6609|6614|6616|6618|6624|6625|6626|6627|6629|6630|6633|6634|6636|6637|6638|6639|6640|6647|6648|6743|6748|6749|6752|6786|6818|6819|6820|6822|6833|6840|6873
6476,share_assets_art_animator.bundle,share_assets_art_animator.bundle,ab7c01fd54f96f48d37c52d2b860d291.bundle,ab7c01fd54f96f48d37c52d2b860d291,13ca422a,307853,resources\assets\yoo\Default\ab7c01fd54f96f48d37c52d2b860d291.bundle,307853,True,True,
6481,share_assets_art_effect_anim.bundle,share_assets_art_effect_anim.bundle,6e3b66d03772d77bfa71141daee12936.bundle,6e3b66d03772d77bfa71141daee12936,c0e759ee,370985,resources\assets\yoo\Default\6e3b66d03772d77bfa71141daee12936.bundle,370985,True,True,
6483,share_assets_art_effect_materials.bundle,share_assets_art_effect_materials.bundle,8532f257e2c3fee0602027efb486883a.bundle,8532f257e2c3fee0602027efb486883a,16fc0364,780171,resources\assets\yoo\Default\8532f257e2c3fee0602027efb486883a.bundle,780171,True,True,7|5015|6010|6146|6625|6626|6629|6630|6636|6637|6647|6648|6743|6748|6752|6786|6833|6840|6873
6485,share_assets_art_effect_model.bundle,share_assets_art_effect_model.bundle,266d23113cbbd4c0681e146733904cf3.bundle,266d23113cbbd4c0681e146733904cf3,2230f469,6326035,resources\assets\yoo\Default\266d23113cbbd4c0681e146733904cf3.bundle,6326035,True,True,6627|6629|6748|6873
6489,share_assets_art_effect_qfx_imagy_vfx_vfx_resources_meshes_vfx.bundle,share_assets_art_effect_qfx_imagy_vfx_vfx_resources_meshes_vfx.bundle,03e98de36205a6af87bbabe34ebdcacd.bundle,03e98de36205a6af87bbabe34ebdcacd,533566aa,50613,resources\assets\yoo\Default\03e98de36205a6af87bbabe34ebdcacd.bundle,50613,True,True,6623|6873
6490,share_assets_art_effect_qfx_imagy_vfx_vfx_resources_meshes_vfx_materials.bundle,share_assets_art_effect_qfx_imagy_vfx_vfx_resources_meshes_vfx_materials.bundle,9c05c26fff730920c86d5659cf1938cc.bundle,9c05c26fff730920c86d5659cf1938cc,f9acc24d,2806,resources\assets\yoo\Default\9c05c26fff730920c86d5659cf1938cc.bundle,2806,True,True,6873
6494,share_assets_art_effect_shader.bundle,share_assets_art_effect_shader.bundle,c961131e1ca0e7d1dc86e02b1999417d.bundle,c961131e1ca0e7d1dc86e02b1999417d,b94faef4,2265,resources\assets\yoo\Default\c961131e1ca0e7d1dc86e02b1999417d.bundle,2265,True,True,6873
6495,share_assets_art_effect_shader_fx_post_mohu+sesan.bundle,share_assets_art_effect_shader_fx_post_mohu+sesan.bundle,1a66b6305cf2b5c4dc37c26c81df86a0.bundle,1a66b6305cf2b5c4dc37c26c81df86a0,0e5893f5,29530,resources\assets\yoo\Default\1a66b6305cf2b5c4dc37c26c81df86a0.bundle,29530,True,True,6873
6496,share_assets_art_effect_texture.bundle,share_assets_art_effect_texture.bundle,c049a0e505dd5a9644368a97ebc81245.bundle,c049a0e505dd5a9644368a97ebc81245,c8bc51a3,43560090,resources\assets\yoo\Default\c049a0e505dd5a9644368a97ebc81245.bundle,43560090,True,True,6873
6500,share_assets_art_effect3d_model.bundle,share_assets_art_effect3d_model.bundle,053be0ede421990cc73b6a91ca36604c.bundle,053be0ede421990cc73b6a91ca36604c,8262f0b4,1724219,resources\assets\yoo\Default\053be0ede421990cc73b6a91ca36604c.bundle,1724219,True,True,6634|6637|6638|6639|6748|6873
6501,share_assets_art_effect3d_model_materials.bundle,share_assets_art_effect3d_model_materials.bundle,64ce93dcda018af15dafeb854f3a29f2.bundle,64ce93dcda018af15dafeb854f3a29f2,76caf579,3272,resources\assets\yoo\Default\64ce93dcda018af15dafeb854f3a29f2.bundle,3272,True,True,6637|6873
6504,share_assets_art_effect3d_texture_common.bundle,share_assets_art_effect3d_texture_common.bundle,5ecf4554717ed89fced96fc2acccaf82.bundle,5ecf4554717ed89fced96fc2acccaf82,7e5f3896,6430697,resources\assets\yoo\Default\5ecf4554717ed89fced96fc2acccaf82.bundle,6430697,True,True,6873
6505,share_assets_art_effect3d_texture_common_materials.bundle,share_assets_art_effect3d_texture_common_materials.bundle,ebaccc3f350fd0ead504ab7247fdadf6.bundle,ebaccc3f350fd0ead504ab7247fdadf6,f7201fa5,17086,resources\assets\yoo\Default\ebaccc3f350fd0ead504ab7247fdadf6.bundle,17086,True,True,6637|6639|6748|6873
6507,share_assets_art_font.bundle,share_assets_art_font.bundle,be8af1d6c0b47aada418b58c69050b52.bundle,be8af1d6c0b47aada418b58c69050b52,72b7707e,21396256,resources\assets\yoo\Default\be8af1d6c0b47aada418b58c69050b52.bundle,21396256,True,True,6873
6508,share_assets_art_material.bundle,share_assets_art_material.bundle,c1cb8bed6e0632693be5481b5395dc0e.bundle,c1cb8bed6e0632693be5481b5395dc0e,340b5c07,3928,resources\assets\yoo\Default\c1cb8bed6e0632693be5481b5395dc0e.bundle,3928,True,True,6637|6833|6873
6515,share_assets_art_model_zhucheng_effect_textures.bundle,share_assets_art_model_zhucheng_effect_textures.bundle,a244b12ca7ff52a92eb698c1ad620604.bundle,a244b12ca7ff52a92eb698c1ad620604,3e0a5b52,149244,resources\assets\yoo\Default\a244b12ca7ff52a92eb698c1ad620604.bundle,149244,True,True,
6516,share_assets_art_rendertexture.bundle,share_assets_art_rendertexture.bundle,7774aa4f1eaff5e691b7bde78ee08240.bundle,7774aa4f1eaff5e691b7bde78ee08240,cee343f6,1741,resources\assets\yoo\Default\7774aa4f1eaff5e691b7bde78ee08240.bundle,1741,True,True,
6517,share_assets_art_scenes_battlescene_01_gcsb_fbx.bundle,share_assets_art_scenes_battlescene_01_gcsb_fbx.bundle,dc0ee154e9d54b289bcad9d68592e87d.bundle,dc0ee154e9d54b289bcad9d68592e87d,229ef757,1648753,resources\assets\yoo\Default\dc0ee154e9d54b289bcad9d68592e87d.bundle,1648753,True,True,6651|6653|6743|6748|6873
6518,share_assets_art_scenes_battlescene_01_gcsb_material.bundle,share_assets_art_scenes_battlescene_01_gcsb_material.bundle,d524bf3a57f2c7cade9e0ac2b0ac1e01.bundle,d524bf3a57f2c7cade9e0ac2b0ac1e01,b3bcb09a,5203,resources\assets\yoo\Default\d524bf3a57f2c7cade9e0ac2b0ac1e01.bundle,5203,True,True,6653|6743|6748|6873
6519,share_assets_art_scenes_battlescene_01_gcsb_post-processing.bundle,share_assets_art_scenes_battlescene_01_gcsb_post-processing.bundle,7cb90f396378a2ba31ab390d59f0cdc3.bundle,7cb90f396378a2ba31ab390d59f0cdc3,0c5fb6f1,5726,resources\assets\yoo\Default\7cb90f396378a2ba31ab390d59f0cdc3.bundle,5726,True,True,
6520,share_assets_art_scenes_battlescene_01_gcsb_tex.bundle,share_assets_art_scenes_battlescene_01_gcsb_tex.bundle,f41f2ce6d8d85434b97721c7941392d2.bundle,f41f2ce6d8d85434b97721c7941392d2,07a7d0b6,2025140,resources\assets\yoo\Default\f41f2ce6d8d85434b97721c7941392d2.bundle,2025140,True,True,
6525,share_assets_art_scenes_battlescene_02_sbcs_fbx.bundle,share_assets_art_scenes_battlescene_02_sbcs_fbx.bundle,0e88d8c228c5815703558dc97bd85d12.bundle,0e88d8c228c5815703558dc97bd85d12,4eed0dc6,584047,resources\assets\yoo\Default\0e88d8c228c5815703558dc97bd85d12.bundle,584047,True,True,6651|6653|6659|6661|6743|6748|6873
6526,share_assets_art_scenes_battlescene_02_sbcs_material.bundle,share_assets_art_scenes_battlescene_02_sbcs_material.bundle,30cf2a2c0600bdd1348a468b8bdfbc5b.bundle,30cf2a2c0600bdd1348a468b8bdfbc5b,212b481c,5071,resources\assets\yoo\Default\30cf2a2c0600bdd1348a468b8bdfbc5b.bundle,5071,True,True,6653|6661|6743|6748|6873
6528,share_assets_art_scenes_battlescene_02_sbcs_tex.bundle,share_assets_art_scenes_battlescene_02_sbcs_tex.bundle,b71d1ca774c615a6142d9ae46832404b.bundle,b71d1ca774c615a6142d9ae46832404b,749ba5f9,1100943,resources\assets\yoo\Default\b71d1ca774c615a6142d9ae46832404b.bundle,1100943,True,True,
6603,share_assets_art_scenes_battlescene_new_01.bundle,share_assets_art_scenes_battlescene_new_01.bundle,0129f265a1b13e745c06f6d3d84e3917.bundle,0129f265a1b13e745c06f6d3d84e3917,d3ed787f,3923,resources\assets\yoo\Default\0129f265a1b13e745c06f6d3d84e3917.bundle,3923,True,True,6873
6604,share_assets_art_scenes_battlescene_new_01_battlescene_01_gcsb_fbx.bundle,share_assets_art_scenes_battlescene_new_01_battlescene_01_gcsb_fbx.bundle,b0a6423d943844e8dc426ff0462ffed6.bundle,b0a6423d943844e8dc426ff0462ffed6,f95f6e54,5591,resources\assets\yoo\Default\b0a6423d943844e8dc426ff0462ffed6.bundle,5591,True,True,6738|6739|6873
6605,share_assets_art_scenes_battlescene_new_01_battlescene_01_gcsb_material.bundle,share_assets_art_scenes_battlescene_new_01_battlescene_01_gcsb_material.bundle,41be2c035e85fd4ef9dac907a26dca90.bundle,41be2c035e85fd4ef9dac907a26dca90,64f77f50,2951,resources\assets\yoo\Default\41be2c035e85fd4ef9dac907a26dca90.bundle,2951,True,True,6739|6873
6606,share_assets_art_scenes_battlescene_new_01_battlescene_01_gcsb_tex.bundle,share_assets_art_scenes_battlescene_new_01_battlescene_01_gcsb_tex.bundle,264a9c156b16192c725af1a56738fef3.bundle,264a9c156b16192c725af1a56738fef3,ffc90e98,892888,resources\assets\yoo\Default\264a9c156b16192c725af1a56738fef3.bundle,892888,True,True,
6607,share_assets_art_scenes_battlescene_new_01_battlescene_02_sbcs_fbx.bundle,share_assets_art_scenes_battlescene_new_01_battlescene_02_sbcs_fbx.bundle,c43c57058bf81d3842c27647ee5b46e7.bundle,c43c57058bf81d3842c27647ee5b46e7,b3e214d0,47238,resources\assets\yoo\Default\c43c57058bf81d3842c27647ee5b46e7.bundle,47238,True,True,6661|6741|6742|6743|6748|6873
6608,share_assets_art_scenes_battlescene_new_01_battlescene_02_sbcs_material.bundle,share_assets_art_scenes_battlescene_new_01_battlescene_02_sbcs_material.bundle,d5212d83612a4373fd6f87df2ef19b2c.bundle,d5212d83612a4373fd6f87df2ef19b2c,69c48367,3770,resources\assets\yoo\Default\d5212d83612a4373fd6f87df2ef19b2c.bundle,3770,True,True,6742|6743|6748|6873
6609,share_assets_art_scenes_battlescene_new_01_battlescene_02_sbcs_tex.bundle,share_assets_art_scenes_battlescene_new_01_battlescene_02_sbcs_tex.bundle,6d561be2bddbda2dea7f1dba8c213e52.bundle,6d561be2bddbda2dea7f1dba8c213e52,bd4874e0,406643,resources\assets\yoo\Default\6d561be2bddbda2dea7f1dba8c213e52.bundle,406643,True,True,
6610,share_assets_art_scenes_battlescene_new_01_cyberpunk_lighteffects_keji_tex.bundle,share_assets_art_scenes_battlescene_new_01_cyberpunk_lighteffects_keji_tex.bundle,35dd602244a801a3f5368d6448a56f7d.bundle,35dd602244a801a3f5368d6448a56f7d,3102906e,37254,resources\assets\yoo\Default\35dd602244a801a3f5368d6448a56f7d.bundle,37254,True,True,
6615,share_assets_art_skill.bundle,share_assets_art_skill.bundle,c9eea8de188f847be96d5c8687efb489.bundle,c9eea8de188f847be96d5c8687efb489,38e0ecc7,30666780,resources\assets\yoo\Default\c9eea8de188f847be96d5c8687efb489.bundle,30666780,True,True,
6616,share_assets_art_skill_materials.bundle,share_assets_art_skill_materials.bundle,8daf2c09d9da4d581cbd7ccde0f3d493.bundle,8daf2c09d9da4d581cbd7ccde0f3d493,35bdba10,439987,resources\assets\yoo\Default\8daf2c09d9da4d581cbd7ccde0f3d493.bundle,439987,True,True,4158|4637|5273|5342|5391|5902|5997|6624|6625|6626|6629|6637|6648|6748|6786|6833|6873
6637,share_assets_art_skill_ui_remnantsstarupview.bundle,share_assets_art_skill_ui_remnantsstarupview.bundle,bea2ed6e81ae37e6ba8e04fb8020d403.bundle,bea2ed6e81ae37e6ba8e04fb8020d403,a9e78605,13005,resources\assets\yoo\Default\bea2ed6e81ae37e6ba8e04fb8020d403.bundle,13005,True,True,6748|6873
